food_code,food_name,energy_kcal,carb_g,protein_g,fat_g,fibre_g,calcium_mg,iron_mg,magnesium_mg,phosphorus_mg,sodium_mg,potassium_mg,zinc_mg,vita_ug,vitb6_mg,vitc_mg,folate_ug,servings_unit,unit_serving_energy_kcal,unit_serving_protein_g,unit_serving_carb_g,unit_serving_fat_g,unit_serving_fibre_g
ASC001,Hot tea (Garam Chai),16.144298553466797,2.5819475650787354,0.3878859877586365,0.5320665240287781,0.0,14.204275131225586,0.021615203469991684,1.035629391670227,11.501187324523926,3.118764638900757,13.945367813110352,0.0410926379263401,0.0,0.004750593565404415,0.23871733248233795,0.856294572353363,tea cup,33.98374938964844,0.8165000081062317,5.434999942779541,1.1200000047683716,0.0
ASC002,Instant coffee,23.155832290649414,3.6533334255218506,0.640666663646698,0.746666669845581,0.0,20.866666793823242,0.060999996960163116,3.633333206176758,18.18666648864746,4.916666507720947,44.5,0.06499999761581421,0.0,0.006799999624490738,0.33500000834465027,1.2450000047683716,tea cup,104.20124816894531,2.882999897003174,16.440000534057617,3.359999895095825,0.0
ASC003,Espreso coffee,51.543373107910156,6.620504856109619,1.7470030784606934,2.1381702423095703,0.0,58.10409927368164,0.14763407409191132,8.574132919311523,50.249210357666016,13.977917671203613,103.86434936523438,0.19148264825344086,0.0,0.019211355596780777,0.9511041045188904,3.48738169670105,tea cup,81.69625091552734,2.7689998149871826,10.493499755859375,3.3889999389648438,0.0
ASC004,Iced tea,10.342187881469727,2.7015624046325684,0.027968749403953552,0.010937499813735485,0.0,1.1796875,0.021406250074505806,0.3906249701976776,0.5843750238418579,0.234375,5.215624809265137,0.007968749850988388,0.0,0.0027343749534338713,1.859375,0.40156251192092896,tall glass,33.095001220703125,0.08949999511241913,8.644999504089355,0.03500000014901161,0.0
ASC005,Raw mango drink (Aam panna),35.91822052001953,9.047467231750488,0.15703445672988892,0.026340782642364502,0.6120251417160034,7.077746868133545,0.13546089828014374,4.248603343963623,3.335195541381836,79.8249740600586,31.452980041503906,0.02901769056916237,0.0,0.025148974731564522,16.87210464477539,5.233556747436523,tall glass,96.44041442871094,0.42163750529289246,24.292449951171875,0.07072500139474869,1.6432875394821167
ASC006,Fruit Punch (with fresh juices),36.116844177246094,9.38059139251709,0.13934893906116486,0.03250204399228096,0.06005493178963661,5.068009376525879,0.10197856277227402,3.1966712474823,10.242497444152832,2.632138252258301,33.43281173706055,0.022566067054867744,0.0,0.014121359214186668,7.612774848937988,4.5140767097473145,tall glass,196.59661865234375,0.758525013923645,51.06184005737305,0.17691999673843384,0.32690000534057617
ASC007,Fruit Punch (with squashes),23.12828254699707,5.989855766296387,0.0723448097705841,0.016838526353240013,0.16822615265846252,3.3008739948272705,0.06147245317697525,1.8843357563018799,9.265067100524902,2.2574801445007324,16.64989471435547,0.011899529956281185,0.0,0.008435669355094433,2.999492883682251,1.8158937692642212,tall glass,116.2970962524414,0.36377501487731934,30.119091033935547,0.08466999977827072,0.8458999991416931
ASC008,Lemonade,20.798982620239258,5.478568077087402,0.034817468374967575,0.010450966656208038,0.016864709556102753,1.8396563529968262,0.047916967421770096,0.7301360368728638,0.6685755252838135,28.52360725402832,5.730135917663574,0.011667859740555286,0.0,0.0026342160999774933,1.5094058513641357,0.604151725769043,glass,72.64044952392578,0.12160000205039978,19.133899688720703,0.0364999994635582,0.05889999866485596
ASC009,Lem-o-gin,21.517364501953125,5.551969051361084,0.08075683563947678,0.028100909665226936,0.12919411063194275,2.1978976726531982,0.08685354143381119,1.8639103174209595,1.5871057510375977,28.134815216064453,14.166082382202148,0.019621582701802254,0.0,0.0067834616638720036,1.5918289422988892,0.8189207911491394,glass,76.76319885253906,0.288100004196167,19.806650161743164,0.1002499982714653,0.4609000086784363
ASC010,Cumin infused water (Jeere/Zeere ka pani),9.08980655670166,1.8643821477890015,0.16951678693294525,0.1104905903339386,0.46353375911712646,10.84382152557373,0.31502029299736023,5.280117988586426,4.472076892852783,189.59512329101562,32.15123748779297,0.042736995965242386,0.0,0.006595352198928595,1.066278100013733,0.9267207384109497,glass,30.803081512451172,0.5744500160217285,6.317924976348877,0.3744249939918518,1.5708000659942627
ASC011,Coco pine cooler,32.74876022338867,5.717686176300049,0.5550532341003418,0.9999814629554749,0.25724664330482483,17.810401916503906,0.1257658451795578,6.591314315795898,13.468815803527832,23.19581413269043,66.64993286132812,0.06911152601242065,10.527533531188965,0.018373439088463783,2.4687390327453613,2.9245188236236572,tall glass,141.54014587402344,2.398940086364746,24.71183967590332,4.321919918060303,1.1118199825286865
ASC012,Summer cooler,22.428831100463867,5.431630611419678,0.37390369176864624,0.03540007397532463,0.19671612977981567,8.129868507385254,0.2767638564109802,7.623409271240234,11.456046104431152,1.573464274406433,93.06315612792969,0.042933329939842224,0.0,0.02882181666791439,20.92254066467285,12.916914939880371,tall glass,110.94645690917969,1.849552035331726,26.86810302734375,0.17510999739170074,0.9730759859085083
ASC014,Hot cocoa,90.0999984741211,9.234031677246094,3.3628273010253906,4.562827110290527,0.0,113.6649169921875,0.3146596848964691,16.05445098876953,101.4073257446289,24.203140258789062,132.14659118652344,0.4235602021217346,0.0,0.03879581019282341,1.8942408561706543,7.221989631652832,cup,172.09100341796875,6.422999858856201,17.636999130249023,8.71500015258789,0.0
ASC015,Cold coffee with ice cream,67.8487548828125,11.244776725769043,1.5701491832733154,2.109452724456787,0.007960199378430843,53.29353332519531,0.12378109246492386,7.255721092224121,44.97910690307617,13.844776153564453,90.2686538696289,0.1621890515089035,3.6218905448913574,0.017711443826556206,0.8398009538650513,3.146268606185913,tall glass,204.56399536132812,4.733999729156494,33.90299987792969,6.360000133514404,0.024000000208616257
ASC016,Banana milkshake (Kele milkshake),65.30644989013672,9.145586013793945,1.8432996273040771,2.371230125427246,0.2558610737323761,62.63907241821289,0.13175109028816223,7.916642665863037,52.772212982177734,13.608682632446289,102.42546844482422,0.19308248162269592,0.0,0.07995947450399399,1.9803184270858765,5.7383503913879395,tall glass,225.6337890625,6.368599891662598,31.597999572753906,8.19260025024414,0.8840000033378601
ASC017,Mango milkshake (Aam milkshake),56.901123046875,7.231504917144775,1.7267510890960693,2.345879077911377,0.26441630721092224,62.33333206176758,0.1547679305076599,6.1713080406188965,50.49873352050781,13.273698806762695,79.06610107421875,0.18765118718147278,0.0,0.03720393776893616,5.654852390289307,15.099578857421875,tall glass,202.2834930419922,6.138599872589111,25.70800018310547,8.339600563049316,0.9399999976158142
ASC018,Pineapple milkshake (Ananas milkshake),55.71769332885742,7.624691486358643,1.65925931930542,2.228806734085083,0.0,59.917694091796875,0.11358024924993515,5.1423869132995605,47.8814811706543,14.054320335388184,65.67900848388672,0.18271604180335999,0.0,0.027983538806438446,2.8032922744750977,4.788477420806885,tall glass,203.09100341796875,6.047999858856201,27.79199981689453,8.124000549316406,0.0
ASC019,Orange milkshake (Narangi milkshake),57.41502380371094,7.10704231262207,1.8647887706756592,2.5239436626434326,0.0,67.41783905029297,0.10610329359769821,5.303286552429199,55.470420837402344,14.625351905822754,73.42723083496094,0.1896713525056839,0.0,0.02488262765109539,3.385915517807007,5.27511739730835,tall glass,183.4409942626953,5.958000183105469,22.707000732421875,8.064000129699707,0.0
ASC020,Egg nog,97.14144897460938,8.145041465759277,4.776309490203857,5.11044454574585,0.019752884283661842,102.13179779052734,0.4305931031703949,8.99406909942627,107.23526000976562,40.64762878417969,115.14002990722656,0.4702965319156647,32.61943817138672,0.05824052542448044,1.58945631980896,13.807544708251953,tall glass,294.8243103027344,14.496099472045898,24.720199584960938,15.510199546813965,0.059950001537799835
ASC021,Sweet Lassi (Meethi lassi),35.66101837158203,6.508474826812744,1.2881355285644531,0.6779661178588867,0.0,45.64971923828125,0.03163841739296913,4.384181022644043,38.46327590942383,18.305084228515625,63.50282669067383,0.16271185874938965,6.327683448791504,0.02259887009859085,0.2259887009859085,4.06779670715332,tall glass,157.8000030517578,5.699999809265137,28.799999237060547,3.0,0.0
ASC022,Lassi (salted),18.844942092895508,1.856243371963501,1.3549379110336304,0.7186296582221985,0.017926756292581558,47.783817291259766,0.03613703325390816,4.839929103851318,40.39220428466797,65.40165710449219,67.37389373779297,0.1680389791727066,6.615475654602051,0.023857058957219124,0.24099232256412506,4.269220352172852,tall glass,79.76121520996094,5.734774589538574,7.856550216674805,3.041599988937378,0.07587499916553497
ASC023,Cheese and chilli sandwich ,218.1146697998047,27.40143394470215,6.795605182647705,9.780448913574219,2.078744411468506,113.78923797607422,0.9906277656555176,18.85919189453125,89.97757720947266,437.50079345703125,142.31390380859375,0.5553362965583801,97.39910888671875,0.07475335896015167,22.062780380249023,28.950178146362305,triangle,121.59893035888672,3.7885499000549316,15.276299476623535,5.452600002288818,1.1589000225067139
ASC024,Egg sandwich (Ande ka sandwich),285.95709228515625,29.15723991394043,8.694679260253906,15.797734260559082,1.8776354789733887,110.13300323486328,1.4419211149215698,18.879310607910156,107.31526947021484,461.67034912109375,129.58621215820312,0.7701478004455566,190.34481811523438,0.08211822807788849,0.0,29.39847183227539,triangle,145.12322998046875,4.41254997253418,14.7972993850708,8.017350196838379,0.9528999924659729
ASC025,Cucumber sandwich (Kheere ka sandwich),188.597900390625,25.76510238647461,4.798436164855957,7.997695446014404,2.449218273162842,87.83538818359375,1.0193827152252197,21.604938507080078,62.300411224365234,362.6423034667969,154.0576171875,0.4561316668987274,78.84774017333984,0.060370370745658875,2.5144033432006836,21.341110229492188,triangle,114.57322692871094,2.9150497913360596,15.652299880981445,4.85860013961792,1.4879000186920166
ASC026,Cheese and pineapple sandwich (Cheese aur ananas ka sandwich),257.7143249511719,29.101882934570312,8.196501731872559,12.797489166259766,2.3298654556274414,199.73184204101562,1.044439435005188,21.521076202392578,195.3695068359375,571.9564208984375,143.39013671875,0.905112087726593,134.3497772216797,0.07475336641073227,6.523766994476318,21.660491943359375,triangle,143.6757354736328,4.569550037384033,16.224300384521484,7.1346001625061035,1.2989000082015991
ASC027,Cheese and tomato sandwich (Cheese aur tamatar ke sandwich),243.31991577148438,26.92240333557129,7.9185404777526855,12.274420738220215,1.9749356508255005,191.20172119140625,0.9987553358078003,20.965665817260742,187.97210693359375,549.70849609375,148.5236053466797,0.8727038502693176,128.5836944580078,0.0663948506116867,5.422746658325195,20.911544799804688,triangle,141.73385620117188,4.612549781799316,15.682299613952637,7.149849891662598,1.1504000425338745
ASC028,Chicken sandwich,253.27267456054688,25.377338409423828,13.124119758605957,11.748669624328613,1.6358798742294312,89.55751037597656,1.1863089799880981,21.587982177734375,121.56652069091797,389.66558837890625,196.07725524902344,0.7040343284606934,84.92017364501953,0.24193133413791656,0.0,19.06218910217285,triangle,147.5313262939453,7.644799709320068,14.782299995422363,6.843600273132324,0.9528999924659729
ASC029,Peanut and tomato sandwich (Moongfali aur tamatar ka sandwich),291.4269104003906,28.544937133789062,9.528888702392578,16.13761329650879,4.029465198516846,94.03292083740234,1.5831687450408936,56.193416595458984,134.26954650878906,364.99005126953125,252.8230438232422,1.0631275177001953,78.84774017333984,0.0994650200009346,5.199588775634766,36.27938461303711,triangle,177.04185485839844,5.78879976272583,17.341049194335938,9.803600311279297,2.4479000568389893
ASC030,Rainbow sandwich,272.75140380859375,34.263946533203125,7.746617794036865,12.539576530456543,2.10280179977417,172.0380859375,1.2038421630859375,20.42751121520996,149.85064697265625,612.4857788085938,143.97438049316406,0.762603223323822,128.38473510742188,0.05982226878404617,2.117412567138672,21.693910598754883,triangle,130.443359375,3.704819917678833,16.38673210144043,5.9970526695251465,1.0056650638580322
ASC031,Club sandwich ,235.3241729736328,18.508420944213867,7.3101277351379395,15.121536254882812,1.8081934452056885,115.67852020263672,0.8620341420173645,18.599573135375977,128.02488708496094,461.66015625,168.9985809326172,0.8745945692062378,80.8819351196289,0.10422474890947342,6.828591823577881,19.82203483581543,triangle,206.79112243652344,6.423774719238281,16.26427459716797,13.288050651550293,1.5889500379562378
ASC032,Vegetarian club sandwich,198.32925415039062,19.684192657470703,5.451312065124512,11.329170227050781,2.0566515922546387,122.43921661376953,0.774675726890564,18.653846740722656,120.4915542602539,305.3633117675781,159.76773071289062,0.5756258964538574,85.76168823242188,0.07431372255086899,7.240573406219482,21.15549087524414,triangle,164.36537170410156,4.517775058746338,16.313274383544922,9.389050483703613,1.704450011253357
ASC033,Pin wheel sandwich,311.5205993652344,14.004125595092773,8.766905784606934,24.934709548950195,0.928968608379364,67.75336456298828,1.360134482383728,13.690583229064941,111.59192657470703,374.3905029296875,110.29596710205078,0.8019731044769287,109.77578735351562,0.11600896716117859,0.0,32.438968658447266,triangle,86.83636474609375,2.443774938583374,3.9036498069763184,6.950550079345703,0.25894999504089355
ASC034,Carrot apple sandwich (Gajar aur seb ka sandwich),214.11184692382812,29.04496192932129,5.297377586364746,9.123984336853027,3.656041145324707,118.0475082397461,1.7975449562072754,31.488842010498047,97.76477813720703,302.8827209472656,228.81747436523438,0.7803341746330261,89.305908203125,0.09607969224452972,2.7806684970855713,22.316362380981445,triangle,208.22377014160156,5.151700019836426,28.246225357055664,8.873074531555176,3.555500030517578
ASC035,Salami sandwich,255.5937042236328,21.538450241088867,8.695690155029297,15.509899139404297,1.969562292098999,73.54276275634766,1.1067676544189453,20.80942726135254,88.61346435546875,662.7457275390625,194.06060791015625,1.0506397485733032,64.51178741455078,0.1283838450908661,1.6861952543258667,17.033973693847656,triangle,189.7783203125,6.456549644470215,15.992300033569336,11.51609992980957,1.462399959564209
ASC036,Vegetable and mayonnaise sandwich,244.2624969482422,23.201412200927734,4.473674774169922,15.398404121398926,2.351200580596924,79.52751159667969,0.9148243069648743,16.69971466064453,55.55429458618164,342.6957702636719,143.1024932861328,0.41681551933288574,78.6969223022461,0.08318448066711426,18.88713836669922,24.968191146850586,triangle,166.83128356933594,3.0555198192596436,15.846564292907715,10.517109870910645,1.605870008468628
ASC037,Egg and tomato sandwich (Ande aur tamatar ka sandwich),222.1063690185547,25.903024673461914,7.655546188354492,10.509202003479004,1.7674790620803833,95.7121810913086,1.303403377532959,18.10504150390625,95.46743774414062,423.25872802734375,150.4663848876953,0.6894537806510925,124.28571319580078,0.09021008014678955,3.3266806602478027,27.450166702270508,triangle,132.15328979492188,4.555049896240234,15.412300109863281,6.252974987030029,1.051650047302246
ASC038,Sweet open sandwich,244.2458038330078,39.24372863769531,4.985423564910889,8.153898239135742,2.3566102981567383,85.18441009521484,1.146101713180542,22.744407653808594,60.49559020996094,205.27084350585938,230.9661102294922,0.4261016845703125,81.18643951416016,0.2142372876405716,2.801694869995117,22.122034072875977,triangle,144.1050262451172,2.9413998126983643,23.153799057006836,4.810800075531006,1.3904000520706177
ASC039,Mushroom and cheese sandwich (toasted),227.4191131591797,21.012937545776367,7.785544395446777,13.008052825927734,2.2843563556671143,172.35313415527344,0.8439273834228516,21.16171646118164,196.8514862060547,456.57122802734375,198.36964416503906,0.7981517910957336,139.40594482421875,0.07976897805929184,0.0,16.76531410217285,triangle,172.2699737548828,5.897549629211426,15.917299270629883,9.853599548339844,1.7303999662399292
ASC040,Cheese and tomato sandwich (toasted) (Cheese aur tamatar ke sandwich (toasted)),224.5795135498047,21.415576934814453,6.821847915649414,12.951947212219238,1.779405951499939,169.22442626953125,0.8208250403404236,19.03630256652832,173.20132446289062,457.93756103515625,148.53465270996094,0.7783498167991638,139.40594482421875,0.06656765937805176,8.339934349060059,19.11844825744629,triangle,170.1189727783203,5.1675496101379395,16.222299575805664,9.811100006103516,1.3479000329971313
ASC041,Pea potato sandwich (toasted) (Matar aloo ka sandwich),164.90065002441406,25.16836166381836,4.604915618896484,5.42716121673584,2.8859055042266846,64.15314483642578,1.1071504354476929,26.66289520263672,61.79981994628906,262.6282043457031,342.7329406738281,0.5197727084159851,0.0,0.10381771624088287,15.874649047851562,23.63707733154297,toasted triangle,146.55545043945312,4.092618942260742,22.36838150024414,4.823389530181885,2.5648486614227295
ASC042,Paneer pea sandwich (toasted) (Paneer matar ka sandwich),249.55572509765625,24.052186965942383,12.400134086608887,11.975685119628906,2.1162853240966797,274.1019592285156,1.2556737661361694,27.81057357788086,190.78097534179688,268.897705078125,127.83786010742188,1.6269456148147583,0.0,0.07681350409984589,5.4555206298828125,58.652549743652344,toasted triangle,221.7926483154297,11.02061939239502,21.376380920410156,10.643389701843262,1.8808485269546509
ASC043,Chicken sandwich (toasted),167.36798095703125,18.81935691833496,12.081052780151367,5.315614223480225,1.6419882774353027,99.9865493774414,0.988918125629425,20.66666603088379,147.94912719726562,327.54876708984375,203.55555725097656,0.7337426543235779,18.231578826904297,0.24464911222457886,15.168421745300293,24.221900939941406,toasted triangle,143.09962463378906,10.329299926757812,16.09054946899414,4.544849872589111,1.4039000272750854
ASC044,Pea keema sandwich (toasted) (Matar aur keema ka sandwich),171.77516174316406,20.25550651550293,11.055025100708008,5.611410140991211,2.4534075260162354,70.78671264648438,1.5065690279006958,26.192195892333984,115.54611206054688,290.0722961425781,234.35142517089844,1.6954022645950317,1.7722116708755493,0.14450614154338837,6.500123500823975,21.614694595336914,toasted triangle,145.39048767089844,9.356972694396973,17.14426040649414,4.749497413635254,2.076564073562622
ASC045,Classic club sandwich,200.83099365234375,18.491588592529297,6.73637580871582,11.56259536743164,1.6238478422164917,107.72648620605469,1.093780755996704,20.015838623046875,127.97785186767578,277.4922180175781,167.5682373046875,0.7267113924026489,97.1633071899414,0.10098434239625931,7.2448320388793945,25.45897102355957,triangle,448.8572998046875,15.05579948425293,41.328697204589844,25.84239959716797,3.629300117492676
ASC046,Sesame toast,495.18634033203125,11.146966934204102,1.8990991115570068,49.378177642822266,1.318979024887085,43.44484329223633,0.7188788652420044,15.336736679077148,36.667266845703125,128.7751922607422,172.9849853515625,0.29507508873939514,0.0,0.05615615472197533,11.075275421142578,14.200600624084473,toasted triangle,309.1819763183594,1.1857500076293945,6.959887504577637,30.83049964904785,0.8235374689102173
ASC047,Cracked wheat porridge (Meetha daliya),81.56513977050781,8.870967864990234,2.6426796913146973,4.0806450843811035,0.6203473806381226,75.88088989257812,0.32158806920051575,5.176178932189941,59.92059326171875,15.893301010131836,71.439208984375,0.20669974386692047,0.0,0.024813896045088768,1.2468982934951782,4.361042499542236,bowl,328.70751953125,10.649999618530273,35.75,16.44499969482422,2.5
ASC048,Semolina porridge (Suji/Rava daliya),100.89435577392578,12.38705062866211,3.750359535217285,4.082014083862305,0.6992805600166321,108.51654815673828,0.3550359904766083,10.229496955871582,95.4244613647461,23.20575523376465,123.99280548095703,0.4528777003288269,0.0,0.043884892016649246,1.807554006576538,8.169425010681152,bowl,280.4862976074219,10.425999641418457,34.43600082397461,11.347999572753906,1.944000005722046
ASC050,Oatmeal Porridge,72.85364532470703,8.766331672668457,2.595477342605591,3.2211055755615234,0.3919597864151001,76.83416748046875,0.2811557650566101,10.969849586486816,80.12060546875,16.143217086791992,91.0301513671875,0.3248743712902069,0.0,0.042211055755615234,1.262562870979309,6.023869514465332,bowl,289.9574890136719,10.329999923706055,34.88999938964844,12.819999694824219,1.559999942779541
ASC051,Cornflakes with milk,117.32661437988281,14.948201179504395,3.59136700630188,5.119424343109131,0.7769784331321716,106.47482299804688,0.42446044087409973,14.975539207458496,108.4259033203125,26.548200607299805,132.87770080566406,0.46043163537979126,0.0,0.052877698093652725,1.735251784324646,15.781294822692871,bowl,326.1679992675781,9.984000205993652,41.555999755859375,14.232000350952148,2.1600000858306885
ASC052,Rice flakes (Chiwda/Aval),112.4402847290039,15.568704605102539,3.6172661781311035,3.990647315979004,0.37338128685951233,103.1500015258789,0.6165468096733093,15.614388465881348,104.43309783935547,22.402158737182617,115.39568328857422,0.4485611617565155,0.0,0.03669064864516258,1.735251784324646,6.982014179229736,bowl,312.583984375,10.055999755859375,43.28099822998047,11.093999862670898,1.0379999876022339
ASC053,Wheat flakes,112.4402847290039,15.568704605102539,3.6172661781311035,3.990647315979004,0.37338128685951233,103.1500015258789,0.6165468096733093,15.614388465881348,104.43309783935547,22.402158737182617,115.39568328857422,0.4485611617565155,0.0,0.03669064864516258,1.735251784324646,6.982014179229736,bowl,312.583984375,10.055999755859375,43.28099822998047,11.093999862670898,1.0379999876022339
ASC054,Murmura (Puffed rice),113.31719207763672,15.66906452178955,3.6205034255981445,4.042446136474609,0.27625900506973267,103.78669738769531,0.6262590289115906,14.175899505615234,99.79280853271484,22.521942138671875,114.5323715209961,0.4442445933818817,0.0,0.04208632931113243,1.735251784324646,6.069064617156982,bowl,315.02178955078125,10.0649995803833,43.560001373291016,11.23799991607666,0.7680000066757202
ASC055,Puffed wheat (Murmure/Moori),113.31719207763672,15.66906452178955,3.6205034255981445,4.042446136474609,0.27625900506973267,103.78669738769531,0.6262590289115906,14.175899505615234,99.79280853271484,22.521942138671875,114.5323715209961,0.4442445933818817,0.0,0.04208632931113243,1.735251784324646,6.069064617156982,bowl,315.02178955078125,10.0649995803833,43.560001373291016,11.23799991607666,0.7680000066757202
ASC056,Boiled egg (Ubla anda),45.3546028137207,0.11993376910686493,4.430860996246338,3.0388741493225098,0.10980132967233658,17.745033264160156,0.6430794596672058,4.877483367919922,61.73841094970703,170.94065856933594,50.91390609741211,0.4117218554019928,65.56291198730469,0.053874172270298004,0.0,16.403608322143555,egg,68.4854507446289,6.6905999183654785,0.181099995970726,4.588699817657471,0.16580000519752502
ASC057,Fried Egg ,223.66744995117188,0.3135930597782135,11.585453987121582,19.62242317199707,0.28709957003593445,46.39826583862305,1.6931601762771606,12.753247261047363,161.42857360839844,446.96173095703125,133.1255340576172,1.076536774635315,171.42857360839844,0.14086580276489258,0.0,42.89082336425781,egg,129.16795349121094,6.6905999183654785,0.181099995970726,11.331949234008789,0.16580000519752502
ASC058,Poached egg,123.86688232421875,0.3662499785423279,11.97607135772705,8.194107055664062,0.29607143998146057,48.24106979370117,1.7465178966522217,14.79464340209961,167.20535278320312,1163.0721435546875,141.30357360839844,1.1191071271896362,176.7857208251953,0.14526785910129547,0.0,44.23115921020508,egg,69.3654556274414,6.706599712371826,0.20509999990463257,4.588699817657471,0.16580000519752502
ASC059,Scrambled egg (Ande ki bhurji),155.97100830078125,1.3515714406967163,10.290857315063477,12.212428092956543,0.23685714602470398,64.59285736083984,1.419357180595398,12.40999984741211,155.1842803955078,374.6562805175781,136.0142822265625,0.9645714163780212,196.1714324951172,0.12478571385145187,0.43071427941322327,36.891357421875,egg,109.17970275878906,7.20359992980957,0.9460999965667725,8.548700332641602,0.16580000519752502
ASC060,Baked egg ,218.84698486328125,15.416930198669434,11.881781578063965,12.652177810668945,1.02554452419281,164.05445861816406,1.4812376499176025,17.935644149780273,236.0148468017578,523.2875366210938,143.6930694580078,1.2145544290542603,185.5445556640625,0.11173266917467117,0.0,35.36579132080078,egg,221.03546142578125,12.00059986114502,15.571099281311035,12.77869987487793,1.0357999801635742
ASC061,Plain omelette/omlet,272.4109802246094,0.6448251605033875,9.664055824279785,25.74034881591797,0.11594405770301819,48.402095794677734,1.3500349521636963,10.218181610107422,140.00628662109375,226.181396484375,114.07691955566406,0.899440586566925,138.46153259277344,0.11702796816825867,0.2108391523361206,35.303462982177734,omelette,389.5476989746094,13.819600105285645,0.9221000075340271,36.80870056152344,0.16580000519752502
ASC062,Stuffed egg omelette/omlet,203.51486206054688,2.3019466400146484,8.602519035339355,17.774503707885742,0.7503053545951843,89.90934753417969,0.9143320918083191,14.149618148803711,182.38702392578125,267.1867980957031,161.72137451171875,0.9037023186683655,115.96183013916016,0.13410304486751556,3.1646947860717773,26.803987503051758,omelette,533.2089233398438,22.538599014282227,6.031100273132324,46.56919860839844,1.9658000469207764
ASC063,Pancake,203.35560607910156,20.48965072631836,5.68212890625,10.816617012023926,0.6528680920600891,79.48967742919922,0.6940390467643738,13.559822082519531,101.28621673583984,143.6984100341797,116.82614135742188,0.5243524312973022,19.43701934814453,0.05828503891825676,1.1886457204818726,12.842767715454102,pancake,85.96858215332031,2.4021201133728027,8.661999702453613,4.57272481918335,0.2759999930858612
ASC064,Keema pancake,176.2749786376953,9.559337615966797,9.006999969482422,11.245588302612305,0.840624213218689,40.96306610107422,0.9272348880767822,16.95063018798828,110.6751480102539,125.39991760253906,198.4211883544922,1.4550601243972778,38.43408203125,0.11661495268344879,4.2014899253845215,11.079110145568848,pancake,194.5767364501953,9.942151069641113,10.551835060119629,12.413161277770996,0.9279019832611084
ASC065,Vegetable pancake,125.17634582519531,12.23516845703125,3.865659475326538,6.573175430297852,2.477165937423706,42.885623931884766,0.7856636643409729,19.90549659729004,63.247440338134766,116.69419860839844,230.71766662597656,0.47901836037635803,35.16815948486328,0.10148527473211288,17.606700897216797,24.389591217041016,pancake,146.6440887451172,4.528619766235352,14.333499908447266,7.700475215911865,2.9019999504089355
ASC066,Jam and fruit pancake,162.0184326171875,20.727575302124023,3.791611433029175,7.008038520812988,1.2086658477783203,54.05626678466797,0.5184796452522278,11.90047836303711,68.54142761230469,93.08523559570312,110.42303466796875,0.37026986479759216,12.49258804321289,0.06891296058893204,9.850247383117676,12.795085906982422,pancake,106.567626953125,2.4939324855804443,13.633562088012695,4.609537601470947,0.7949999570846558
ASC067,Khoa and coconut pancake,271.980712890625,27.323190689086914,6.979613304138184,15.294413566589355,1.6516162157058716,157.22312927246094,1.118506669998169,22.60880470275879,151.28390502929688,101.00405883789062,205.43324279785156,0.8008537888526917,11.548840522766113,0.055976808071136475,1.0224876403808594,26.872583389282227,pancake,193.5142822265625,4.965994834899902,19.44045066833496,10.881975173950195,1.175125002861023
ASC068,Brown stock,21.324813842773438,0.2517152726650238,1.9483927488327026,1.3840610980987549,0.09378182142972946,17.164995193481445,0.2970040738582611,0.7178933620452881,16.784446716308594,44.59760284423828,36.6777229309082,0.009782440960407257,0.0,0.0031913798302412033,0.3076685667037964,1.3018747568130493,cup,103.65458679199219,9.470649719238281,1.2235249280929565,6.727575302124023,0.4558500051498413
ASC069,Vegetable stock,17.604402542114258,0.9595896005630493,0.2996930778026581,1.377679467201233,0.3815610408782959,5.082204818725586,0.11720828711986542,2.6375999450683594,5.433592319488525,49.74882507324219,30.04964828491211,0.05283745378255844,15.565986633300781,0.013543359003961086,1.8243365287780762,3.35176944732666,cup,73.13308715820312,1.2450000047683716,3.986375093460083,5.723225116729736,1.5851000547409058
ASC070,Chicken stock,29.880197525024414,0.36780157685279846,3.6864609718322754,1.5104801654815674,0.10351110994815826,3.5696237087249756,0.18347519636154175,4.250565052032471,30.822582244873047,58.579917907714844,56.11716842651367,0.14423461258411407,1.1570687294006348,0.09161458164453506,0.22243650257587433,2.7103936672210693,cup,112.33460235595703,13.85925006866455,1.3827500343322754,5.67864990234375,0.3891500234603882
ASC079,Clear tomato soup (Tamatar ka soup),80.07408905029297,3.4506852626800537,4.793009281158447,12.224908828735352,1.963787317276001,29.0460205078125,1.1444926261901855,22.386016845703125,50.311832427978516,5135.7421875,232.94668579101562,0.23168615996837616,0.0,0.05336979776620865,13.369043350219727,11.043033599853516,soup bowl,318.41461181640625,19.05940055847168,13.721650123596191,48.61235046386719,7.809000015258789
ASC080,Lentil soup,31.16623878479004,3.9445831775665283,9.653425216674805,11.678777694702148,2.5739505290985107,40.568328857421875,2.2592990398406982,36.61178970336914,96.89124298095703,10418.8427734375,350.2551574707031,0.46797189116477966,9.845078468322754,0.04140482470393181,4.599881649017334,8.97245979309082,soup bowl,121.308349609375,37.57402801513672,15.353501319885254,45.457305908203125,10.018588066101074
ASC081,Chicken consomme (Clear chicken soup),47.944820404052734,1.1854139566421509,11.471491813659668,12.01870346069336,1.5683488845825195,35.47910690307617,1.824059247970581,32.3470573425293,102.44975280761719,8953.63671875,305.3873291015625,0.4555334150791168,9.561753273010254,0.09413457661867142,0.9308986067771912,5.038667678833008,soup bowl,108.3073501586914,25.914100646972656,2.6778500080108643,27.150249481201172,3.5429000854492188
ASC082,Cream of tomato soup,97.81221771240234,3.9280059337615967,4.610315799713135,13.115484237670898,1.3752379417419434,39.60661697387695,0.9541738629341125,19.753459930419922,56.77097702026367,4461.22265625,205.6585235595703,0.24096021056175232,26.014272689819336,0.04681012034416199,11.512543678283691,9.517279624938965,soup bowl,452.28369140625,21.318099975585938,18.16309928894043,60.645999908447266,6.359100341796875
ASC083,Cream of green peas soup,127.84082794189453,6.750673294067383,7.126903533935547,14.781371116638184,2.950526475906372,51.013221740722656,1.4846510887145996,29.973928451538086,76.13671875,4999.6962890625,242.60220336914062,0.5646021962165833,29.44675636291504,0.07817625254392624,12.798335075378418,21.683818817138672,soup bowl,522.2297973632812,29.113401412963867,27.576499938964844,60.381900787353516,12.052900314331055
ASC084,Cream of spinach soup,100.53778076171875,3.446488857269287,5.214042663574219,13.30996322631836,1.7408103942871094,70.76974487304688,2.1001219749450684,52.292850494384766,64.43806457519531,4429.8076171875,404.1294250488281,0.3915122151374817,26.001340866088867,0.07820526510477066,13.691177368164062,64.42694091796875,soup bowl,465.117919921875,24.12172508239746,15.944491386413574,61.57588195800781,8.053511619567871
ASC085,Cream of mixed vegetable soup,59.64580535888672,4.931180953979492,6.844812393188477,9.04925537109375,2.1433775424957275,65.26049041748047,1.3634381294250488,27.04773712158203,94.3338851928711,5655.44970703125,255.86920166015625,0.47632449865341187,28.598234176635742,0.06255518645048141,10.767936706542969,15.02784252166748,soup bowl,216.15640258789062,24.805601119995117,17.8705997467041,32.794498443603516,7.767600059509277
ASC086,Cream of mushroom soup,117.27780151367188,3.7424185276031494,6.6403021812438965,15.500728607177734,1.3361760377883911,70.56117248535156,1.8117601871490479,24.307233810424805,106.93019104003906,5276.0595703125,249.78639221191406,0.5576362013816833,32.07476806640625,0.050942860543727875,1.5438741445541382,8.190135955810547,soup bowl,439.8269348144531,24.90312385559082,14.035191535949707,58.132381439208984,5.011061191558838
ASC087,Chicken sweet corn soup,28.32048225402832,1.632999062538147,14.47509765625,12.593029975891113,0.46616339683532715,91.4976806640625,3.826664924621582,41.63731002807617,177.67015075683594,12205.3349609375,362.1540832519531,1.0219131708145142,0.7197518348693848,0.057119954377412796,0.8355739116668701,5.565237998962402,soup bowl,68.46476745605469,34.99354934692383,3.94777512550354,30.443649291992188,1.1269500255584717
ASC088,Minestrone soup,42.65936279296875,3.7148396968841553,9.303705215454102,11.087420463562012,1.9226291179656982,53.553611755371094,1.8172242641448975,31.058988571166992,101.29821014404297,8875.064453125,299.6387939453125,0.393720805644989,14.192286491394043,0.042297665029764175,8.442585945129395,10.100754737854004,soup bowl,98.16986083984375,21.4101505279541,8.548774719238281,25.514925003051758,4.424449920654297
ASC089,Egg drop soup,26.63651466369629,1.1007238626480103,12.929913520812988,13.516396522521973,0.8106687664985657,100.13548278808594,3.930220365524292,39.39339065551758,170.95767211914062,12418.84375,346.41778564453125,1.0444060564041138,28.129032135009766,0.030078677460551262,2.677576780319214,8.871038436889648,soup bowl,84.63752746582031,41.084800720214844,3.4975497722625732,42.94834899902344,2.575900077819824
ASC090,Chinese cabbage and meat ball soup,484.30548095703125,1.4290056228637695,5.210831642150879,56.57162094116211,0.56608647108078,41.07033920288086,1.5195188522338867,15.072936058044434,64.93245697021484,4249.40625,147.09527587890625,0.3603116273880005,6.775018215179443,0.016759227961301804,3.591085433959961,4.3679070472717285,soup bowl,2254.248291015625,24.254337310791016,6.651449680328369,263.3182678222656,2.634906053543091
ASC091,French onion soup,55.60973358154297,4.2752203941345215,11.40778636932373,14.39195728302002,1.0132992267608643,106.22023010253906,3.5220375061035156,37.544189453125,167.13043212890625,11202.8876953125,320.6748962402344,0.9917590618133545,44.42455291748047,0.025106564164161682,1.5208866596221924,7.062645435333252,soup bowl,195.69065856933594,40.14400100708008,15.044499397277832,50.64529800415039,3.565800189971924
ASC092,Hot and sour soup,31.513946533203125,1.7757666110992432,3.1162946224212646,1.312411904335022,0.6012079119682312,10.682498931884766,0.42693638801574707,7.526093006134033,34.221038818359375,163.25599670410156,93.43328094482422,0.18438829481601715,7.006106853485107,0.08808804303407669,6.256027698516846,10.134709358215332,soup bowl,123.84980773925781,12.247037887573242,6.978763103485107,5.157778739929199,2.3627469539642334
ASC093,Talaumein soup,35.62731170654297,4.171391487121582,10.122030258178711,12.784790992736816,1.9394147396087646,42.33483123779297,2.22693133354187,37.80500793457031,101.54383087158203,11088.1376953125,340.9657287597656,0.414572536945343,6.706408500671387,0.05672943964600563,3.4197020530700684,13.16396427154541,soup bowl,131.48260498046875,37.355350494384766,15.394519805908203,47.18227005004883,7.157410144805908
ASC094,Cold cucumber soup (Thanda kheere ka soup),48.02956771850586,4.580854415893555,2.9876434803009033,1.990923285484314,0.8775031566619873,99.79180908203125,0.3184508979320526,15.829026222229004,98.43505096435547,121.3151626586914,171.01710510253906,0.42077508568763733,20.116703033447266,0.06289120763540268,2.6899008750915527,14.613996505737305,soup bowl,90.1298828125,5.606462478637695,8.59620189666748,3.736067056655884,1.6466785669326782
ASC095,Cold summer garden soup,49.18648147583008,2.645667791366577,8.571334838867188,14.081335067749023,1.8566449880599976,43.933876037597656,2.127833843231201,38.8913688659668,86.53827667236328,9919.625,361.42669677734375,0.36032575368881226,46.92508316040039,0.03408794850111008,5.309739589691162,14.089722633361816,soup bowl,151.00250244140625,26.31399917602539,8.122200012207031,43.229698181152344,5.699900150299072
ASC096,Chapati/Roti,202.3111114501953,35.64999771118164,5.875,3.5611112117767334,6.3111114501953125,17.21666717529297,2.277777671813965,69.44444274902344,175.0,1.1611111164093018,172.7777862548828,1.5833332538604736,25.611112594604492,0.1388888955116272,0.0,16.233333587646484,chapati,72.83200073242188,2.115000009536743,12.833999633789062,1.2820000648498535,2.2720000743865967
ASC097,Plain parantha/paratha,298.30084228515625,30.69233512878418,5.055602073669434,16.858184814453125,5.433456897735596,14.814062118530273,1.9776276350021362,59.905296325683594,150.66519165039062,62.06623840332031,148.8887939453125,1.3633025884628296,0.0,0.11957431584596634,0.0,13.975845336914062,parantha,166.3126678466797,2.818666696548462,17.11199951171875,9.398999214172363,3.0293333530426025
ASC098,Potato parantha/paratha (Aloo ka parantha/paratha),205.04238891601562,23.920074462890625,3.6979143619537354,10.220277786254883,4.17527961730957,17.38222885131836,1.5238815546035767,46.11192321777344,107.56103515625,127.203125,272.8771667480469,0.9480348825454712,0.0,0.11732800304889679,8.542765617370605,16.023473739624023,parantha,191.4344024658203,3.452496290206909,22.332578659057617,9.541991233825684,3.8981802463531494
ASC099,Radish parantha/paratha (Mooli ka parantha/paratha),183.52423095703125,20.542415618896484,3.297506809234619,9.527800559997559,4.324216365814209,23.74950408935547,1.3903295993804932,41.97703552246094,98.84757995605469,127.02696990966797,206.43862915039062,0.8835185766220093,0.0,0.10617614537477493,8.436613082885742,20.734495162963867,parantha,183.57928466796875,3.2984962463378906,20.5485782623291,9.530658721923828,4.32551383972168
ASC100,Cauliflower parantha/paratha (Phoolgobhi ka parantha/paratha),178.07040405273438,18.837081909179688,3.726067066192627,9.46512508392334,4.6809587478637695,21.998064041137695,1.5932261943817139,44.534141540527344,103.43424224853516,190.0313262939453,222.9447021484375,0.9036130309104919,0.0,0.12717169523239136,17.28424644470215,25.83957290649414,parantha,181.38844299316406,3.7954959869384766,19.188077926635742,9.641491889953613,4.7681803703308105
ASC101,Dal parantha/paratha,268.2444763183594,30.032482147216797,6.775821685791016,13.053577423095703,6.463358402252197,23.88886260986328,2.449580669403076,63.14871597290039,158.21273803710938,156.13204956054688,268.85205078125,1.5325963497161865,0.0,0.132828027009964,2.350137233734131,37.842647552490234,parantha,205.7345733642578,5.196829319000244,23.033912658691406,10.011658668518066,4.957180500030518
ASC102,Sprouted moong parantha/paratha,228.59439086914062,24.306026458740234,4.292011260986328,12.426431655883789,4.488044261932373,20.326778411865234,1.943691611289978,49.58880615234375,120.66222381591797,153.9376983642578,150.07244873046875,1.0958107709884644,0.0,0.11718197166919708,2.6109049320220947,16.329326629638672,parantha,175.32427978515625,3.2918293476104736,18.64191246032715,9.530658721923828,3.4421803951263428
ASC103,Pea parantha/paratha (Matar ka parantha/paratha),190.73114013671875,21.512731552124023,5.594754695892334,8.798940658569336,5.606614112854004,23.491920471191406,1.7801963090896606,49.22833251953125,103.50032043457031,109.99115753173828,197.71499633789062,1.167015552520752,0.0,0.14953520894050598,16.42850685119629,31.0482177734375,parantha,206.6826171875,6.062662601470947,23.311912536621094,9.534825325012207,6.07551383972168
ASC104,Keema parantha/paratha,238.086181640625,18.35640525817871,9.405674934387207,13.909818649291992,3.441148042678833,19.3508243560791,1.8035389184951782,43.619876861572266,152.131591796875,140.62289428710938,213.769775390625,1.976523995399475,1.6661667823791504,0.14949648082256317,1.801936388015747,11.48727035522461,parantha,238.15760803222656,9.408495903015137,18.36191177368164,13.91399097442627,3.4421803951263428
ASC105,Paneer parantha/paratha,262.9658203125,24.326213836669922,7.984040260314941,14.621496200561523,4.000173091888428,127.6484375,1.6977301836013794,48.99168395996094,181.47113037109375,142.5160675048828,141.54600524902344,1.5907527208328247,0.0,0.10491356253623962,1.9886828660964966,34.11115646362305,parantha,223.59983825683594,6.788829326629639,20.684579849243164,12.432659149169922,3.4013471603393555
ASC106,Besan and spinach parantha/paratha (Besan aur palak ka parantha/paratha),216.49209594726562,21.389270782470703,5.544742584228516,12.086648941040039,4.393850326538086,33.074134826660156,1.8547016382217407,53.30093002319336,101.72398376464844,177.18804931640625,251.93263244628906,0.9010213017463684,0.0,0.15388081967830658,8.082498550415039,61.4130973815918,parantha,178.1224822998047,4.5620293617248535,17.598379135131836,9.944491386413574,3.6151134967803955
ASC107,Poori,737.6346435546875,8.220335960388184,1.354683756828308,77.60576629638672,1.4552441835403442,3.977902412414551,0.6023218631744385,16.073657989501953,40.35308074951172,31.732906341552734,39.911128997802734,0.3651721477508545,5.905524730682373,0.032025620341300964,0.0,3.743154525756836,poori,921.3056640625,1.6920000314712524,10.267199516296387,96.92959594726562,1.8176000118255615
ASC108,Spinach poori (Palak poori),684.25439453125,7.757184982299805,1.4218518733978271,71.85770416259766,1.5484445095062256,10.020296096801758,0.7885925769805908,21.423704147338867,39.97037124633789,35.473628997802734,84.66592407226562,0.37511110305786133,5.463703632354736,0.04229629784822464,2.243703842163086,14.00236988067627,poori,923.7434692382812,1.9195001125335693,10.472200393676758,97.00789642333984,2.090400218963623
ASC109,Methi poori,710.0203247070312,7.981307506561279,1.4534616470336914,74.6041488647461,1.61338472366333,14.614153861999512,0.8108461499214172,18.00653839111328,41.04115295410156,35.37300109863281,48.53769302368164,0.37492308020591736,5.673846244812012,0.04699999839067459,2.2411539554595947,6.5124616622924805,poori,923.0264892578125,1.8895000219345093,10.375699996948242,96.98539733886719,2.097400188446045
ASC110,Dal stuffed poori,785.162841796875,10.137200355529785,2.0753488540649414,81.68533325195312,1.9644328355789185,6.884532451629639,0.828906238079071,22.741079330444336,53.37355041503906,128.17950439453125,81.93607330322266,0.47397106885910034,6.209590911865234,0.045153554528951645,0.3567768335342407,6.4435529708862305,poori,932.6478271484375,2.4651825428009033,12.041372299194336,97.02909851074219,2.3334317207336426
ASC111,Potato stuffed poori (Aloo ki poori),776.7381591796875,9.400838851928711,1.5213927030563354,81.35301971435547,1.6401007175445557,5.570134162902832,0.70192950963974,18.51946258544922,45.0479850769043,69.86409759521484,71.97818756103516,0.4036073684692383,6.187919616699219,0.04035234823822975,1.166107416152954,4.72634220123291,poori,925.8718872070312,1.8135000467300415,11.20580005645752,96.97279357910156,1.9550001621246338
ASC112,Tandoori parantha/paratha,295.37005615234375,30.7401180267334,5.079640865325928,16.512575149536133,5.441916465759277,14.983234405517578,1.9640718698501587,59.88024139404297,150.89820861816406,1.138922095298767,148.98204040527344,1.365269422531128,149.0658721923828,0.11976048350334167,0.0,13.997604370117188,parantha,164.42266845703125,2.827666997909546,17.11199951171875,9.192000389099121,3.0293333530426025
ASC113,Boiled rice (Uble chawal),117.18966674804688,25.720001220703125,2.6033332347869873,0.18333333730697632,1.246666669845581,2.7033331394195557,0.24000000953674316,8.90666675567627,46.66666793823242,1.0533334016799927,47.33333206176758,0.36000001430511475,0.0,0.07333333045244217,0.0,3.25,plate,351.5690002441406,7.809999942779541,77.16000366210938,0.550000011920929,3.740000009536743
ASC114,Plain pulao,140.20791625976562,21.81610870361328,2.338649034500122,4.622068881988525,1.685498595237732,12.756739616394043,0.4072263538837433,12.304643630981445,42.928062438964844,193.76136779785156,74.7385482788086,0.3651023209095001,0.0,0.07492692768573761,1.112374186515808,7.349074363708496,plate,431.7001647949219,7.200700283050537,67.17179870605469,14.23134994506836,5.189650058746338
ASC115,Mixed vegetable pulao,113.0494384765625,17.489917755126953,2.722787380218506,3.327634572982788,2.6673471927642822,19.608348846435547,0.6020415425300598,17.60492706298828,44.58382797241211,187.91976928710938,133.81956481933594,0.4346829354763031,0.0,0.11694799363613129,5.964644432067871,18.391149520874023,plate,495.6087646484375,11.936699867248535,76.6758041381836,14.588349342346191,11.693650245666504
ASC116,Mushroom pulao,124.28645324707031,19.018360137939453,2.5225167274475098,4.029394626617432,1.8818777799606323,13.537388801574707,0.3907226622104645,13.229909896850586,49.03334426879883,222.36363220214844,108.69559478759766,0.3375139534473419,0.0,0.08111049234867096,0.9556361436843872,7.46869421005249,plate,445.4426574707031,9.04069995880127,68.16180419921875,14.441349983215332,6.744649887084961
ASC117,Sprouted moong pulao,112.97147369384766,17.491247177124023,2.1882078647613525,3.607832670211792,1.7846653461456299,16.25962257385254,0.6506128907203674,13.054915428161621,42.21757888793945,153.16407775878906,95.51850891113281,0.3430129885673523,0.0,0.07862221449613571,1.847266435623169,10.578033447265625,plate,460.8106384277344,8.925700187683105,71.3468017578125,14.716349601745605,7.2796502113342285
ASC118,Paneer pulao,581.9120483398438,8.757226943969727,1.9848072528839111,59.809207916259766,0.6193639039993286,33.09201431274414,0.2606337368488312,6.110036849975586,35.46670150756836,72.27726745605469,31.25492286682129,0.2976667881011963,0.0,0.02992003783583641,0.4087600111961365,8.268623352050781,plate,4875.8408203125,16.630701065063477,73.37680053710938,501.1413269042969,5.189650058746338
ASC119,Peanut pulao ,193.2752685546875,21.180999755859375,5.3159260749816895,9.512810707092285,2.900153636932373,18.51858139038086,0.8309164643287659,38.10729217529297,91.55504608154297,168.39794921875,159.15618896484375,0.7583543062210083,0.0,0.09659122675657272,0.9569712281227112,19.01726722717285,plate,691.732177734375,19.025699615478516,75.80680084228516,34.046348571777344,10.379650115966797
ASC120,Navratan pulao,261.707763671875,36.979042053222656,6.198443412780762,9.453126907348633,3.8167121410369873,59.606773376464844,1.0962861776351929,32.27334976196289,107.10308837890625,334.2568664550781,185.62875366210938,0.982495903968811,0.0,0.15188421308994293,7.038503646850586,25.649999618530273,plate,479.1868896484375,11.349349975585938,67.70862579345703,17.308673858642578,6.988399982452393
ASC121,Green chickpeas pulao (Choliya pulao/Hare chane ka pulao),173.42837524414062,27.569656372070312,4.875859260559082,4.820158958435059,3.154414653778076,18.937692642211914,0.9524587988853455,21.62224006652832,72.1362075805664,170.04505920410156,164.60464477539062,0.6996786594390869,0.0,0.13920089602470398,1.5157865285873413,84.13741302490234,plate,620.7001342773438,17.450700759887695,98.67179870605469,17.25135040283203,11.289649963378906
ASC122,Mutton biryani/biriyani,190.76315307617188,22.495088577270508,7.376446723937988,7.724486827850342,2.415123462677002,68.58154296875,1.2944698333740234,19.121366500854492,94.86802673339844,262.6424255371094,212.05136108398438,0.4612171947956085,1.0105141401290894,0.10737314075231552,4.946408748626709,14.46966552734375,plate,396.4344482421875,15.329362869262695,46.7481689453125,16.052642822265625,5.018989086151123
ASC123,Vegetable biryani/biriyani,174.60516357421875,18.557273864746094,3.1605417728424072,9.507964134216309,3.3085036277770996,33.51523971557617,0.864250659942627,24.371883392333984,59.3752555847168,183.7902069091797,242.50477600097656,0.5032176971435547,0.6963672637939453,0.15405882894992828,13.049220085144043,25.711143493652344,plate,526.548095703125,9.531087875366211,55.962242126464844,28.672691345214844,9.977289199829102
ASC124,"Lemon rice (Pulihora, Elumichai sadam, Chitranna)",176.30288696289062,21.622270584106445,4.256220817565918,7.8798065185546875,2.522399425506592,12.701051712036133,0.7704969048500061,29.944416046142578,77.41979217529297,187.10906982421875,152.572998046875,0.5937010049819946,0.0,0.08833249658346176,3.1958892345428467,11.910735130310059,plate,562.6882934570312,13.58415412902832,69.00963592529297,25.14919090270996,8.050490379333496
ASC125,Sweet rice (Meethe chawal),215.41348266601562,42.59217071533203,2.095991611480713,4.565640926361084,1.130673885345459,11.375873565673828,0.3395601809024811,11.128130912780762,39.74028396606445,3.1987802982330322,56.07658767700195,0.31925955414772034,35.791412353515625,0.05448952689766884,0.060005318373441696,3.061039924621582,plate,749.1326904296875,7.289125442504883,148.12066650390625,15.877700805664062,3.9320881366729736
ASC126,Curd rice (Dahi bhaat/Dahi chawal/ Perugu annam/Daddojanam/Thayir saadam),195.73703002929688,32.93044662475586,5.753233909606934,4.316627025604248,2.1338064670562744,101.5156021118164,0.5906245112419128,24.276823043823242,133.74855041503906,213.29034423828125,211.7777557373047,0.7385936379432678,7.9339375495910645,0.1377035528421402,2.3588919639587402,13.062823295593262,plate,423.10516357421875,12.436190605163574,71.18245697021484,9.33082103729248,4.612436294555664
ASC127,Tamarind rice (Chintapandu pulihora/Puliyodharai/Puli sadam/Huli anna),373.0386047363281,65.08139038085938,7.453181743621826,8.532773971557617,5.117789268493652,50.9384651184082,2.8900368213653564,58.318702697753906,147.53497314453125,162.4134063720703,369.080810546875,1.1332457065582275,28.850818634033203,0.2081952542066574,0.6608777046203613,18.007959365844727,plate,476.8552551269531,9.5274019241333,83.19354248046875,10.907444953918457,6.542069911956787
ASC128,Spanish rice,164.24085998535156,31.09807014465332,4.189563274383545,2.2327356338500977,2.7778851985931396,18.934528350830078,0.9194482564926147,21.128459930419922,69.94611358642578,96.60800170898438,190.3333282470703,0.6082758903503418,0.0,0.15098850429058075,22.370574951171875,25.046897888183594,plate,357.2238464355469,9.112299919128418,67.63829803466797,4.856200218200684,6.041900157928467
ASC129,Chinese fried rice,120.58412170410156,13.401684761047363,4.05177116394043,5.434627056121826,2.312879800796509,34.697261810302734,0.9868101477622986,18.990032196044922,70.04961395263672,248.36143493652344,210.87020874023438,0.5134748220443726,28.178634643554688,0.18296872079372406,19.180692672729492,38.94727325439453,plate,423.648193359375,14.235087394714355,47.08414077758789,19.093475341796875,8.12584114074707
ASC133,Macroni cheese pie,170.62753295898438,21.09503173828125,5.85098123550415,7.483591079711914,0.39908143877983093,122.01043701171875,0.5401043891906738,19.782880783081055,162.88099670410156,200.5116424560547,156.11273193359375,0.7128183841705322,60.1837158203125,0.07050104439258575,6.114822864532471,11.772212982177734,casserole dish,408.6529541015625,14.013099670410156,50.52259826660156,17.923200607299805,0.9558000564575195
ASC134,Vegetable chowmein,129.71388244628906,15.444334983825684,3.066948175430298,6.358810901641846,1.8633472919464111,28.327245712280273,0.9940450191497803,21.670650482177734,56.262203216552734,258.4696044921875,201.59317016601562,0.3910861909389496,0.0,0.1461876630783081,28.501955032348633,33.16583251953125,plate,388.59686279296875,9.187963485717773,46.26813888549805,19.049726486206055,5.582215785980225
ASC135,Chicken chowmein,151.3335723876953,13.301461219787598,6.331267833709717,8.234783172607422,1.6449854373931885,26.100994110107422,0.8919183611869812,21.812976837158203,77.92623901367188,288.1506652832031,225.32472229003906,0.4598126709461212,1.2128957509994507,0.21566656231880188,24.675554275512695,29.70388412475586,plate,521.04150390625,21.798555374145508,45.79692840576172,28.352359771728516,5.663684844970703
ASC136,Cheese noodle ring,133.66921997070312,13.955496788024902,6.224301815032959,6.117282867431641,1.2688804864883423,99.3016357421875,0.7850440144538879,20.448049545288086,140.95396423339844,241.9593505859375,176.93206787109375,0.7298616170883179,61.167293548583984,0.11845283210277557,6.086792469024658,23.841873168945312,plate,531.3351440429688,24.741600036621094,55.47309875488281,24.316200256347656,5.043799877166748
ASC137,Spaghetti and cheese balls in tomato sauce,508.322021484375,7.815141677856445,2.4087061882019043,52.08030700683594,0.5925891995429993,40.594295501708984,0.31662067770957947,8.726736068725586,39.58677291870117,104.13626098632812,68.2813949584961,0.3166362941265106,17.420166015625,0.03716881945729256,5.972116947174072,12.008790016174316,plate,4908.3828125,23.258588790893555,75.46339416503906,502.8900451660156,5.722071170806885
ASC138,Penne platter,177.40061950683594,20.872121810913086,5.040764808654785,8.709636688232422,1.091510534286499,67.67189025878906,0.9004015326499939,21.92619514465332,87.00611877441406,283.3703308105469,202.22084045410156,0.6652772426605225,5.965583324432373,0.1023135781288147,6.2512431144714355,23.019866943359375,plate,463.902587890625,13.181600570678711,54.58060073852539,22.775699615478516,2.854300022125244
ASC139,Pasta hot pot,125.17289733886719,11.601784706115723,5.837541580200195,6.466379642486572,0.8040021061897278,55.276885986328125,0.819957435131073,17.08871078491211,100.04383850097656,231.1653289794922,215.222412109375,0.8876301050186157,24.04199981689453,0.09848824888467789,7.065393447875977,13.386717796325684,plate,1040.7125244140625,48.53448486328125,96.45956420898438,53.76277542114258,6.684634208679199
ASC140,Chicken lasagne,187.4915313720703,13.902274131774902,10.452420234680176,10.36139965057373,0.10575316101312637,119.98299407958984,0.6449174284934998,18.113216400146484,190.0233154296875,238.55215454101562,176.851318359375,0.80415940284729,81.44800567626953,0.17792031168937683,0.8221574425697327,11.86081600189209,plate,964.6439208984375,53.77770233154297,71.5271987915039,53.30939865112305,0.5441000461578369
ASC141,Fettuccine with spinach sauce,129.20672607421875,12.18928050994873,3.103574752807617,7.828339576721191,0.7732551693916321,53.667972564697266,1.280839204788208,34.19379425048828,64.03874969482422,153.5908966064453,247.35276794433594,0.43012502789497375,45.572044372558594,0.07871793955564499,10.803224563598633,48.12757873535156,plate,458.8518371582031,11.02172565460205,43.28779220581055,27.80078125,2.746061086654663
ASC142,Naan,286.44964599609375,51.75419998168945,8.05210018157959,4.987837314605713,1.9091849327087402,88.00627136230469,1.2925077676773071,27.527273178100586,245.7724151611328,326.10894775390625,166.23825073242188,0.797084629535675,39.97492218017578,0.0733855813741684,0.433855801820755,14.224827766418457,naan,152.2957305908203,4.281033039093018,27.515981674194336,2.6518666744232178,1.0150500535964966
ASC143,Bhatura,793.2029418945312,10.733963012695312,1.6303993463516235,82.5638427734375,0.37921854853630066,12.11592960357666,0.3294117748737335,4.8921427726745605,39.05281066894531,28.300901412963867,30.066553115844727,0.1511378288269043,0.961786150932312,0.014426792971789837,0.034349508583545685,2.851008892059326,bhatura,1154.6060791015625,2.3732500076293945,15.624625205993652,120.18199920654297,0.5519999861717224
ASC144,Idli,137.53526306152344,28.17755699157715,4.637406349182129,0.33316707611083984,2.3092269897460938,8.004987716674805,0.6820449233055115,25.442392349243164,79.30423736572266,100.83391571044922,158.12718200683594,0.6226933002471924,0.0,0.08778055012226105,0.0,11.770573616027832,idli,34.46977615356445,1.16225004196167,7.062000274658203,0.08349999785423279,0.5787500143051147
ASC146,Masala dosa,164.5846710205078,19.566587448120117,3.2877273559570312,7.840357303619385,2.522749423980713,15.582390785217285,0.7867333889007568,26.623254776000977,62.57358169555664,191.2777099609375,271.77008056640625,0.4952848553657532,0.0,0.09335988759994507,6.746070861816406,17.05425262451172,dosa,345.0764465332031,6.893213272094727,41.02428436279297,16.43848419189453,5.289322376251221
ASC147,Semolina dosa (Suji/Rava dosa),227.05209350585938,32.84082794189453,7.300220012664795,7.116666316986084,4.044466972351074,116.0367660522461,1.3870360851287842,28.13524627685547,196.55853271484375,202.3602294921875,254.06272888183594,1.1554968357086182,11.680173873901367,0.10663624852895737,3.1069815158843994,21.60679054260254,dosa,166.69029235839844,5.359456539154053,24.11009407043457,5.224700450897217,2.969245672225952
ASC148,Onion tomato uttapam,462.0191955566406,11.315990447998047,1.9062505960464478,45.30297088623047,1.26231849193573,5.8179707527160645,0.3641449809074402,12.347790718078613,33.48426818847656,143.5269317626953,90.2049560546875,0.27033165097236633,0.0,0.05004642903804779,3.4262285232543945,8.37468433380127,uttapam,644.3204345703125,2.658409357070923,15.780997276306152,63.17839431762695,1.7603976726531982
ASC149,Paneer kaathi roll,285.942138671875,20.103469848632812,6.916443347930908,19.554462432861328,2.404341220855713,101.66181945800781,1.4170087575912476,29.553146362304688,131.59848022460938,221.0313262939453,130.5001220703125,1.0893278121948242,16.685205459594727,0.09270435571670532,12.585185050964355,36.43442153930664,kaathi roll,424.15228271484375,10.259506225585938,29.820480346679688,29.006113052368164,3.5664796829223633
ASC150,Makki ki roti,263.9683532714844,24.191999435424805,3.4924707412719727,16.849411010742188,5.191764831542969,14.76235294342041,1.113411784172058,53.51411819458008,102.01764678955078,236.22000122070312,152.7941131591797,0.8276470303535461,146.435302734375,0.12823529541492462,2.342353105545044,12.609411239624023,roti,224.37310791015625,2.968600034713745,20.563199996948242,14.321999549865723,4.413000106811523
ASC151,Washed moong dal (Dhuli moong ki dal),50.00269317626953,5.906931400299072,2.677743673324585,1.680992841720581,1.1709928512573242,8.479783058166504,0.6385559439659119,19.193140029907227,47.49097442626953,150.6404571533203,151.47653198242188,0.29716604948043823,0.0,0.025306859984993935,0.016245486214756966,10.101533889770508,bowl,138.50746154785156,7.417349815368652,16.362199783325195,4.656350135803223,3.243650197982788
ASC152,Washed urad dal (Dhuli urad ki dal),61.32363510131836,5.8411149978637695,2.5109291076660156,2.9800169467926025,1.5285979509353638,10.235811233520508,0.7205405235290527,21.315540313720703,42.12905502319336,142.21200561523438,143.15541076660156,0.34819257259368896,0.0,0.0334797278046608,0.3329392075538635,10.27103042602539,bowl,181.51795959472656,7.432350158691406,17.28969955444336,8.820850372314453,4.5246500968933105
ASC153,Split bengal gram with bottle gourd (Channa dal with ghiya/lauki),73.25393676757812,7.101042747497559,2.789580821990967,3.602670431137085,2.720830202102661,14.334320068359375,0.9873435497283936,21.157760620117188,46.18595504760742,149.46788024902344,183.94552612304688,0.49936917424201965,0.0,0.05314134061336517,5.451181888580322,32.4273567199707,bowl,204.2539520263672,7.778188228607178,19.799837112426758,10.045326232910156,7.586491107940674
ASC154,Dry washed urad,124.71212768554688,15.66222095489502,6.8496856689453125,3.4971020221710205,4.05785608291626,27.084497451782227,1.8867318630218506,57.15614318847656,114.17304992675781,295.7929992675781,384.3296203613281,0.9387221336364746,0.0,0.08722066879272461,1.0215781927108765,28.14067840576172,bowl,178.5877685546875,9.80875015258789,22.428298950195312,5.007850170135498,5.810849666595459
ASC155,Mixed dal,61.92817687988281,5.792935848236084,2.5055992603302,3.103567600250244,1.6162534952163696,10.996240615844727,0.7816438674926758,19.71963119506836,42.40740966796875,141.36485290527344,144.27125549316406,0.35969749093055725,0.0,0.032807305455207825,0.3685723543167114,13.546689987182617,bowl,184.44068908691406,7.46242618560791,17.253101348876953,9.243354797363281,4.813687801361084
ASC156,Whole moong (Moong ki dal),53.698612213134766,5.218648910522461,2.249401330947876,2.5644569396972656,2.0171144008636475,13.581005096435547,0.6832062602043152,22.526649475097656,37.072776794433594,123.86322021484375,149.1552276611328,0.2933827042579651,0.0,0.05207255855202675,3.223707675933838,16.173255920410156,bowl,183.8264617919922,7.700376033782959,17.865001678466797,8.778904914855957,6.905188083648682
ASC157,Whole masoor (Masoor ki dal),54.05467224121094,5.37463903427124,2.2791972160339355,2.518010377883911,1.9838132858276367,12.199005126953125,0.9478631615638733,12.74485969543457,29.0103816986084,123.72212219238281,112.96208190917969,0.3494689166545868,0.0,0.06258872896432877,3.223707675933838,14.070021629333496,bowl,185.0453643798828,7.8023762702941895,18.399002075195312,8.619905471801758,6.7911882400512695
ASC158,Whole moth (Moth ki dal),54.99718475341797,5.740952014923096,2.005776882171631,2.6187903881073,1.84885573387146,18.976675033569336,0.9469867944717407,23.140092849731445,37.861488342285156,125.07783508300781,164.8418426513672,0.22765664756298065,0.0,0.035421960055828094,3.223707675933838,34.050743103027344,bowl,188.2718505859375,6.8663763999938965,19.65300178527832,8.96490478515625,6.329187870025635
ASC159,Whole urad (Urad ki dal),53.795135498046875,5.047299385070801,2.213059902191162,2.62381911277771,2.3189191818237305,13.069829940795898,0.7827837467193604,21.913677215576172,36.55666732788086,126.11945343017578,141.57106018066406,0.32859960198402405,0.0,0.06773936748504639,3.0287976264953613,15.207499504089355,bowl,182.54302978515625,7.509575843811035,17.12700080871582,8.90340518951416,7.868788242340088
ASC160,Moti mahal dal (Urad rajmah mix dal),103.12796020507812,8.737751007080078,3.929511785507202,5.656059265136719,3.3802528381347656,38.125850677490234,1.0526591539382935,33.50662612915039,74.55553436279297,157.61412048339844,246.0863037109375,0.5536617040634155,7.515257358551025,0.10518744587898254,5.389232635498047,32.481693267822266,bowl,295.71942138671875,11.267874717712402,25.055500030517578,16.21875,9.692874908447266
ASC161,Black channa curry/Bengal gram curry (Kale chane ki curry),140.67662048339844,14.114450454711914,5.666234970092773,6.610110759735107,7.989398956298828,53.87455749511719,2.4329802989959717,55.35654830932617,87.47499084472656,358.6307678222656,388.5877380371094,1.0375983715057373,0.0,0.17004252970218658,12.618125915527344,72.8675308227539,bowl,168.69940185546875,6.794949054718018,16.926048278808594,7.926845073699951,9.580886840820312
ASC162,Chickpeas curry (Safed channa curry),163.43203735351562,19.97835922241211,6.099023818969727,6.842765808105469,4.732227325439453,30.60904884338379,1.8150683641433716,35.093040466308594,83.72248840332031,357.9903259277344,334.3015441894531,0.8849966526031494,0.0,0.21382172405719757,13.618792533874512,153.92156982421875,bowl,195.98770141601562,7.313949108123779,23.95804786682129,8.20584487915039,5.674887180328369
ASC163,Lobia curry,148.98741149902344,17.881961822509766,6.064000129699707,5.619450569152832,4.567117214202881,36.79567337036133,2.2128336429595947,68.61538696289062,113.74250030517578,355.4085998535156,465.1387634277344,1.047605037689209,0.0,0.15503253042697906,12.618125915527344,72.36720275878906,bowl,178.66571044921875,7.27194881439209,21.444047927856445,6.738844871520996,5.476886749267578
ASC164,Soyabean curry,163.27719116210938,6.759547233581543,10.426908493041992,10.189997673034668,7.341466903686523,65.13206481933594,2.7932205200195312,62.611385345458984,144.26284790039062,352.6943054199219,563.4542846679688,1.0626150369644165,0.0,0.19255754351615906,12.618125915527344,86.626708984375,bowl,195.802001953125,12.503949165344238,8.106049537658691,12.219844818115234,8.803887367248535
ASC165,Kidney bean curry (Rajmah curry),143.7259063720703,16.378459930419922,5.951425075531006,5.7745537757873535,5.825456142425537,47.87055587768555,2.270371913909912,58.60871505737305,122.99867248535156,354.6005554199219,485.9026184082031,0.867484986782074,0.0,0.1325175166130066,13.618792533874512,93.63137817382812,bowl,172.35610961914062,7.136949062347412,19.641048431396484,6.924844741821289,6.985887050628662
ASC167,Sambar,96.91847229003906,10.567740440368652,3.3500633239746094,4.382696628570557,3.5215985774993896,30.237764358520508,1.2364188432693481,32.163848876953125,59.317787170410156,159.53822326660156,298.2939758300781,0.46618562936782837,0.0,0.0786297395825386,7.908804893493652,26.506345748901367,bowl,249.32276916503906,8.618037223815918,27.18551254272461,11.274487495422363,9.05931282043457
ASC168,Besan kadhi with pakodies,403.3492126464844,3.5637803077697754,1.6443043947219849,42.5884895324707,0.8116763234138489,24.5317440032959,0.383767306804657,8.750231742858887,27.825971603393555,60.804908752441406,70.20986938476562,0.16121628880500793,2.3858823776245117,0.03691062331199646,0.7100386023521423,13.127129554748535,bowl,2366.792724609375,9.648531913757324,20.911727905273438,249.90286254882812,4.7627949714660645
ASC169,Khatta channa,202.56605529785156,21.140640258789062,6.295548915863037,10.559773445129395,5.260317325592041,40.771114349365234,1.9423022270202637,38.76115036010742,86.53959655761719,513.3212890625,344.7828369140625,0.930378794670105,0.0,0.2195078283548355,13.299074172973633,155.5029296875,bowl,318.1502380371094,9.887788772583008,33.2034912109375,16.585180282592773,8.26185417175293
ASC170,Sprouted moong dal chat,32.47376251220703,6.005068302154541,1.3497076034545898,0.32163742184638977,1.3450292348861694,16.535673141479492,0.8786744475364685,17.451461791992188,30.2152042388916,87.07212829589844,218.91812133789062,0.23450292646884918,0.0,0.07699804753065109,15.119688034057617,16.812475204467773,plate,83.29520416259766,3.4619998931884766,15.402999877929688,0.824999988079071,3.450000047683716
ASC171,Potato cauliflower (Aloo gobhi),106.17748260498047,5.990505218505859,1.8975750207901,8.125692367553711,3.0182628631591797,22.872386932373047,1.0654395818710327,25.221277236938477,44.462013244628906,254.75828552246094,378.77825927734375,0.3077644407749176,0.0,0.12060369551181793,34.77217102050781,31.83146858215332,bowl,186.60691833496094,3.3349881172180176,10.528312683105469,14.280903816223145,5.304596900939941
ASC172,Potato capsicum (Shimla mirch aloo),125.52963256835938,8.716957092285156,1.409610629081726,9.332274436950684,2.0246083736419678,16.446578979492188,0.8590447902679443,22.01253318786621,35.268314361572266,277.9205017089844,364.1477966308594,0.24935057759284973,0.0,0.1207038164138794,53.903541564941406,26.398876190185547,bowl,189.23593139648438,2.124988079071045,13.140812873840332,14.068404197692871,3.0520970821380615
ASC173,Cabbage and peas (Pattagobhi aur matar),63.88294219970703,6.235406398773193,3.2393312454223633,2.6449499130249023,3.9855921268463135,45.496673583984375,1.1007277965545654,28.591815948486328,40.40119552612305,253.73455810546875,255.4964141845703,0.4762381911277771,0.0,0.15160059928894043,32.989227294921875,45.68328094482422,bowl,106.20539093017578,5.385387897491455,10.366362571716309,4.397229194641113,6.626047134399414
ASC174,Carrot and fenugreek leaves (Gajar methi),61.91693878173828,4.170989990234375,2.095118284225464,3.806856632232666,4.428805828094482,128.8300018310547,2.7181179523468018,37.09844970703125,46.653045654296875,262.9130554199219,255.94903564453125,0.3754631578922272,0.0,0.2216702401638031,27.170215606689453,42.81465530395508,bowl,118.10655975341797,3.9964380264282227,7.95616340637207,7.2615790367126465,8.447946548461914
ASC175,Potato fenugreek (Aloo methi),135.14739990234375,8.468133926391602,2.24550199508667,10.040675163269043,2.9267795085906982,107.79594421386719,2.5303843021392822,38.240047454833984,43.74574279785156,221.9273681640625,370.24371337890625,0.3653346300125122,0.0,0.20212288200855255,33.66324996948242,35.80854797363281,bowl,276.03857421875,4.586438179016113,17.29616355895996,20.508079528808594,5.977946758270264
ASC177,Brinjal bhartha (Baingan ka bhartha),65.11573028564453,4.397458076477051,1.3797035217285156,4.4805498123168945,3.2744195461273193,17.853906631469727,0.48244789242744446,20.02095603942871,29.979469299316406,132.1516571044922,222.05300903320312,0.22514531016349792,0.0,0.08090844750404358,7.380054473876953,28.365144729614258,bowl,212.16659545898438,4.495488166809082,14.328238487243652,14.598976135253906,10.66904067993164
ASC178,Dry potato (Sookhe aloo),103.14553833007812,14.378251075744629,1.6200236082077026,4.182056903839111,1.8769739866256714,17.196218490600586,0.8295981287956238,26.88888931274414,45.212764739990234,199.99388122558594,531.411376953125,0.3127659559249878,0.0,0.10054373741149902,21.962175369262695,14.850732803344727,bowl,109.07640075683594,1.7131749391555786,15.204999923706055,4.422524929046631,1.9848999977111816
ASC179,Beans with coconut (Nariyal aur sem/phali; Beans thoran),131.63136291503906,4.393538951873779,2.618790864944458,11.393542289733887,5.585058689117432,51.91774368286133,1.3413889408111572,40.92777633666992,55.02267074584961,271.6534423828125,336.814697265625,0.4434746503829956,0.0,0.34307610988616943,4.030909538269043,50.7325553894043,bowl,196.84153747558594,3.916139841079712,6.570097923278809,17.03790283203125,8.351897239685059
ASC180,Cauliflower with coconut (Nariyal ke saath phoolgobhi),132.11083984375,3.9923083782196045,2.638852596282959,11.560721397399902,5.270761966705322,35.37367630004883,1.3280144929885864,32.97003936767578,55.978939056396484,286.0575866699219,344.83929443359375,0.4033516049385071,0.0,0.135773703455925,34.63141632080078,40.01301574707031,bowl,197.5585479736328,3.9461400508880615,5.97009801864624,17.28790283203125,7.88189697265625
ASC181,Carrot and cabbage with coconut (Nariyal ke saath pattagobhi aur gajar),106.61273193359375,4.994035243988037,1.8197554349899292,8.621280670166016,4.521347522735596,48.63325119018555,0.8398882150650024,26.349802017211914,44.131954193115234,219.6028594970703,278.7274169921875,0.28975242376327515,0.0,0.12931542098522186,20.551177978515625,36.21603012084961,bowl,212.73504638671875,3.6311399936676025,9.96509838104248,17.202903747558594,9.021897315979004
ASC182,Raw turnip with coconut ,132.14828491210938,5.7777838706970215,1.8029557466506958,11.467101097106934,2.7898201942443848,50.647178649902344,0.8197893500328064,22.885780334472656,51.74595642089844,275.5453796386719,312.0721435546875,0.26292094588279724,0.0,0.10233783721923828,14.476275444030762,18.64749526977539,bowl,197.6145477294922,2.6961400508880615,8.640097618103027,17.147903442382812,4.171896934509277
ASC183,Raw papaya with coconut (Papaya thoran),132.7501220703125,5.5771684646606445,1.5354688167572021,11.42029094696045,4.314496040344238,33.74200439453125,0.8197893500328064,27.586864471435547,40.45132064819336,270.56341552734375,240.51939392089844,0.2495466023683548,0.0,0.06890196353197098,16.970590591430664,29.206544876098633,bowl,198.51454162597656,2.29613995552063,8.34009838104248,17.077903747558594,6.451897144317627
ASC184,Stuffed okra (Bharwa bhindi),94.34012603759766,3.8542532920837402,2.079592704772949,7.655135631561279,4.146153926849365,86.89140319824219,1.1786425113677979,64.47058868408203,57.09502410888672,210.03445434570312,265.83258056640625,0.46800902485847473,0.0,0.25432127714157104,20.497737884521484,57.886878967285156,bowl,104.24584197998047,2.297950029373169,4.2589497566223145,8.458925247192383,4.581500053405762
ASC185,Stuffed round gourd (Bharwa tinde),72.7967758178711,4.020564079284668,1.1034642457962036,5.7472004890441895,2.103806734085083,20.213092803955078,0.5882779359817505,18.747875213623047,27.091360092163086,180.14686584472656,132.68479919433594,0.2248741239309311,0.0,0.0784793570637703,15.047894477844238,28.6298885345459,bowl,180.71798706054688,2.7393500804901123,9.981050491333008,14.267424583435059,5.222700119018555
ASC186,Stuffed capsicum (Bharwa shimla mirch),90.94032287597656,8.255976676940918,1.3372509479522705,5.704382419586182,2.0107569694519043,15.168525695800781,0.613545835018158,18.799203872680664,32.58964157104492,173.9388427734375,312.56573486328125,0.23745019733905792,0.0,0.11972111463546753,59.1607551574707,30.55976104736328,capsicum,114.1301040649414,1.6782499551773071,10.361249923706055,7.158999919891357,2.5234999656677246
ASC187,Stuffed brinjal (Bharwa baingan),92.99759674072266,3.9584197998046875,1.5331376791000366,7.728148937225342,4.091648101806641,24.36568832397461,0.7516027092933655,23.60270881652832,34.46501159667969,212.8831329345703,250.78555297851562,0.2502483129501343,0.0,0.07316026836633682,2.0406320095062256,30.893905639648438,brinjal,51.49741744995117,0.8489750027656555,2.1919748783111572,4.2794623374938965,2.265749931335449
ASC189,Stuffed tomatoes (Bharwa tamatar),93.34754943847656,6.1900739669799805,3.2818820476531982,6.059778690338135,2.197859764099121,59.15756607055664,0.6186347007751465,18.83490753173828,54.51800537109375,165.85276794433594,202.87545776367188,0.5066789388656616,0.0,0.09346863627433777,20.830406188964844,27.61317253112793,tomato,126.48592376708984,4.4469499588012695,8.387550354003906,8.211000442504883,2.978100061416626
ASC190,Pea potato curry (Aloo matar),100.92295837402344,9.739043235778809,3.4828591346740723,5.126852989196777,3.6079277992248535,21.10076904296875,1.017978549003601,27.53093147277832,40.51566696166992,154.83279418945312,274.2627258300781,0.5626206994056702,0.0,0.13470378518104553,25.244674682617188,31.769750595092773,bowl,279.8896179199219,9.659012794494629,27.009288787841797,14.218300819396973,10.005866050720215
ASC191,Pea paneer curry (Matar paneer),134.83436584472656,9.291922569274902,6.605493068695068,7.750081539154053,3.299630880355835,105.20274353027344,1.0774744749069214,27.990673065185547,92.18335723876953,157.34423828125,188.17935180664062,1.0061357021331787,0.0,0.1238863468170166,21.070947647094727,45.79636001586914,bowl,373.9361267089844,18.319013595581055,25.769289016723633,21.493301391601562,9.150866508483887
ASC192,Pea mushroom curry (Matar mushroom),93.2961196899414,7.4114909172058105,3.868680953979492,5.161108016967773,3.860334634780884,22.698143005371094,0.9674972295761108,26.49065399169922,48.3925666809082,155.483642578125,234.0579071044922,0.5427887439727783,0.0,0.13830959796905518,21.070947647094727,30.466249465942383,bowl,258.7381286621094,10.729013442993164,20.554288864135742,14.313301086425781,10.705865859985352
ASC193,Pea curry (Matar ki sabzi),102.99124908447266,9.196368217468262,4.5123186111450195,5.108823776245117,4.439067363739014,24.47580909729004,1.2000720500946045,30.422794342041016,42.77471160888672,154.7516632080078,221.61785888671875,0.7086561322212219,0.0,0.15092994272708893,27.99410629272461,38.84796142578125,bowl,285.6256408691406,12.514013290405273,25.504287719726562,14.16830062866211,12.31086540222168
ASC194,Pea vadi curry,101.94745635986328,8.900667190551758,4.637181282043457,5.077193737030029,4.284573554992676,23.623971939086914,1.200069546699524,30.164457321166992,44.592315673828125,149.50502014160156,216.09744262695312,0.7083548307418823,0.0,0.14811332523822784,27.019821166992188,38.017974853515625,bowl,292.9256286621094,13.324012756347656,25.57428741455078,14.588300704956055,12.31086540222168
ASC195,Paneer curry,176.5167694091797,8.398056983947754,7.80112361907959,12.384866714477539,1.3991330862045288,189.05686950683594,0.807176411151886,21.831430435180664,139.4761505126953,216.0889434814453,142.7174835205078,1.1789236068725586,0.0,0.08084515482187271,9.90266227722168,47.23202133178711,bowl,357.1463928222656,15.784013748168945,16.991788864135742,25.058300018310547,2.8308660984039307
ASC196,Lotus stem curry (Kamal kakdi curry),110.33787536621094,9.235796928405762,1.529191493988037,7.250926971435547,3.141336441040039,26.59084701538086,1.711639404296875,21.81660270690918,44.69287872314453,217.04901123046875,345.6545104980469,0.2929946184158325,0.0,0.13644738495349884,19.77391242980957,22.46307945251465,bowl,223.2466278076172,3.094012975692749,18.68678855895996,14.670801162719727,6.355865955352783
ASC197,Gravy for kofta,125.58592987060547,6.30678653717041,1.748348355293274,10.349658966064453,1.9572532176971436,39.647666931152344,0.7528904676437378,19.191274642944336,42.511165618896484,312.8621520996094,199.42010498046875,0.3108976483345032,3.016157865524292,0.10023339092731476,12.246696472167969,19.82100486755371,bowl,174.87840270996094,2.434575080871582,8.78219985961914,14.41189956665039,2.7254750728607178
ASC198,Pea kofta curry (Matar kofta curry),595.664794921875,4.1676106452941895,2.0104196071624756,63.392459869384766,1.7043529748916626,13.842968940734863,0.5597885847091675,12.234638214111328,21.502473831176758,83.06669616699219,88.84849548339844,0.28804293274879456,0.5381165742874146,0.060836002230644226,9.565153121948242,16.543977737426758,bowl,4649.16357421875,15.691325187683105,32.5281982421875,494.77813720703125,13.302474975585938
ASC199,Spinach kofta curry (Palak kofta curry),571.7760620117188,3.5648884773254395,1.0858426094055176,61.49188995361328,0.9238912463188171,29.31484603881836,0.8299974203109741,20.783973693847656,17.896596908569336,104.50801849365234,158.65353393554688,0.1731252670288086,0.5209819078445435,0.04940657690167427,7.944601535797119,31.12120246887207,bowl,4609.4873046875,8.75373649597168,28.73906135559082,495.7291564941406,7.448133945465088
ASC200,Paneer kofta curry,670.9107666015625,3.2690014839172363,2.3853530883789062,72.06321716308594,0.4012089967727661,59.49135208129883,0.3448858857154846,7.071519374847412,44.25917434692383,121.71548461914062,48.28887176513672,0.36286377906799316,0.5991440415382385,0.024939371272921562,2.4330992698669434,13.944828033447266,bowl,4703.08447265625,16.721324920654297,22.915700912475586,505.16314697265625,2.8124749660491943
ASC201,Lotus stem kofta curry (Kamal kakdi kofta curry),633.5641479492188,5.014779090881348,0.9571969509124756,67.76353454589844,1.0125051736831665,19.308094024658203,0.6525418162345886,7.8003973960876465,20.66783332824707,108.61492919921875,109.38184356689453,0.13241571187973022,0.574421763420105,0.04319118708372116,5.279140949249268,7.899298191070557,bowl,4632.43115234375,6.99873685836792,36.666561126708984,495.4666748046875,7.403134346008301
ASC202,Raw banana kofta curry (Kela kofta curry),627.271484375,3.4044394493103027,0.6216891407966614,67.97930908203125,0.5909394025802612,9.226520538330078,0.2829723358154297,6.837351322174072,12.067604064941406,88.39573669433594,71.3460693359375,0.08838153630495071,0.5775815844535828,0.05115736275911331,3.2491705417633057,6.419379234313965,bowl,4561.330078125,4.520737171173096,24.756061553955078,494.3251647949219,4.297133922576904
ASC203,Cauliflower kofta curry (Phoolgobhi kofta curry),641.099609375,2.616612434387207,1.037197470664978,69.62345886230469,0.9967566132545471,12.25902271270752,0.3999592363834381,7.819391250610352,18.14608383178711,93.64952087402344,82.15858459472656,0.12798403203487396,0.5905760526657104,0.043590281158685684,7.5905890464782715,12.586625099182129,bowl,4559.30810546875,7.376236915588379,18.608562469482422,495.14117431640625,7.088634014129639
ASC204,Cabbage kofta curry (Pattagobhi kofta curry),639.812744140625,2.87414813041687,0.9756070971488953,69.40044403076172,0.9021880030632019,15.45669174194336,0.33889394998550415,7.323873043060303,16.55769157409668,92.85335540771484,72.20819854736328,0.11381353437900543,0.5889198780059814,0.043664343655109406,6.108570575714111,12.675771713256836,bowl,4562.95263671875,6.957736968994141,20.497562408447266,494.94317626953125,6.434134006500244
ASC205,Ghiya/Lauki Kofta Curry,638.7068481445312,2.7090401649475098,0.8883207440376282,69.40149688720703,0.8348828554153442,11.635022163391113,0.32942917943000793,6.581413745880127,15.070670127868652,91.4315414428711,60.74529266357422,0.11276189237833023,0.5889198780059814,0.03209627419710159,3.0672202110290527,12.216203689575195,bowl,4555.0654296875,6.3352370262146,19.3200626373291,494.9506530761719,5.954133987426758
ASC206,Spinach paneer kofta curry (Palak paneer kofta curry),606.025146484375,2.942911386489868,1.426927924156189,65.40789031982422,0.7456361055374146,37.70811462402344,0.6775278449058533,16.58902931213379,25.352367401123047,99.3712158203125,125.10491943359375,0.2265147566795349,0.5508196353912354,0.041537705808877945,6.208003520965576,25.95780372619629,bowl,4620.94189453125,10.880325317382812,22.439699172973633,498.7351379394531,5.6854753494262695
ASC207,Vegetarian egg kofta curry,627.4058227539062,4.260971546173096,1.3274797201156616,67.24187469482422,0.6372975707054138,28.388713836669922,0.38765856623649597,8.048225402832031,26.304697036743164,95.89279174804688,104.037109375,0.2011302262544632,0.5668016076087952,0.03319500759243965,4.801083087921143,9.15324592590332,bowl,4649.0771484375,9.836625099182129,31.57379913330078,498.2622985839844,4.72237491607666
ASC208,Baked vegetables,88.98686218261719,8.436529159545898,3.669917345046997,4.436777114868164,2.335702419281006,80.19917297363281,0.6214049458503723,19.92727279663086,90.11817932128906,124.69999694824219,221.87603759765625,0.5214875936508179,32.53388595581055,0.11867768317461014,15.554545402526855,25.516529083251953,bowl,269.18524169921875,11.101499557495117,25.52050018310547,13.421250343322754,7.065500259399414
ASC209,Cauliflower musallam (Phoolgobhi musallam),58.82717514038086,4.484461307525635,1.8922444581985474,3.5467426776885986,3.0581061840057373,24.610340118408203,0.8320546746253967,20.8736572265625,39.611366271972656,123.3568344116211,266.33660888671875,0.2935571074485779,0.0,0.11725083738565445,33.07615280151367,35.55791091918945,bowl,127.05198669433594,4.086774826049805,9.685315132141113,7.6600775718688965,6.604744911193848
ASC210,Baked vegetables with spinach ,77.79354858398438,6.929444313049316,3.2176640033721924,4.027524948120117,2.325833797454834,78.62635803222656,1.1582608222961426,35.61738967895508,74.08360290527344,122.84779357910156,314.3216552734375,0.49636489152908325,26.672727584838867,0.12422019988298416,18.641685485839844,52.72219467163086,bowl,329.47320556640625,13.627531051635742,29.347755432128906,17.05747413635254,9.85042953491211
ASC211,Baked potato with skin ,135.77285766601562,11.109951972961426,3.426379680633545,8.503636360168457,1.1966826915740967,90.06060791015625,0.4952472150325775,21.176395416259766,121.8934555053711,354.5013732910156,392.7113342285156,0.5119298100471497,86.95375061035156,0.07901116460561752,15.15342903137207,12.74542236328125,bowl,106.41197967529297,2.685425043106079,8.707425117492676,6.664725303649902,0.9379000067710876
ASC212,Shepherd's pie (vegetarian),135.63352966308594,12.034181594848633,5.0406107902526855,7.304504871368408,2.2289252281188965,85.58631134033203,0.7598341107368469,25.044645309448242,86.22897338867188,118.19754028320312,332.0761413574219,0.7715702056884766,47.78231430053711,0.10096872597932816,19.09334945678711,33.4107551574707,bowl,367.11248779296875,13.643169403076172,32.57231903076172,19.77073860168457,6.032920837402344
ASC213,Baked brinjal in tomato sauce,38.62895965576172,4.129225254058838,1.5794516801834106,1.6234697103500366,2.340339422225952,26.237640380859375,0.32067885994911194,15.565099716186523,31.14244270324707,79.65674591064453,187.99478149414062,0.23854075372219086,0.0,0.07892370223999023,15.870858192443848,24.135509490966797,bowl,166.44253540039062,6.80546236038208,17.791799545288086,6.995124816894531,10.083937644958496
ASC214,Dum aloo,682.3298950195312,3.3304882049560547,0.6982631683349609,74.0066909790039,0.6791980266571045,16.494491577148438,0.3564392030239105,8.62622356414795,19.1403865814209,183.85401916503906,119.54544067382812,0.12445434927940369,1.2526469230651855,0.030644964426755905,4.382259368896484,5.132079601287842,bowl,4575.56787109375,4.682413101196289,22.333587646484375,496.2740783691406,4.554565906524658
ASC215,Spinach paneer (Palak paneer),77.6831283569336,4.429644584655762,4.033646583557129,4.763011932373047,1.9068105220794678,113.24767303466797,1.8513199090957642,54.126312255859375,69.62199401855469,166.8661651611328,386.6309509277344,0.6839509010314941,0.0,0.11440777778625488,20.376861572265625,90.37367248535156,bowl,229.55364990234375,11.919425010681152,13.089600563049316,14.074700355529785,5.63462495803833
ASC216,Methi chaman,475.62451171875,2.778881788253784,1.5414977073669434,50.90748596191406,0.5260059833526611,60.56904602050781,0.6280179619789124,12.50504207611084,41.039737701416016,54.94015121459961,115.42436218261719,0.1885921061038971,0.0,0.04756365343928337,6.316175937652588,14.163819313049316,bowl,4763.37939453125,15.43809986114502,27.830501556396484,509.8385009765625,5.267950057983398
ASC217,Sarson ka saag,87.84226989746094,5.325719356536865,3.004992723464966,5.860703468322754,3.6934401988983154,134.40908813476562,2.4333205223083496,55.109169006347656,61.907386779785156,165.45291137695312,399.5634765625,0.6464124321937561,50.76700210571289,0.15910398960113525,42.11748504638672,90.78158569335938,bowl,124.26167297363281,4.2508625984191895,7.533762454986572,8.29055118560791,5.224740505218506
ASC218,Jackfruit sabzi (Kathal ki sabzi),625.3995971679688,3.4002726078033447,0.6894789338111877,67.59599304199219,1.0243123769760132,9.849343299865723,0.2703556418418884,8.878149032592773,8.83129596710205,58.94796371459961,80.7494888305664,0.07667769491672516,0.0,0.055068183690309525,3.9063940048217773,8.897927284240723,bowl,2258.724365234375,2.490156650543213,12.280593872070312,244.13307189941406,3.699457883834839
ASC219,Avial,124.55918884277344,8.47270679473877,2.4609272480010986,8.936988830566406,5.443193435668945,31.90111541748047,1.0128589868545532,36.4007568359375,60.03023147583008,81.49559783935547,378.29833984375,0.3962877094745636,0.0,0.1722733974456787,28.246309280395508,32.26972579956055,bowl,417.3355712890625,8.245336532592773,28.38780403137207,29.943382263183594,18.2374210357666
ASC220,Al yakhani,147.54446411132812,4.646077632904053,2.857478380203247,13.144094467163086,1.2702155113220215,103.88038635253906,0.4603448212146759,18.73362159729004,84.25708770751953,206.2366180419922,198.34913635253906,0.4196551740169525,12.068965911865234,0.055096983909606934,2.3318965435028076,26.186294555664062,bowl,342.30316162109375,6.629349708557129,10.778900146484375,30.494298934936523,2.946899890899658
ASC221,Shahi paneer,156.49583435058594,6.6409196853637695,5.063810348510742,12.341103553771973,1.4023563861846924,125.37715148925781,0.620428740978241,18.28955841064453,97.37495422363281,215.34524536132812,170.60098266601562,0.7572769522666931,92.1859359741211,0.08886635303497314,11.886905670166016,30.298254013061523,bowl,405.8562927246094,13.132486343383789,17.22256088256836,32.00542068481445,3.636871099472046
ASC222,Paneer in butter sauce,145.60780334472656,9.701619148254395,6.986546993255615,8.809211730957031,1.497916340827942,170.5879669189453,0.847585916519165,23.01343536376953,126.5750732421875,151.44834899902344,158.3416748046875,1.0556049346923828,45.9404296875,0.08297690749168396,11.492619514465332,41.32465362548828,bowl,228.29847717285156,10.954206466674805,15.211169242858887,13.811963081359863,2.3485829830169678
ASC223,Methi malai paneer,194.97784423828125,8.150174140930176,7.340943813323975,14.758784294128418,1.4724628925323486,183.9575958251953,0.7681965231895447,22.079120635986328,135.3990936279297,221.16030883789062,125.71751403808594,1.055617332458496,37.62120056152344,0.06903684139251709,7.031673908233643,38.195396423339844,bowl,377.0384216308594,14.195549964904785,15.76039981842041,28.5398006439209,2.8473751544952393
ASC224,Chilli paneer,777.5137329101562,3.3070476055145264,2.1021547317504883,84.01101684570312,0.5005616545677185,42.90443801879883,0.3553999960422516,8.814303398132324,38.6172981262207,89.04096984863281,54.24919128417969,0.3206162452697754,0.8757746815681458,0.021029876545071602,1.6400389671325684,9.667752265930176,bowl,2308.28271484375,6.240877151489258,9.817962646484375,249.4119110107422,1.486067533493042
ASC225,Paneer makhana korma,775.816162109375,4.631985187530518,3.242100477218628,82.75785827636719,0.2097858339548111,72.89291381835938,0.5533690452575684,20.505701065063477,81.40260314941406,77.00662994384766,95.39456176757812,0.5037561655044556,6.774299621582031,0.035140033811330795,0.10583195835351944,15.52819538116455,bowl,4709.2041015625,19.679550170898438,28.11614990234375,502.3401794433594,1.273400068283081
ASC226,Kadhai Paneer,107.99248504638672,7.340911388397217,4.332953453063965,6.807462692260742,2.0674757957458496,91.5273208618164,0.6450567245483398,22.39974594116211,80.68019104003906,144.33041381835938,290.80609130859375,0.6594797968864441,0.0,0.1158413216471672,26.978246688842773,36.813720703125,bowl,343.5564880371094,13.784425735473633,23.353641510009766,21.65658187866211,6.577260971069336
ASC227,Roghan josh,139.58607482910156,4.928968906402588,9.558643341064453,9.021520614624023,2.0765023231506348,112.3263931274414,1.7671958208084106,20.99544906616211,106.86953735351562,204.31137084960938,294.0424499511719,0.29927757382392883,3.559170961380005,0.07048048824071884,5.260047912597656,15.396498680114746,bowl,329.4371032714844,22.55935287475586,11.632859230041504,21.291690826416016,4.900753021240234
ASC228,Spinach mutton (Palak mutton),80.32388305664062,3.4480481147766113,5.742547035217285,4.710127353668213,2.232619285583496,96.87589263916016,2.375621795654297,54.93227767944336,68.66068267822266,121.10250091552734,464.28460693359375,0.3819520175457001,1.7283594608306885,0.11138474196195602,18.130128860473633,80.52041625976562,bowl,390.3821105957031,27.909353256225586,16.757858276367188,22.89168930053711,10.850752830505371
ASC229,Pea keema curry (Matar keema ki sabzi),133.0029754638672,6.240138053894043,8.433099746704102,8.137558937072754,2.9595608711242676,35.604713439941406,1.3503838777542114,27.285594940185547,89.75105285644531,148.37612915039062,252.62734985351562,1.4834284782409668,2.675740957260132,0.15651775896549225,16.177541732788086,24.76119041442871,bowl,457.30413818359375,28.995527267456055,21.455467224121094,27.9793701171875,10.175858497619629
ASC230,Keema kofta curry,154.45361328125,5.644655227661133,9.769634246826172,10.388391494750977,1.5072987079620361,49.8857536315918,1.2537237405776978,22.065744400024414,118.72000885009766,311.51080322265625,251.55941772460938,1.6483685970306396,19.40528678894043,0.15020570158958435,5.868860721588135,15.98078727722168,kofta,63.824092864990234,4.037056922912598,2.332512617111206,4.29274320602417,0.6228535175323486
ASC231,Kashmiri mutton koftas (Gushtaba),97.42452239990234,3.0412137508392334,6.334486961364746,6.767289161682129,0.624586820602417,52.5341682434082,0.8485651016235352,15.87501049041748,86.43170928955078,130.11126708984375,171.55044555664062,1.143318772315979,18.0511474609375,0.08599621802568436,1.0594524145126343,7.388232707977295,gushtaba,296.1949157714844,19.258424758911133,9.246049880981445,20.574251174926758,1.898900032043457
ASC232,Mutton yakhni,104.12504577636719,0.8425586819648743,8.272323608398438,7.70028018951416,0.6720439195632935,88.60865783691406,1.6593797206878662,8.538444519042969,72.01225280761719,101.01701354980469,154.3021697998047,0.10284298658370972,0.0,0.006978246849030256,0.038768038153648376,2.805298328399658,bowl,241.72628784179688,19.204200744628906,1.9560000896453857,17.87619972229004,1.5601500272750854
ASC233,Chicken yakhni,99.0019760131836,0.7757287621498108,10.658814430236816,6.098036766052246,0.6187388300895691,28.23596954345703,0.9312909245491028,17.474519729614258,91.52348327636719,97.38290405273438,175.3767547607422,0.46589329838752747,3.31231427192688,0.2586555480957031,0.03569303825497627,5.251040935516357,bowl,249.63348388671875,26.876201629638672,1.9560000896453857,15.376200675964355,1.5601500272750854
ASC234,Mutton do piaza,183.30474853515625,4.136778354644775,9.38663387298584,14.41110897064209,1.9265577793121338,118.61412811279297,1.6347720623016357,18.38344955444336,120.409423828125,118.61749267578125,240.91868591308594,0.5031687021255493,110.9696044921875,0.08061550557613373,2.2539892196655273,20.455896377563477,bowl,603.0726318359375,30.88202476501465,13.610000610351562,47.41254806518555,6.338375091552734
ASC236,Mutton chops,663.6375122070312,1.479083776473999,4.02982759475708,71.31482696533203,0.17231284081935883,36.177738189697266,0.6358502507209778,2.3205201625823975,39.64966583251953,51.03349304199219,70.55713653564453,0.09078367054462433,7.679437160491943,0.016833268105983734,1.0722254514694214,4.769418716430664,chop,2320.30908203125,14.08968734741211,5.171394348144531,249.34158325195312,0.6024659872055054
ASC237,Shammi kebab,685.6908569335938,3.53739333152771,4.516568660736084,72.60784912109375,1.049996018409729,13.113215446472168,0.7452214360237122,11.031270027160645,53.079898834228516,54.274166107177734,110.91696166992188,0.7544904351234436,7.958179473876953,0.05464860051870346,0.9580143094062805,12.000645637512207,kabab,1173.9541015625,7.732704162597656,6.0562825202941895,124.3100814819336,1.7976720333099365
ASC238,Scotch egg,676.8924560546875,1.907884120941162,4.051231384277344,72.62322998046875,0.3577994108200073,15.030348777770996,0.5974989533424377,6.8045454025268555,48.31052017211914,90.67403411865234,72.33882904052734,0.5721558928489685,22.433605194091797,0.053979210555553436,0.7565628886222839,8.943044662475586,piece,2318.052001953125,13.87364387512207,6.533644199371338,248.70188903808594,1.22530198097229
ASC239,Shepherd's pie (with minced meat),142.7765350341797,8.057974815368652,7.448980808258057,8.878308296203613,1.0464756488800049,21.297134399414062,0.8431112766265869,20.37175178527832,92.81278991699219,197.24722290039062,357.8807373046875,1.352858066558838,36.13058090209961,0.123244509100914,10.311125755310059,11.213117599487305,dish,267.8844909667969,13.976149559020996,15.1187744140625,16.65792465209961,1.9634500741958618
ASC240,Chicken curry,129.22390747070312,3.378472328186035,11.794968605041504,7.5691046714782715,1.4060683250427246,27.289676666259766,0.868752658367157,21.893064498901367,107.80882263183594,108.00471496582031,253.48512268066406,0.55867600440979,4.073812484741211,0.31801754236221313,6.771995544433594,15.607994079589844,bowl,320.3783874511719,29.24267578125,8.376077651977539,18.765703201293945,3.485995054244995
ASC241,Tandoori chicken,145.19863891601562,2.3364603519439697,16.263874053955078,7.933260917663574,0.5048695206642151,44.32575225830078,0.8996210694313049,22.01767349243164,154.07064819335938,158.00155639648438,287.20947265625,0.7097085118293762,8.717379570007324,0.40663936734199524,2.743903398513794,12.682229042053223,chicken,2092.02197265625,234.3299102783203,33.663719177246094,114.30242156982422,7.274159908294678
ASC242,Butter chicken,137.00289916992188,3.7448949813842773,10.924116134643555,8.699542045593262,1.3239551782608032,25.27956771850586,0.9223796725273132,23.269739151000977,102.51565551757812,26.21172332763672,319.5255432128906,0.5130415558815002,48.97803497314453,0.30069366097450256,11.862332344055176,14.842944145202637,large piece,377.038818359375,30.06371307373047,10.306138038635254,23.94157600402832,3.6435909271240234
ASC243,Chicken kebab,729.4060668945312,1.113486647605896,3.707453489303589,78.8861312866211,0.21231235563755035,3.457122564315796,0.2776876389980316,5.237247943878174,31.706859588623047,69.7614517211914,62.6715087890625,0.15322436392307281,1.1234866380691528,0.09431799501180649,0.33101293444633484,3.0912792682647705,kabab,903.7341918945312,4.59353494644165,1.3796099424362183,97.73991394042969,0.2630550265312195
ASC244,Chilli chicken,198.8343048095703,2.859405279159546,9.572081565856934,16.562744140625,0.9930559396743774,12.974178314208984,0.6558838486671448,16.47649574279785,84.3507080078125,223.74600219726562,207.3008575439453,0.3910963535308838,2.69892954826355,0.2536376118659973,14.268070220947266,13.325358390808105,bowl,769.130859375,37.02672576904297,11.060751914978027,64.06800842285156,3.841338872909546
ASC245,Fried chicken with tomato sauce (Fried chicken tamatar ki chutney kay saath),125.03194427490234,2.506707191467285,11.478141784667969,7.610383987426758,1.1332929134368896,16.08531379699707,0.6381010413169861,17.771394729614258,101.90634155273438,107.563232421875,242.33837890625,0.4851919412612915,3.5151515007019043,0.3105858564376831,8.70830249786377,14.071818351745605,piece,154.72703552246094,14.204200744628906,3.1020500659942627,9.41784954071045,1.4024499654769897
ASC246,Fish curry (Machli curry),111.1279067993164,3.7737722396850586,8.761919975280762,6.691418170928955,1.885729432106018,52.060821533203125,1.0903570652008057,24.1091365814209,101.87117004394531,184.7136688232422,241.98109436035156,0.5272819399833679,2.6262943744659424,0.1519726663827896,8.8501615524292,15.92825698852539,bowl,282.2315368652344,22.252647399902344,9.584249496459961,16.99419403076172,4.789186954498291
ASC247,Fried fish (Indian style) (Tali hui machli),658.5440673828125,5.4047698974609375,4.345427989959717,68.8800048828125,0.6069307327270508,11.113790512084961,0.5587058067321777,10.226414680480957,46.89975357055664,156.93601989746094,75.4890365600586,0.2043847292661667,2.311173915863037,0.04121287167072296,2.04384708404541,9.955286026000977,piece,2327.953369140625,15.361087799072266,19.10586166381836,243.49081420898438,2.1454999446868896
ASC248,Fried fish and Chips (English Style) (Tali hui machli aur chips),651.7488403320312,2.770275831222534,3.3602795600891113,69.69393920898438,0.28517377376556396,6.562164306640625,0.2617413103580475,8.051199913024902,40.200645446777344,72.73255157470703,90.72447204589844,0.14728771150112152,7.891078472137451,0.03566822037100792,3.175779342651367,4.536574840545654,fillet,4547.57763671875,23.44635009765625,19.329599380493164,486.2894287109375,1.989799976348877
ASC249,Tomato fish,489.78814697265625,3.17728853225708,2.3944642543792725,51.9081916809082,0.7157089114189148,6.460536003112793,0.23736633360385895,9.638017654418945,31.483537673950195,91.4678726196289,115.54175567626953,0.13493238389492035,7.090388774871826,0.04924880713224411,7.75774621963501,7.94262170791626,bowl,4740.806640625,23.176738739013672,30.75392723083496,502.4349670410156,6.927561283111572
ASC250,Baked fish with cheese sauce,113.96247100830078,4.064233303070068,8.636777877807617,7.021681785583496,0.07612720876932144,115.64240264892578,0.2590600848197937,16.83982276916504,170.771728515625,209.47509765625,158.5144805908203,0.5381484031677246,43.898231506347656,0.06801412999629974,2.8183743953704834,8.300727844238281,bowl,403.1422424316406,30.552600860595703,14.377224922180176,24.839200973510742,0.26930001378059387
ASC251,Fish tikka,117.33052825927734,3.9073238372802734,15.997218132019043,4.149013996124268,1.1778521537780762,31.984859466552734,1.409824013710022,35.49911880493164,178.14260864257812,503.43682861328125,296.4260559082031,0.6253873109817505,11.507041931152344,0.13552816212177277,2.5401408672332764,13.024894714355469,piece,41.65233612060547,5.679012775421143,1.3870999813079834,1.4729000329971313,0.41813749074935913
ASC252,Tandoori fish,95.9795150756836,2.374371290206909,11.191893577575684,4.642070770263672,0.5800588726997375,37.272525787353516,0.4608560800552368,24.801122665405273,138.5438232421875,123.94243621826172,226.36436462402344,0.42894062399864197,19.213483810424805,0.11031567305326462,8.416292190551758,11.790668487548828,piece,224.2321319580078,26.147062301635742,5.547125339508057,10.845037460327148,1.355162501335144
ASC253,"Paneer, apple and pineapple salad",95.08026885986328,8.348224639892578,3.8840737342834473,5.067788600921631,1.647458791732788,103.04783630371094,0.8402618765830994,22.731367111206055,86.94471740722656,176.63133239746094,185.05392456054688,0.6145684123039246,31.243452072143555,0.08733268827199936,9.814083099365234,26.044160842895508,bowl,245.0693817138672,10.011199951171875,21.517549514770508,13.062225341796875,4.2463250160217285
ASC254,Russian salad,114.8276596069336,6.499463081359863,4.262938499450684,7.836682319641113,2.5697314739227295,34.923316955566406,1.226982593536377,24.518831253051758,64.30995178222656,101.09191131591797,254.54344177246094,0.5697630643844604,50.61611557006836,0.1469668298959732,15.658073425292969,32.96183395385742,bowl,363.4295349121094,13.492199897766113,20.57080078125,24.8031005859375,8.133199691772461
ASC255,Pasta salad,190.3612060546875,12.696222305297852,4.153348922729492,13.917381286621094,0.9554808735847473,66.74185180664062,0.8140672445297241,20.160232543945312,74.80695343017578,152.30845642089844,162.15921020507812,0.5688064694404602,33.48783493041992,0.0919119343161583,17.97578239440918,26.207046508789062,bowl,410.70428466796875,8.96084976196289,27.392099380493164,30.026750564575195,2.0614500045776367
ASC256,Deviled egg,98.55766296386719,2.2294209003448486,4.967010974884033,7.715618133544922,1.1514867544174194,36.839500427246094,1.5092332363128662,21.302160263061523,76.9570541381836,117.28939056396484,185.40689086914062,0.5851330161094666,66.85446166992188,0.1062597781419754,11.529703140258789,30.293865203857422,egg,157.44586181640625,7.934799671173096,3.561500072479248,12.325699806213379,1.839500069618225
ASC257,Hawain salad,175.2334442138672,14.351881980895996,4.268974781036377,11.366477966308594,3.9338231086730957,61.027706146240234,1.1186811923980713,27.74441909790039,72.05964660644531,64.91674041748047,204.63902282714844,0.6451115012168884,22.40975570678711,0.12370286881923676,13.28331184387207,31.732572555541992,bowl,682.643798828125,16.630325317382812,55.909549713134766,44.279537200927734,15.324699401855469
ASC258,Mixed pulse and vegetable salad,83.11799621582031,13.961459159851074,4.735941410064697,0.8368490934371948,2.9610753059387207,51.62807083129883,2.1267154216766357,49.994712829589844,93.2432861328125,127.77945709228516,442.6478271484375,0.7800782322883606,0.0,0.13494645059108734,14.018461227416992,62.139347076416016,bowl,141.23410034179688,8.047311782836914,23.723312377929688,1.4219740629196167,5.031459331512451
ASC259,Sprouted moong salad ,37.80807113647461,5.483361721038818,2.28932523727417,0.738871157169342,0.9467975497245789,54.55671310424805,1.4545644521713257,22.91759490966797,55.089080810546875,116.3757553100586,254.1754608154297,0.3903803527355194,4.12269926071167,0.09009815752506256,13.665178298950195,24.423030853271484,bowl,77.03394317626953,4.6645002365112305,11.17234992980957,1.5054500102996826,1.9291000366210938
ASC260,Tossed salad,62.958805084228516,4.951407432556152,1.024545431137085,4.218504428863525,2.1481525897979736,32.37120056152344,0.8605278730392456,17.76263999938965,29.21202278137207,77.50202178955078,232.98240661621094,0.2327859252691269,0.0,0.0861876830458641,25.132492065429688,29.229089736938477,bowl,214.68951416015625,3.4937000274658203,16.884300231933594,14.385099411010742,7.325200080871582
ASC261,Mixed vegetable salad with curd sauce,60.28056716918945,7.034287452697754,4.229650020599365,1.500777006149292,3.785794496536255,65.51189422607422,1.3463419675827026,32.93682861328125,67.79161834716797,116.65604400634766,267.24176025390625,0.6730382442474365,17.407854080200195,0.1752975583076477,17.516603469848633,40.077964782714844,bowl,129.8563995361328,9.111512184143066,15.1532621383667,3.232974052429199,8.15535831451416
ASC262,Potato salad (Aloo ka salaad),89.90807342529297,11.18877124786377,1.3974575996398926,4.396949291229248,1.3211016654968262,25.61457633972168,0.9945762753486633,21.312881469726562,38.46707534790039,125.01068115234375,347.44915771484375,0.29661017656326294,0.0,0.087711863219738,24.906482696533203,22.33741569519043,bowl,212.1830596923828,3.297999858856201,26.405500411987305,10.376800537109375,3.117799997329712
ASC263,Waldroff salad,141.75323486328125,11.019432067871094,1.4740771055221558,10.051034927368164,1.8653548955917358,29.293874740600586,1.066409707069397,19.233793258666992,37.09777069091797,13.418539047241211,192.8640899658203,0.2975253462791443,29.026369094848633,0.09470587968826294,8.692049026489258,16.476917266845703,bowl,349.4217224121094,3.6335999965667725,27.162900924682617,24.775800704956055,4.598099708557129
ASC264,Coleslaw,76.7125244140625,5.590819835662842,1.2383606433868408,5.3203277587890625,2.3380327224731445,37.001312255859375,0.6314753890037537,13.134098052978516,32.26426315307617,29.87016487121582,207.70492553710938,0.2209836095571518,22.918033599853516,0.09688524901866913,15.07245922088623,27.530820846557617,bowl,116.98660278320312,1.8884999752044678,8.526000022888184,8.113499641418457,3.565499782562256
ASC265,Fruit salad (Phalon ka salaad),78.13645935058594,15.960444450378418,0.9142269492149353,1.2166118621826172,1.5767269134521484,25.93231964111328,0.8057565689086914,17.558059692382812,23.114227294921875,7.106660842895508,178.27137756347656,0.17837171256542206,14.358552932739258,0.11159539222717285,17.252138137817383,14.933305740356445,bowl,237.53482055664062,2.779249906539917,48.51974868774414,3.698499917984009,4.79325008392334
ASC269,Tomato onion raita (Tamatar aur pyaaz ka raita),59.00474166870117,7.080774307250977,3.735541582107544,1.8423898220062256,0.9748601317405701,120.61609649658203,0.25594642758369446,18.224977493286133,106.97315216064453,165.2069854736328,237.7327117919922,0.5026081800460815,15.759553909301758,0.10013002157211304,8.466802597045898,19.570283889770508,bowl,104.83372497558594,6.636936664581299,12.580411911010742,3.273374080657959,1.7320340871810913
ASC270,Peanut raita (Mungfali ka raita),150.38760375976562,9.30008316040039,8.590476036071777,8.979681015014648,1.8900578022003174,174.59698486328125,0.7371321320533752,49.52336883544922,204.41851806640625,235.8329315185547,351.78094482421875,1.1106904745101929,22.82546615600586,0.1279049515724182,2.1141836643218994,29.895267486572266,bowl,184.48048400878906,10.53793716430664,11.408411979675293,11.015374183654785,2.3185338973999023
ASC271,Sprouted moong raita ,60.894527435302734,6.12721061706543,4.623001575469971,2.1873152256011963,0.15886159241199493,139.436767578125,0.8621471524238586,18.569671630859375,125.14586639404297,189.2017059326172,208.77035522460938,0.574103593826294,18.340211868286133,0.09556625783443451,2.3537492752075195,17.684236526489258,bowl,92.9676742553711,7.057936668395996,9.354412078857422,3.33937406539917,0.24253399670124054
ASC272,Bottle gourd raita (Ghiya/Lauki ka raita),56.30751037597656,5.760406017303467,3.9778194427490234,2.066138744354248,0.8531695604324341,138.26431274414062,0.22678980231285095,17.564233779907227,118.27156066894531,188.36984252929688,234.31564331054688,0.5249780416488647,18.340211868286133,0.07919106632471085,3.116832971572876,25.86855697631836,bowl,85.96467590332031,6.07293701171875,8.794412612915039,3.15437388420105,1.3025339841842651
ASC273,Cucumber raita (Kheere ka raita),59.12535095214844,6.349913120269775,4.036769866943359,2.0759637355804443,0.8597196936607361,138.5819854736328,0.2922905683517456,20.65914535522461,122.30968475341797,189.9647979736328,253.63836669921875,0.531528115272522,18.340211868286133,0.0922912135720253,3.6997897624969482,17.6318359375,bowl,90.26667785644531,6.162936687469482,9.694412231445312,3.1693739891052246,1.3125340938568115
ASC274,Carrot and spinach raita (Gajar aur palak ka raita),56.82553482055664,5.834925651550293,4.004861354827881,1.9850701093673706,1.394458293914795,142.56521606445312,1.0363258123397827,38.846073150634766,112.35447692871094,180.7912139892578,380.75067138671875,0.5735262036323547,15.759553909301758,0.120110884308815,10.856345176696777,53.756134033203125,bowl,100.96192169189453,7.115437030792236,10.366911888122559,3.52687406539917,2.477534055709839
ASC275,Mint raita (Pudinay ka raita),77.58534240722656,7.645182132720947,5.6378493309021,2.9639573097229004,0.3442571759223938,198.22119140625,0.3701538145542145,22.49958610534668,166.1079559326172,274.378173828125,292.8343505859375,0.708401620388031,26.75074005126953,0.10920129716396332,2.80564546585083,19.69860076904297,bowl,81.20857238769531,5.901136875152588,8.002212524414062,3.1023740768432617,0.36033397912979126
ASC276,Potato raita (Aloo ka raita),75.379638671875,10.23905086517334,4.220800876617432,2.039623260498047,0.7503228187561035,132.3105926513672,0.33598020672798157,21.937475204467773,124.590087890625,183.36700439453125,376.2793884277344,0.5584347248077393,17.758609771728516,0.10522039979696274,9.720282554626465,17.14278221130371,bowl,118.85107421875,6.654936790466309,16.143911361694336,3.215873956680298,1.183034062385559
ASC277,Boondi raita,687.7191162109375,3.962462902069092,2.1937742233276367,73.82686614990234,0.45986318588256836,49.00265884399414,0.2382592260837555,7.396427154541016,47.878753662109375,99.18282318115234,79.70999908447266,0.22663624584674835,6.385404586791992,0.043397948145866394,0.23565183579921722,11.50421142578125,bowl,2261.736328125,7.214775085449219,13.031549453735352,242.798095703125,1.512374997138977
ASC278,Sweet raita (Meetha raita),99.2430191040039,17.931249618530273,3.2395832538604736,1.7791666984558105,1.019791603088379,108.91197967529297,0.2135416567325592,16.72447967529297,94.58072662353516,42.984375,233.2916717529297,0.4177083373069763,14.583333015441895,0.14218750596046448,2.7098958492279053,12.968229293823242,bowl,190.54660034179688,6.21999979019165,34.428001403808594,3.4159998893737793,1.9579999446868896
ASC279,Dahi vadas/Dahi bhalla,667.726318359375,5.486240863800049,2.960587739944458,70.4029312133789,0.9654499292373657,49.03323745727539,0.48743104934692383,17.837677001953125,65.22957611083984,78.9994888305664,152.37155151367188,0.3812844753265381,6.095790863037109,0.041545718908309937,0.332931786775589,10.626291275024414,vada,1150.15869140625,5.099612712860107,9.450050354003906,121.26905059814453,1.6629875898361206
ASC280,Gunjia,667.341552734375,5.677238941192627,2.9820384979248047,70.276611328125,1.1347854137420654,48.16020202636719,0.4990844130516052,17.83121681213379,65.46951293945312,77.89739990234375,154.15879821777344,0.3841702342033386,6.0085835456848145,0.041609443724155426,0.29127323627471924,10.905786514282227,gunjia,1166.179443359375,5.2111124992370605,9.920974731445312,122.8083724975586,1.9830374717712402
ASC281,Saunth/Sonth chutney with tamarind/imli,141.5258026123047,33.551185607910156,1.0124576091766357,0.1537853181362152,0.9340395331382751,54.7401123046875,2.710395574569702,46.269775390625,38.946327209472656,244.37570190429688,267.27117919921875,0.23387004435062408,0.0,0.21889829635620117,0.5367231369018555,5.608163833618164,teaspoon,25.050067901611328,0.1792050004005432,5.9385600090026855,0.027219999581575394,0.16532500088214874
ASC282,Rice kheer (Chawal ki kheer),75.02603149414062,10.049087524414062,2.2972254753112793,2.972336530685425,0.17283688485622406,75.57288360595703,0.16896836459636688,7.334197521209717,65.40721893310547,16.236207962036133,83.08042907714844,0.2522250711917877,0.0,0.031487371772527695,1.2624876499176025,4.87234354019165,bowl,300.9369201660156,9.214400291442871,40.30789566040039,11.922338485717773,0.6932660341262817
ASC283,Makhana kheer,107.84941864013672,12.878679275512695,3.309985399246216,5.004436492919922,0.11479846388101578,111.64266204833984,0.2812732458114624,13.392614364624023,100.55549621582031,23.400470733642578,139.34913635253906,0.3438207805156708,6.630470275878906,0.04881126061081886,1.8208492994308472,8.546422958374023,bowl,299.9400329589844,9.205400466918945,35.81689453125,13.917839050292969,0.31926602125167847
ASC285,Vermicelli kheer (Semiya/Seviyan ki kheer),120.0692367553711,15.874359130859375,3.3546767234802246,4.997086048126221,0.4955083131790161,104.7973861694336,0.2950742244720459,10.669204711914062,90.33910369873047,22.52063751220703,116.57054138183594,0.3475257158279419,7.933571815490723,0.03710493445396423,1.7447291612625122,7.009106636047363,bowl,279.0769348144531,7.797275066375732,36.89677047729492,11.614727020263672,1.151710033416748
ASC286,Semolina kheer (Suji/Rava kheer),113.2107925415039,15.882381439208984,3.4267563819885254,4.204195022583008,0.5071865916252136,105.99121856689453,0.33625873923301697,10.712333679199219,91.64395904541016,22.6588191986084,122.22579193115234,0.40478846430778503,0.0,0.04089875519275665,1.7598724365234375,7.6111040115356445,bowl,260.8716125488281,7.896275043487549,36.59777069091797,9.687726974487305,1.1687099933624268
ASC287,Paneer kheer,105.30525207519531,10.0291166305542,4.527268886566162,5.372189044952393,0.06796462088823318,144.66281127929688,0.26425766944885254,10.907795906066895,114.01554107666016,23.812915802001953,112.74829864501953,0.540287435054779,0.0,0.039126213639974594,1.7483584880828857,14.446590423583984,bowl,304.78497314453125,13.10327434539795,29.027273178100586,15.548727035522461,0.196710005402565
ASC288,Cabbage kheer (Pattagobhi ki kheer),83.50871276855469,9.72950267791748,2.8700525760650635,3.797400951385498,0.5112251043319702,102.74007415771484,0.2377239316701889,10.993762969970703,83.03862762451172,22.66781234741211,136.0471954345703,0.3056848645210266,0.0,0.053155288100242615,6.821237564086914,13.172293663024902,bowl,212.47122192382812,7.30227518081665,24.754772186279297,9.661726951599121,1.3007099628448486
ASC289,Carrot kheer (Gajar ki kheer),85.349853515625,10.091094970703125,2.8055949211120605,3.8524258136749268,0.7344692349433899,100.11931610107422,0.2770274877548218,10.795673370361328,85.0682601928711,28.539762496948242,142.3357696533203,0.3198341429233551,0.0,0.050011005252599716,2.5717382431030273,9.663273811340332,bowl,217.15562438964844,7.138275146484375,25.674772262573242,9.801727294921875,1.8687100410461426
ASC290,Cauliflower kheer (Phoolgobhi ki kheer),81.95392608642578,8.782567977905273,3.037898540496826,3.9515576362609863,0.55208420753479,101.75132751464844,0.3034658133983612,11.216842651367188,87.51673126220703,25.194534301757812,145.20411682128906,0.329387366771698,0.0,0.050994645804166794,7.856083393096924,12.109603881835938,bowl,249.49234008789062,9.248274803161621,26.736772537231445,12.0297269821167,1.680709958076477
ASC291,Moong dal kheer,77.15716552734375,9.894006729125977,2.952488660812378,2.973688840866089,0.3951878547668457,75.66461944580078,0.28151369094848633,11.909684181213379,76.45097351074219,16.33641242980957,123.55891418457031,0.3103504776954651,0.0,0.03249463438987732,1.2481251955032349,7.967285633087158,bowl,312.8182678222656,11.970274925231934,40.11327362060547,12.05622673034668,1.6022100448608398
ASC292,Phirni,116.11735534667969,16.108293533325195,3.4872515201568604,4.344455242156982,0.35763630270957947,104.5701904296875,0.22634483873844147,11.530425071716309,96.29977416992188,22.47098731994629,114.50547790527344,0.3916683793067932,0.0,0.05030597373843193,1.7371057271957397,7.006551265716553,bowl,336.99578857421875,10.120701789855957,46.749488830566406,12.608477592468262,1.03793203830719
ASC293,Semolina halwa (Suji ka halwa),225.64776611328125,24.666362762451172,2.1644556522369385,13.381912231445312,1.8562361001968384,11.76905632019043,0.6547186970710754,13.076138496398926,27.64226531982422,1.2793622016906738,70.4598388671875,0.4209710657596588,115.52436828613281,0.020682871341705322,0.029933592304587364,4.987276077270508,bowl,360.1789855957031,3.454904079437256,39.3724479675293,21.36020851135254,2.962924003601074
ASC294,Shahi suji halwa,382.3438415527344,44.43684768676758,3.48014235496521,21.725046157836914,2.9615259170532227,18.63580894470215,0.9818616509437561,20.881484985351562,43.894203186035156,2.184180974960327,99.82909393310547,0.6857070326805115,187.58900451660156,0.031302135437726974,0.021078331395983696,7.584059238433838,bowl,375.843994140625,3.4209799766540527,43.681419372558594,21.35572052001953,2.911180019378662
ASC295,Carrot halwa (Gajar ka halwa),172.64108276367188,18.53288459777832,3.1124789714813232,9.732268333435059,2.653146982192993,106.94285583496094,0.7637500762939453,22.983314514160156,98.65240478515625,39.95637130737305,249.92991638183594,0.5406203269958496,54.94308853149414,0.07943149656057358,3.8911349773406982,26.697534561157227,bowl,289.7090148925781,5.223051071166992,31.100034713745117,16.33171844482422,4.452245712280273
ASC296,Egg halwa (Ande ka halwa),299.7441101074219,39.58943176269531,7.854403972625732,13.413471221923828,0.4875647723674774,35.77201843261719,1.4452332258224487,7.932642459869385,96.90155792236328,83.0440902709961,119.02590942382812,0.6927979588508606,159.91709899902344,0.08367875218391418,0.0,25.569169998168945,bowl,289.2530822753906,7.5794997215271,38.203800201416016,12.943999290466309,0.47049999237060547
ASC297,Potato halwa (Aloo ka halwa),151.66384887695312,29.176040649414062,1.526275634765625,3.4848556518554688,1.641784429550171,14.147284507751465,0.6301822066307068,25.147260665893555,41.83168029785156,4.228940486907959,451.7298278808594,0.3000214993953705,23.335865020751953,0.08225259184837341,18.33775520324707,13.10853099822998,bowl,239.68954467773438,2.412126064300537,46.10981369018555,5.507465839385986,2.5946760177612305
ASC298,Pumpkin halwa (Kaddu ka halwa),190.2737579345703,27.604692459106445,1.326190710067749,8.809317588806152,2.9703147411346436,24.341053009033203,0.6297987699508667,19.353864669799805,35.097900390625,8.090763092041016,235.46426391601562,0.24842233955860138,35.681114196777344,0.06449431926012039,5.213808059692383,17.992918014526367,bowl,295.00042724609375,2.0561258792877197,42.798316955566406,13.657966613769531,4.605175971984863
ASC299,Moong dal halwa,349.80303955078125,40.225799560546875,8.35069751739502,17.679285049438477,2.6476988792419434,110.39979553222656,1.5133273601531982,46.777584075927734,172.43670654296875,11.188881874084473,386.8678283691406,1.0521092414855957,130.48538208007812,0.059732675552368164,0.026414720341563225,36.19443893432617,bowl,333.6771240234375,7.9657301902771,38.37139129638672,16.86427116394043,2.5256400108337402
ASC300,Caramel custard (steamed),121.57780456542969,15.015517234802246,4.970086097717285,4.86879301071167,0.0,88.11637878417969,0.5121551752090454,8.217672348022461,102.43965148925781,43.568965911865234,105.29310607910156,0.4901293218135834,42.67241287231445,0.06045689433813095,1.299569010734558,15.174569129943848,bowl,282.06048583984375,11.530599594116211,34.83599853515625,11.295599937438965,0.0
ASC301,Baked custard,106.52605438232422,9.453520774841309,5.413426876068115,5.303098201751709,0.0,95.31925201416016,0.5446948409080505,8.819249153137207,111.51173400878906,47.12675857543945,114.35680389404297,0.5272769927978516,46.47887420654297,0.06584976613521576,1.4154930114746094,16.528169631958008,bowl,226.90049743652344,11.530599594116211,20.13599967956543,11.295599937438965,0.0
ASC302,Soft Custard (stirred),109.18196105957031,11.189579010009766,5.013466835021973,5.065971851348877,0.0,95.82364654541016,0.48845693469047546,8.72504997253418,106.83486938476562,122.17153930664062,111.75350952148438,0.4924248456954956,39.679359436035156,0.06102605164051056,1.4501001834869385,14.955511093139648,bowl,272.40899658203125,12.508600234985352,27.917999267578125,12.639599800109863,0.0
ASC304,Chocolate ice cream,177.7037811279297,15.408894538879395,4.468894958496094,11.245984077453613,0.0,84.2398910522461,0.4733692705631256,13.629919052124023,97.51860046386719,36.78813934326172,118.05390930175781,0.4873584806919098,125.74124145507812,0.04885714128613472,1.095417857170105,11.792991638183594,ice-cream cup,659.281005859375,16.579599380493164,57.16699981689453,41.722599029541016,0.0
ASC305,Mango ice cream,125.68596649169922,11.135087966918945,3.402543783187866,7.618004322052002,0.515350878238678,67.1694107055664,0.393903523683548,9.597039222717285,71.52357482910156,29.13157844543457,115.29166412353516,0.34728071093559265,101.48026275634766,0.0696842148900032,9.86293888092041,31.197368621826172,ice-cream cup,573.1279907226562,15.515599250793457,50.7760009765625,34.73809814453125,2.3499999046325684
ASC307,Fruit Ice cream (Phalon ka Ice cream),171.460693359375,16.051361083984375,4.373229503631592,10.380544662475586,0.3315175175666809,93.34630584716797,0.36428016424179077,6.733852386474609,70.27703857421875,38.78287887573242,119.98054504394531,0.26303502917289734,90.58365631103516,0.028015563264489174,1.2498054504394531,4.8544745445251465,ice-cream cup,550.8175048828125,14.048999786376953,51.564998626708984,33.34749984741211,1.065000057220459
ASC308,Caramel ice cream,173.52276611328125,14.805932998657227,4.313412189483643,11.152161598205566,0.08412966877222061,87.31939697265625,0.3509136140346527,11.975409507751465,91.33523559570312,33.466060638427734,105.16596221923828,0.43497881293296814,125.10591125488281,0.043559588491916656,1.2041279077529907,9.561906814575195,ice-cream cup,471.0275573730469,11.708757400512695,40.190704345703125,30.27254295349121,0.22836999595165253
ASC309,Lemon souffle,168.50547790527344,13.43206787109375,6.947383880615234,10.019113540649414,0.0,59.812232971191406,0.5645991563796997,7.400844097137451,75.15612030029297,50.727848052978516,88.44092559814453,0.4196413457393646,164.5569610595703,0.05385231971740723,5.443037986755371,13.54852294921875,souffle cup,399.3580017089844,16.465299606323242,31.833999633789062,23.74530029296875,0.0
ASC310,Orange souffle,168.2843017578125,14.199590682983398,6.798155784606934,9.725512504577637,0.22469262778759003,59.03524398803711,0.6462090015411377,8.227971076965332,73.80020904541016,49.22325897216797,101.25614166259766,0.4000000059604645,159.8360595703125,0.0520491786301136,7.8508195877075195,15.545287132263184,souffle cup,410.61370849609375,16.587499618530273,34.64699935913086,23.730249404907227,0.5482500195503235
ASC311,Vanilla souffle,187.85391235351562,14.78069019317627,7.714758396148682,11.19429874420166,0.0,70.602294921875,0.5775632262229919,7.6974711418151855,86.95816040039062,56.73057556152344,90.15862274169922,0.46418389678001404,179.3103485107422,0.05345287173986435,0.5983908176422119,14.12160873413086,souffle cup,408.5822448730469,16.779600143432617,32.14799880981445,24.347599029541016,0.0
ASC312,Chocolate souffle,189.31919860839844,14.740909576416016,7.879227161407471,11.362863540649414,0.0,71.54772186279297,0.7139090895652771,14.673636436462402,94.95636749267578,56.06545639038086,109.25227355957031,0.5527499914169312,177.27273559570312,0.053740907460451126,0.591590940952301,14.479317665100098,souffle cup,416.50225830078125,17.334299087524414,32.43000030517578,24.99829864501953,0.0
ASC313,Pineapple souffle ,196.142578125,15.51683235168457,8.064504623413086,11.72044563293457,0.0,67.23019409179688,0.6104455590248108,7.643564701080322,86.44554138183594,59.17079162597656,88.17079162597656,0.4750247597694397,193.06930541992188,0.05451980233192444,0.49504950642585754,14.683168411254883,souffle cup,396.2080078125,16.290300369262695,31.3439998626709,23.6752986907959,0.0
ASC314,Apple mousse,106.92486572265625,12.765068054199219,4.208219051361084,4.273972511291504,1.5965752601623535,33.76027297973633,0.47534245252609253,8.406164169311523,43.77808380126953,28.785615921020508,109.32191467285156,0.2780821919441223,66.98629760742188,0.053082190454006195,3.967808246612549,9.65068531036377,bowl,390.2757568359375,15.359999656677246,46.592498779296875,15.600000381469727,5.827499866485596
ASC315,Rich chocolate mousse,188.2603302001953,10.837054252624512,7.959429740905762,12.185083389282227,0.0,54.59382629394531,0.9713539481163025,26.655580520629883,97.36817169189453,51.70546340942383,128.77197265625,0.6798574924468994,167.2779083251953,0.05152494087815285,0.3325415849685669,15.030879020690918,cup,396.2879943847656,16.754600524902344,22.812000274658203,25.649600982666016,0.0
ASC316,Mango mousse,124.9756851196289,9.140071868896484,3.207240104675293,8.466129302978516,0.8845161199569702,51.38082504272461,0.3489964008331299,10.479391098022461,40.022403717041016,19.624515533447266,113.70967864990234,0.19605734944343567,125.16129302978516,0.06788530200719833,15.324624061584473,39.671146392822266,cup,348.6821594238281,8.948200225830078,25.50080108642578,23.620500564575195,2.4677999019622803
ASC317,Orange and pineapple cream,101.18311309814453,11.956521987915039,1.4360448122024536,5.428611755371094,1.0314165353775024,35.00056076049805,0.4078541398048401,8.46507740020752,29.61598777770996,10.170266151428223,114.98457336425781,0.1192847192287445,81.6269302368164,0.045408133417367935,22.318653106689453,11.845161437988281,bowl,90.17945098876953,1.2798750400543213,10.65625,4.838250160217285,0.9192500114440918
ASC318,Charlotte rousse,188.2864532470703,34.08068084716797,3.95491099357605,4.780652046203613,1.0092885494232178,34.94841766357422,0.5294861793518066,9.649160385131836,46.18216323852539,56.446048736572266,92.25889587402344,0.26662054657936096,77.0750961303711,0.06013043597340584,9.992588996887207,11.350296020507812,bowl,476.3647155761719,10.005925178527832,86.22412109375,12.095049858093262,2.553499937057495
ASC319,Triffle pudding,116.9670639038086,18.23686981201172,2.9333789348602295,3.934662103652954,0.11804961413145065,48.718563079833984,0.47137725353240967,8.36740779876709,59.70658493041992,26.94525146484375,99.89649200439453,0.31473055481910706,46.80923843383789,0.04760650172829628,6.60650110244751,9.823352813720703,bowl,341.83624267578125,8.572799682617188,53.29724884033203,11.49905014038086,0.3449999988079071
ASC320,Snow flakes pudding,95.21478271484375,8.07217025756836,4.674559593200684,4.968112945556641,0.03333333134651184,101.32830047607422,0.4176729619503021,8.736949920654297,105.45455932617188,39.598114013671875,115.3553466796875,0.45883646607398987,31.132076263427734,0.057314466685056686,1.7188680171966553,13.358805656433105,bowl,302.7829895019531,14.865099906921387,25.66950035095215,15.798599243164062,0.10599999874830246
ASC321,Kulfi,98.42650604248047,11.302668571472168,3.208611488342285,4.696408271789551,0.1230904832482338,111.85828399658203,0.19524581730365753,10.626980781555176,94.0412368774414,23.965652465820312,114.04368591308594,0.3479490578174591,0.0,0.039181847125291824,1.8663661479949951,6.920632362365723,kulfi,265.86968994140625,8.667101860046387,30.5307674407959,12.685937881469727,0.33249202370643616
ASC322,Steamed orange pudding,278.03314208984375,41.52545166015625,2.343419075012207,12.03508472442627,0.5848687887191772,21.14798355102539,0.5488991141319275,11.22695255279541,83.06090545654297,79.10389709472656,108.75772094726562,0.22984877228736877,138.7989044189453,0.03557230904698372,20.230783462524414,14.810368537902832,large slice,298.7744140625,2.518238067626953,44.62324905395508,12.932902336120605,0.6284999847412109
ASC323,Meringue and rice pudding,112.9268798828125,14.604464530944824,4.836517810821533,4.050312519073486,0.16696429252624512,85.43294525146484,0.36781251430511475,8.944598197937012,92.81147003173828,44.15892791748047,110.875,0.41410714387893677,22.098215103149414,0.05446428433060646,1.3459821939468384,11.023750305175781,bowl,252.95620727539062,10.833799362182617,32.7140007019043,9.072699546813965,0.37400001287460327
ASC324,Cheese pudding,285.0148010253906,19.273853302001953,11.291074752807617,18.37196159362793,0.04963085800409317,226.1070098876953,0.8712774515151978,19.031936645507812,196.4073028564453,37.829532623291016,81.7026138305664,1.52535879611969,148.3450927734375,0.05691414326429367,0.2501036822795868,50.128658294677734,large slice,343.5853271484375,13.611390113830566,23.234630584716797,22.14739990234375,0.05982999876141548
ASC325,Chocolate pudding,211.96348571777344,29.589513778686523,3.547400951385498,9.477615356445312,0.5250848531723022,64.56053924560547,0.6028366684913635,12.03885269165039,77.364013671875,171.35647583007812,79.22406768798828,0.3915352523326874,98.77631378173828,0.03458921238780022,0.4549226760864258,10.914371490478516,large slice,351.1969909667969,5.877599716186523,49.026123046875,15.703224182128906,0.8700000047683716
ASC326,Bread and butter pudding ,167.94126892089844,19.62779426574707,5.587009429931641,7.876481533050537,0.9753586053848267,105.54208374023438,0.9005818963050842,19.864545822143555,108.36873626708984,96.29838562011719,155.43167114257812,0.5721921324729919,52.71989440917969,0.062381595373153687,1.282814621925354,17.379133224487305,plate,206.84767150878906,6.881333351135254,24.17490005493164,9.701200485229492,1.2013167142868042
ASC327,Queen of pudding,132.91976928710938,16.34950065612793,5.507628440856934,5.379554748535156,0.2670759856700897,78.26326751708984,0.5310207009315491,9.241074562072754,84.34931182861328,85.59017944335938,107.57405853271484,0.4211665391921997,50.24251937866211,0.05172678455710411,2.4911742210388184,14.318158149719238,large slice,432.9861145019531,17.941099166870117,53.25849914550781,17.52389907836914,0.8700000047683716
ASC328,Pineapple upside down pudding,257.7335205078125,35.731712341308594,3.147427558898926,11.913189888000488,0.801496684551239,26.053882598876953,0.6801683902740479,10.266042709350586,81.3582763671875,74.51805114746094,81.05238342285156,0.34527596831321716,143.9850311279297,0.056688494980335236,7.226099014282227,11.55107593536377,large slice,344.39642333984375,4.205749988555908,47.746498107910156,15.918999671936035,1.0709999799728394
ASC329,Date and nut pie,322.4159851074219,46.86371612548828,3.927433729171753,13.313716888427734,4.1345133781433105,34.68849563598633,1.5424778461456299,40.608848571777344,77.21238708496094,3.8699114322662354,291.1548767089844,0.7451327443122864,84.77876281738281,0.1285398155450821,2.829646110534668,14.257080078125,bowl,728.6600952148438,8.87600040435791,105.91200256347656,30.089000701904297,9.343999862670898
ASC330,Stewed apple with custard,92.87266540527344,18.35978889465332,1.2698413133621216,1.8204585313796997,1.0072309970855713,49.238094329833984,0.18081128597259521,6.112874507904053,38.25396728515625,16.66313934326172,82.78836059570312,0.17001764476299286,0.0,0.028500881046056747,1.9753086566925049,3.597883701324463,piece,263.29400634765625,3.5999999046325684,52.04999923706055,5.160999774932861,2.8554999828338623
ASC331,Apple snowballs,101.51119995117188,24.58092498779297,0.8575337529182434,0.31221580505371094,1.247591495513916,9.4253568649292,0.17606936395168304,4.934065818786621,6.353641510009766,12.796724319458008,70.0732192993164,0.05880539491772652,0.0,0.019267823547124863,1.7196532487869263,1.7892870903015137,piece,263.42156982421875,2.2253000736236572,63.78750228881836,0.810200035572052,3.237499952316284
ASC332,Hot orange souffle,179.96522521972656,18.76819610595703,6.869344234466553,8.947623252868652,0.2943442761898041,53.813114166259766,1.0309016704559326,9.924508094787598,107.81393432617188,58.79581832885742,114.95901489257812,0.6506557464599609,128.26229858398438,0.08426229655742645,5.746721267700195,25.13360595703125,bowl,219.55758666992188,8.380599975585938,22.897199630737305,10.916099548339844,0.35909998416900635
ASC333,Hot chocolate souffle,226.09100341796875,26.211408615112305,6.700422286987305,11.104647636413574,0.11661972105503082,60.19295883178711,1.0765492916107178,17.635494232177734,116.2901382446289,54.1052131652832,125.66901397705078,0.7304929494857788,111.78169250488281,0.07556337863206863,0.6369718313217163,21.54823875427246,bowl,321.0492248535156,9.514599800109863,37.22019958496094,15.768599510192871,0.1656000018119812
ASC334,Hot vanilla souffle,192.93272399902344,21.771137237548828,6.874431133270264,9.073646545410156,0.129882350564003,63.19921875,0.9288627505302429,9.217568397521973,113.0682373046875,59.587764739990234,105.24706268310547,0.6610588431358337,122.72940826416016,0.0807294100522995,0.7094117403030396,22.587059020996094,bowl,245.98922729492188,8.764900207519531,27.75819969177246,11.568900108337402,0.1656000018119812
ASC335,Plain burfi (Burfi),408.3239440917969,30.884220123291016,9.816153526306152,27.963768005371094,0.1664171814918518,355.7752380371094,1.4991952180862427,38.122833251953125,284.6442565917969,31.65497589111328,325.37469482421875,1.4267592430114746,142.8883056640625,0.037881989032030106,0.12480083107948303,54.96636962890625,burfi,177.8455047607422,4.275425434112549,13.451622009277344,12.179619789123535,0.07248300313949585
ASC336,Coconut burfi (Nariyal ki burfi),467.6354675292969,32.151981353759766,8.811453819274902,34.62643051147461,3.4977974891662598,272.80615234375,1.8215858936309814,47.1960334777832,254.62554931640625,27.62554931640625,401.32159423828125,1.3634361028671265,109.66519927978516,0.05947136506438255,0.0,46.865638732910156,burfi,265.38311767578125,5.000500202178955,18.24625015258789,19.65049934387207,1.9850000143051147
ASC337,Bottle gourd burfi (Ghiya/Lauki burfi),275.95562744140625,24.509532928466797,5.858232498168945,17.67972183227539,0.7348353266716003,215.8509521484375,0.9289427995681763,24.422876358032227,170.7140350341797,18.152511596679688,229.63604736328125,0.8804159164428711,99.07106018066406,0.027729636058211327,1.5008665323257446,47.22357177734375,burfi,199.0330047607422,4.225250244140625,17.677499771118164,12.751500129699707,0.5299999713897705
ASC338,Chocolate burfi,339.3292236328125,33.153846740722656,12.997692108154297,17.863847732543945,0.0,466.4769287109375,2.123076915740967,57.023075103759766,381.5769348144531,39.32307434082031,449.0384521484375,1.978461503982544,14.184616088867188,0.04776922985911369,0.0,73.37692260742188,burfi,110.2820053100586,4.224249839782715,10.77500057220459,5.805750370025635,0.0
ASC339,Cashewnut burfi (Kaju burfi/Kaju katli),421.7447814941406,37.92441940307617,5.475000381469727,28.460464477539062,1.1220929622650146,12.947674751281738,1.7877906560897827,89.8255844116211,145.63954162597656,4.226744174957275,186.0465087890625,1.5813953876495361,144.73255920410156,0.04651162773370743,0.0,7.3255815505981445,burfi,120.9001693725586,1.5695000886917114,10.871665954589844,8.158666610717773,0.3216666579246521
ASC340,Gram flour burfi (Besan burfi),421.7930603027344,46.58642578125,11.193964004516602,22.405546188354492,3.4083199501037598,160.70799255371094,1.4743719100952148,35.667537689208984,181.36378479003906,13.018808364868164,226.63294982910156,1.064812421798706,150.4078369140625,0.1612561196088791,0.0,84.50823974609375,burfi,161.59947204589844,4.288687705993652,17.848424911499023,8.584124565124512,1.3058125972747803
ASC341,Semolina ladoo with khoya (Suji/Rava aur khoye ke ladoo ),428.7066345214844,52.85617446899414,6.7135138511657715,21.85932159423828,4.678498268127441,106.41941833496094,1.7271121740341187,32.286163330078125,133.3114776611328,14.401710510253906,259.3481750488281,1.1658145189285278,104.47148132324219,0.06478478014469147,0.11387618631124496,24.14784049987793,ladoo,126.11656188964844,1.974975824356079,15.549185752868652,6.4305572509765625,1.3763166666030884
ASC342,Semolina ladoo with coconut (Suji/Rava aur nariyal ke ladoo ),464.42974853515625,50.90433120727539,5.675257682800293,27.030241012573242,6.693814277648926,26.721649169921875,1.8286254405975342,34.76700973510742,90.07972717285156,9.060172080993652,264.85223388671875,1.082165002822876,126.73538970947266,0.07199312746524811,0.1381443291902542,14.321821212768555,ladoo,168.9363250732422,2.0643749237060547,18.516450881958008,9.832250595092773,2.434875011444092
ASC343,Gram flour ladoo (Besan ladoo),476.90948486328125,62.60844039916992,8.933900833129883,22.760391235351562,4.428652763366699,25.346099853515625,1.514219880104065,26.765247344970703,88.25531768798828,5.48269510269165,142.2553253173828,0.7409574389457703,196.1702117919922,0.16836878657341003,0.0,70.32025146484375,ladoo,168.110595703125,3.149200201034546,22.069475173950195,8.023037910461426,1.5611000061035156
ASC344,Sesame ladoo (Til ke ladoo),396.957275390625,43.5,10.704545974731445,19.64090919494629,7.722727298736572,631.8181762695312,8.940909385681152,221.36363220214844,376.60455322265625,18.549999237060547,430.9090881347656,3.736363649368286,0.0,0.6045454740524292,0.0,66.09091186523438,ladoo,109.16325378417969,2.9437501430511475,11.96250057220459,5.401249885559082,2.1237499713897705
ASC345,Chenna murki,252.69265747070312,36.0110969543457,10.463245391845703,8.199722290039062,0.0,266.8515930175781,0.5547850131988525,15.323163032531738,183.3564453125,11.395284652709961,65.45353698730469,1.547850251197815,0.0,0.022191399708390236,0.0,51.766990661621094,bowl,227.7392578125,9.430000305175781,32.45500183105469,7.389999866485596,0.0
ASC346,Milk cake,127.4081802368164,9.12880802154541,3.0126194953918457,8.927241325378418,0.06179286167025566,104.94255828857422,0.19503916800022125,7.476066589355469,84.38642120361328,24.973020553588867,109.26022338867188,0.29460400342941284,43.33159255981445,0.03633594512939453,2.7850303649902344,6.331593036651611,slice,365.9800109863281,8.653749465942383,26.22249984741211,25.64349937438965,0.17749999463558197
ASC347,Ghujia/Lavang latika,768.9789428710938,13.004887580871582,1.8633781671524048,78.9301986694336,0.5188729166984558,31.007877349853516,0.442013144493103,7.248227596282959,36.129798889160156,3.2779932022094727,54.272071838378906,0.21993738412857056,17.319974899291992,0.013159047812223434,0.0057764556258916855,6.440419673919678,gunjia,818.7062377929688,1.9838767051696777,13.845870018005371,84.03435516357422,0.5524266958236694
ASC348,Gulab Jamun with khoya,586.0634765625,26.092151641845703,2.030522108078003,53.233436584472656,0.07338083535432816,67.31893920898438,0.3881739675998688,7.5099968910217285,54.272891998291016,15.090716361999512,62.61299514770508,0.2952781021595001,0.0,0.008720620535314083,0.010688078589737415,10.49282169342041,gulab jamun,918.4591674804688,3.182166576385498,40.890750885009766,83.42566680908203,0.11500000208616257
ASC349,Mal pua,566.6776733398438,17.56153106689453,1.7057117223739624,54.6356315612793,0.617451548576355,30.05068016052246,0.32965248823165894,5.773167610168457,32.74314880371094,6.35083532333374,47.8739128112793,0.2294163554906845,0.0,0.01834706962108612,0.44924482703208923,3.541577100753784,malqura,847.938720703125,2.5523133277893066,26.277902603149414,81.75312042236328,0.9239133596420288
ASC350,Shahi tukre,189.81004333496094,41.45988082885742,2.763382911682129,2.5377650260925293,0.5084372758865356,76.46867370605469,0.37409791350364685,9.182964324951172,57.66429138183594,71.04485321044922,74.05912780761719,0.2927677631378174,0.0,0.02841813489794731,0.8423109650611877,7.462835788726807,tukra,193.42591857910156,2.816025495529175,42.249691009521484,2.5861096382141113,0.5181230306625366
ASC351,Potato pakora/pakoda (Aloo pakoda),677.1902465820312,6.043454170227051,1.9038251638412476,71.83795166015625,1.0255004167556763,6.586508750915527,0.3777909576892853,7.851519584655762,21.93787956237793,63.384803771972656,90.0081558227539,0.15074129402637482,0.0,0.04755374416708946,2.746849536895752,16.1776123046875,plate,4567.64794921875,12.841300010681152,40.763099670410156,484.5469970703125,6.9170002937316895
ASC352,Onion pakora/pakoda (Pyaaz ke pakode),674.6106567382812,5.411282539367676,1.8990808725357056,71.83914184570312,1.1132690906524658,7.951667785644531,0.36118605732917786,7.126834869384766,20.623722076416016,63.54966735839844,46.12379455566406,0.15904372930526733,0.0,0.04755374416708946,0.7945886254310608,17.76338005065918,plate,4550.2490234375,12.809300422668457,36.49909973144531,484.55499267578125,7.509000301361084
ASC353,Cauliflower pakora/pakoda (Phoolgobhi ke pakode),671.6342163085938,4.518176555633545,1.9761749505996704,71.86286163330078,1.2627131938934326,8.441512107849121,0.42404744029045105,7.734099388122559,22.401630401611328,66.5409164428711,64.86360168457031,0.15429948270320892,0.0,0.05111193284392357,5.592216491699219,19.78799057006836,plate,4530.1728515625,13.329300880432129,30.475099563598633,484.7149963378906,8.517000198364258
ASC354,Mixed vegetable pakora/pakoda,673.8098754882812,5.12336540222168,1.938517451286316,71.85663604736328,1.1266123056411743,9.549295425415039,0.4557746648788452,9.506078720092773,21.404151916503906,65.3548583984375,75.24166107177734,0.15904372930526733,0.0,0.049925871193408966,3.181541919708252,21.227279663085938,plate,4544.84765625,13.075300216674805,34.557098388671875,484.6730041503906,7.598999977111816
ASC355,Spinach pakora/pakoda (Palak pakoda),712.6192016601562,4.676296234130859,1.9645863771438599,76.37808990478516,1.0245863199234009,10.98912525177002,0.5157131552696228,10.794404983520508,19.900867462158203,69.54491424560547,66.8723373413086,0.1539401113986969,0.0,0.047399524599313736,1.910086750984192,24.1938533782959,plate,4521.56884765625,12.465300559997559,29.671100616455078,484.6189880371094,6.50100040435791
ASC356,Methi pakora/pakoda (Methi ke pakode),713.2520141601562,4.683861255645752,2.0616707801818848,76.39006805419922,1.183451533317566,23.074861526489258,0.6884475946426392,9.325531959533691,21.19070053100586,69.82608032226562,41.71867752075195,0.15898345410823822,0.0,0.061899133026599884,3.6733646392822266,19.986446380615234,plate,4525.583984375,13.081300735473633,29.719099044799805,484.6949768066406,7.509000301361084
ASC357,Egg pakora/pakoda (Ande ke pakode),710.5067138671875,4.476509094238281,2.8315439224243164,75.86315155029297,0.8609775304794312,9.546935081481934,0.46581846475601196,6.160977363586426,31.92164421081543,75.36734008789062,37.75096893310547,0.21842513978481293,15.36074447631836,0.04976725950837135,0.0011636927956715226,18.83165168762207,plate,4579.2158203125,18.249300003051758,28.85110092163086,488.93798828125,5.549000263214111
ASC358,Bread pakora/pakoda,710.9881591796875,8.872590065002441,2.571321725845337,74.19755554199219,1.1136746406555176,19.833459854125977,0.4571734070777893,7.166157245635986,26.101604461669922,101.48854064941406,38.91596603393555,0.18529412150382996,0.0,0.04320091754198074,0.0011459129163995385,17.434682846069336,plate,4653.41748046875,16.829299926757812,58.07109832763672,485.62298583984375,7.289000034332275
ASC359,Paneer pakora/pakoda,718.1218872070312,5.5248703956604,3.270359516143799,76.05168151855469,0.8868960738182068,43.3761100769043,0.4254271388053894,7.699265480041504,43.43950653076172,131.69656372070312,33.874759674072266,0.3391573131084442,0.0,0.041128721088171005,0.010823347605764866,22.177812576293945,plate,4644.453125,21.151050567626953,35.73210144042969,491.8642272949219,5.736000061035156
ASC360,Potato bonda (Aloo bonda),632.8350219726562,4.534309387207031,1.0886664390563965,67.79877471923828,0.830328106880188,6.792525291442871,0.37447652220726013,9.019612312316895,16.897506713867188,132.53353881835938,105.9352035522461,0.14023421704769135,0.0,0.03790633752942085,4.9995436668396,8.939620018005371,bonda,1134.087890625,1.9509719610214233,8.125822067260742,121.50048828125,1.488010287284851
ASC361,Potato samosa (Aloo ka samosa),577.3856811523438,9.205666542053223,1.7117836475372314,59.1909294128418,1.1916142702102661,7.626734256744385,0.49865424633026123,11.380143165588379,21.788408279418945,77.10008239746094,137.50115966796875,0.22186382114887238,8.722491264343262,0.044777266681194305,7.995864391326904,9.080337524414062,samosa,813.7577514648438,2.4125592708587646,12.974313735961914,83.4227066040039,1.6794413328170776
ASC362,Minced meat samosa (Keema ka samosa),620.9884643554688,6.137866973876953,4.42531156539917,64.26115417480469,0.3875543773174286,6.703985214233398,0.5491102337837219,7.776899337768555,45.90959930419922,88.64081573486328,81.98616027832031,0.7414224147796631,10.042016983032227,0.0510701946914196,0.6116151809692383,3.4225778579711914,samosa,837.5064697265625,5.9682698249816895,8.277936935424805,86.6668701171875,0.5226816534996033
ASC363,Paneer and pea samosa (Paneer matar ka samosa),623.8062744140625,8.548890113830566,4.0177483558654785,63.64622116088867,1.017188549041748,64.55680084228516,0.5334157347679138,11.020844459533691,56.38661193847656,78.18234252929688,52.578102111816406,0.5443141460418701,0.0,0.03624073043465614,4.943671703338623,19.566917419433594,samosa,841.3067016601562,5.418603420257568,11.529603004455566,85.83753967285156,1.3718483448028564
ASC364,Mathri,805.1233520507812,12.323095321655273,1.74962317943573,83.09709930419922,0.599705159664154,5.230958461761475,0.42574119567871094,5.793612003326416,18.49139976501465,64.70460510253906,30.351350784301758,0.1483701914548874,0.0,0.013988533988595009,0.0,2.733464479446411,kachori,702.1825561523438,1.52592134475708,10.747499465942383,72.47254180908203,0.523028552532196
ASC365,Khasta kachori,712.728759765625,12.81132984161377,2.5087974071502686,72.27396392822266,0.9740191698074341,7.839091777801514,0.5891521573066711,12.899893760681152,32.92947006225586,90.55682373046875,78.13267517089844,0.26773324608802795,0.0,0.025228803977370262,0.8513656854629517,6.335629463195801,kachori,717.5651245117188,2.5258214473724365,12.898263931274414,72.76438903808594,0.9806285500526428
ASC366,Vegetable cutlet,665.4544067382812,4.684823989868164,1.2467005252838135,71.32704162597656,0.9317917227745056,13.545948028564453,0.4015825390815735,8.020600318908691,18.455738067626953,85.38026428222656,103.13948059082031,0.1599709838628769,3.663952589035034,0.04566454514861107,4.999579906463623,9.036482810974121,cutlet,2247.572265625,4.210731029510498,15.822993278503418,240.90707397460938,3.1471264362335205
ASC367,Flattened rice cutlet (Chirwa cutlet/Chivda cutlet/Poha cutlet),701.711181640625,7.394248008728027,1.755823016166687,73.88726806640625,0.8566645383834839,9.165212631225586,0.5873270630836487,14.566627502441406,33.54444885253906,76.65470886230469,119.47344970703125,0.2526685893535614,3.7348906993865967,0.030298037454485893,3.8123602867126465,7.238331317901611,cutlet,2325.0146484375,5.81765604019165,24.499731063842773,244.8143768310547,2.8384294509887695
ASC368,Peanut cutlet (Mungfali ke cutlet),698.7667236328125,5.675396919250488,2.627135992050171,74.00220489501953,1.2082369327545166,14.37692642211914,0.5623739957809448,20.00275421142578,43.60367202758789,84.2381591796875,143.302001953125,0.33738529682159424,3.6522200107574463,0.04047338664531708,3.7279751300811768,11.368254661560059,cutlet,2367.666259765625,8.901656150817871,19.2302303314209,250.74537658691406,4.093929767608643
ASC369,Fish cutlet (Machli ka cutlet),654.64013671875,3.1296799182891846,2.768209457397461,70.10616302490234,0.5379318594932556,10.436653137207031,0.35546910762786865,9.018141746520996,35.33958053588867,75.32618713378906,109.15322875976562,0.15035878121852875,6.803430080413818,0.03730384632945061,2.997978687286377,5.460747718811035,cutlet,2284.43212890625,9.659943580627441,10.921330451965332,244.6424560546875,1.877166986465454
ASC370,Paneer potato cutlet (Paneer aloo cutlet),672.9443359375,5.228550434112549,2.4702839851379395,71.40327453613281,0.41150763630867004,45.35761260986328,0.38492351770401,7.271303653717041,41.656227111816406,85.70502471923828,96.72469329833984,0.3207574784755707,7.2104878425598145,0.02779315412044525,3.381645917892456,12.096867561340332,cutlet,2309.88134765625,8.479249954223633,17.94700050354004,245.0917510986328,1.412500023841858
ASC371,Spinach chickpeas cutlet (Palak channa dal cutlet),688.0281372070312,4.932109355926514,1.440955400466919,73.59933471679688,0.929531455039978,11.3005952835083,0.566373348236084,11.841561317443848,24.012489318847656,79.12749481201172,144.62225341796875,0.21699315309524536,3.7747647762298584,0.03362606093287468,4.934794902801514,14.966988563537598,cutlet,2255.59716796875,4.723956108093262,16.16918182373047,241.2843780517578,3.0473294258117676
ASC372,Cheese toast,785.366943359375,5.485180854797363,1.9840171337127686,84.1091079711914,0.31429311633110046,43.86508560180664,0.31250429153442383,4.076939582824707,47.27629470825195,121.05133056640625,26.04310417175293,0.21829310059547424,15.905172348022461,0.013823275454342365,0.0,4.723228454589844,toast,1138.7821044921875,2.8768248558044434,7.953512191772461,121.95820617675781,0.4557250142097473
ASC375,Vegetable burger,519.9310913085938,13.688063621520996,3.2628092765808105,50.631317138671875,1.6975740194320679,26.082435607910156,0.7028869390487671,6.464070796966553,18.336631774902344,168.97210693359375,90.8685073852539,0.16065016388893127,7.258612155914307,0.04054342582821846,4.789810657501221,7.9502668380737305,burger,2678.94482421875,16.81162452697754,70.52774810791016,260.87786865234375,8.746749877929688
ASC376,Cheese pizza,249.49737548828125,30.62497901916504,5.79115629196167,12.434843063354492,1.9455914497375488,96.51068878173828,1.0911004543304443,17.359310150146484,110.07484436035156,397.7280578613281,152.89395141601562,0.6311519742012024,22.59136962890625,0.06570622324943542,5.126415729522705,12.087443351745605,piece,327.0972900390625,7.592350482940674,40.15011215209961,16.30238914489746,2.5507190227508545
ASC377,Vegetable seekh kebab,690.7252197265625,5.323051452636719,1.5730364322662354,73.72038269042969,0.586333155632019,32.662803649902344,0.3583166003227234,7.918609142303467,27.842374801635742,83.66737365722656,104.52517700195312,0.21703152358531952,0.0,0.02663414739072323,4.170530796051025,8.413725852966309,kabab,1136.381103515625,2.5879595279693604,8.757484436035156,121.28478240966797,0.9646352529525757
ASC378,Masala vada,826.0245971679688,4.062221527099609,1.6862210035324097,89.15479278564453,1.0662378072738647,7.452434062957764,0.5181816220283508,10.437702178955078,25.692550659179688,74.53056335449219,97.18761444091797,0.24781353771686554,0.0,0.02281074970960617,0.7589364051818848,11.916023254394531,vada,2228.201416015625,4.548581123352051,10.957842826843262,240.49505615234375,2.876176595687866
ASC379,Peanut sago vada (Sabudana mungfali vada),749.8857421875,7.1394147872924805,1.0144987106323242,79.82255554199219,0.6226351261138916,5.026116371154785,0.3818970322608948,10.382368087768555,20.463863372802734,71.2880630493164,94.49984741210938,0.14817628264427185,0.0,0.02290295623242855,3.1866531372070312,5.125537872314453,vada,2291.538330078125,3.10015606880188,21.816980361938477,243.92575073242188,1.902679443359375
ASC380,Vegeterian scotch egg,681.66552734375,4.642024040222168,2.1630215644836426,72.77320861816406,0.577197253704071,15.20048999786377,0.45969438552856445,6.419521808624268,29.124279022216797,93.32636260986328,80.63587188720703,0.2247944474220276,18.520736694335938,0.03650657832622528,3.7510619163513184,9.699447631835938,piece,2277.34228515625,7.226330757141113,15.508305549621582,243.12437438964844,1.9283294677734375
ASC381,Paneer shaslik/tikka,93.84956359863281,7.980454921722412,5.11279821395874,4.492904186248779,1.2325572967529297,123.85919189453125,0.6751179695129395,15.85278606414795,92.41434478759766,103.38905334472656,130.93092346191406,0.7685980200767517,0.0,0.07499396055936813,24.554533004760742,39.83501052856445,plate,411.68988037109375,22.428312301635742,35.00786209106445,19.70902442932129,5.406858921051025
ASC382,Peanut brittle (Moongfali ki chikki),320.46295166015625,47.46446990966797,6.942639350891113,11.130456924438477,2.6345179080963135,68.03045654296875,3.2233502864837646,108.3756332397461,137.07106018066406,15.992384910583496,420.0507507324219,1.0355329513549805,9.360405921936035,0.41878172755241394,0.0,30.373096466064453,piece,78.91400146484375,1.709625005722046,11.688125610351562,2.740875005722046,0.6487500071525574
ASC383,Spring roll,623.8739624023438,8.558433532714844,1.8053548336029053,64.63278198242188,0.6684460043907166,9.513741493225098,0.48791226744651794,6.99653434753418,23.542783737182617,132.8436279296875,60.855430603027344,0.17901302874088287,6.571872234344482,0.04210976883769035,4.875967502593994,10.187399864196777,spring roll,587.3851318359375,1.6997641324996948,8.057872772216797,60.85257339477539,0.6293502449989319
ASC384,Dry mango chutney (Sookhe aam ki chutney),298.1324462890625,69.17044830322266,2.434478282928467,0.6982401013374329,3.740860939025879,72.04964447021484,3.9785361289978027,77.59574127197266,71.97420501708984,437.9145812988281,654.5350341796875,0.42135557532310486,0.0,0.41923466324806213,0.9102184176445007,18.6594295501709,tablespoon,82.58268737792969,0.6743505001068115,19.160213470458984,0.19341249763965607,1.036218523979187
ASC385,Peanut chutney (Mungfali ki chutney),258.36676025390625,9.865445137023926,11.795147895812988,19.064098358154297,5.725602149963379,34.79257583618164,1.987357258796692,103.32239532470703,197.15835571289062,475.3409423828125,414.29095458984375,1.602033257484436,0.0,0.16467618942260742,20.011098861694336,48.292724609375,tablespoon,54.25701904296875,2.4769809246063232,2.0717434883117676,4.00346040725708,1.2023764848709106
ASC386,Coconut chutney (Nariyal ki chutney),265.9245910644531,8.291091918945312,3.5900650024414062,24.999113082885742,6.734472751617432,15.700469017028809,1.2485789060592651,25.066301345825195,47.5705680847168,428.2818298339844,230.87713623046875,0.41099968552589417,0.0,0.08055265247821808,16.315534591674805,18.698362350463867,tablespoon,67.36534881591797,0.909453272819519,2.1003408432006836,6.332900524139404,1.7060102224349976
ASC387,Mint and coriander chutney (Pudinay aur dhaniye ki chutney),102.5953140258789,21.182279586791992,2.8133883476257324,0.5068815350532532,4.333420753479004,107.44649505615234,4.760828971862793,62.72207260131836,61.57331848144531,391.6641845703125,459.41546630859375,0.5392603278160095,0.0,0.13498954474925995,13.750903129577637,41.421409606933594,tablespoon,26.977436065673828,0.7397804856300354,5.569880485534668,0.13328449428081512,1.1394729614257812
ASC395,Custard tart,225.59930419921875,28.65911102294922,3.7231037616729736,10.725021362304688,0.9122929573059082,57.46992492675781,0.49476897716522217,12.987619400024414,68.656494140625,59.7391471862793,115.72537231445312,0.37183958292007446,100.22667694091797,0.0718395784497261,1.6523103713989258,7.874454975128174,tart,161.72650146484375,2.6689999103546143,20.545000076293945,7.688499927520752,0.6539999842643738
ASC396,Lemon tart,303.35260009765625,30.683582305908203,6.117336273193359,17.448450088500977,0.8091848492622375,24.0270938873291,0.9766935110092163,12.990815162658691,79.06681823730469,76.0946044921875,94.23307037353516,0.569115936756134,221.4466094970703,0.06659012287855148,4.886796474456787,16.879907608032227,tart,165.1375732421875,3.330125093460083,16.7033748626709,9.498499870300293,0.4404999911785126
ASC397,Jam tart,360.7218017578125,46.17616653442383,4.4186530113220215,17.351295471191406,1.1440414190292358,12.231433868408203,0.7411053776741028,13.267011642456055,50.378238677978516,70.33782196044922,67.24871063232422,0.3870466351509094,198.54922485351562,0.03316062316298485,0.0,6.735751152038574,tart,130.53619384765625,1.5989999771118164,16.71000099182129,6.2789998054504395,0.414000004529953
ASC398,Orange cream tart,197.15927124023438,27.434804916381836,2.577662467956543,8.721904754638672,0.6405194997787476,13.843462944030762,0.5801731944084167,13.590129852294922,37.80692672729492,36.85004425048828,136.0181884765625,0.21238094568252563,99.53246307373047,0.044675324112176895,27.154285430908203,18.98147201538086,tart,142.3243408203125,1.8607499599456787,19.804500579833984,6.2961249351501465,0.4623750150203705
ASC399,Pineapple tart,195.404296875,28.618947982788086,2.287935256958008,8.214736938476562,0.8725506067276001,12.019108772277832,0.4964372515678406,10.571011543273926,25.9920654296875,37.88275146484375,71.82266998291016,0.25659918785095215,93.08502197265625,0.052469637244939804,8.878056526184082,8.859271049499512,tart,150.82769775390625,1.7660000324249268,22.09025001525879,6.340749740600586,0.6735000014305115
ASC400,Cheese and mushroom tart,246.09642028808594,21.42671012878418,5.5084943771362305,15.28492546081543,1.1772490739822388,100.96988677978516,0.5884944200515747,15.721932411193848,138.26783752441406,212.42227172851562,136.36895751953125,0.5928252935409546,160.4237823486328,0.06053903326392174,9.705390930175781,11.834925651550293,tart,165.49984741210938,3.7044625282287598,14.409462928771973,10.279112815856934,0.791700005531311
ASC401,Cottage cheese pie,238.97972106933594,20.660694122314453,7.4481587409973145,13.827022552490234,2.2058374881744385,108.04701232910156,0.915876567363739,22.705190658569336,104.31488800048828,103.29145812988281,128.09548950195312,0.9821155667304993,93.82958221435547,0.07861900329589844,10.652301788330078,36.549354553222656,pie,813.32763671875,25.34856605529785,70.31523132324219,47.05796432495117,7.507200241088867
ASC402,Minced meat pie,221.5529022216797,18.114713668823242,7.378210067749023,13.039274215698242,2.325727701187134,18.135845184326172,1.0653414726257324,22.331417083740234,76.97898864746094,127.85150909423828,185.89166259765625,1.110494613647461,91.19171142578125,0.12404145300388336,10.603862762451172,19.63983917236328,pie,783.9280395507812,26.1065673828125,64.09590148925781,46.137298583984375,8.22920036315918
ASC403,Apple cinnamon pie,258.734375,33.6783332824707,3.3514466285705566,12.205469131469727,1.7679604291915894,16.143966674804688,0.6526041030883789,12.345272064208984,41.413551330566406,60.142555236816406,90.10444641113281,0.3262879252433777,138.7085418701172,0.03974594175815582,1.2653493881225586,6.538461685180664,slice,458.28326416015625,5.936249732971191,59.652748107910156,21.61893653869629,3.131500005722046
ASC404,Lemon meringue pie,224.42613220214844,35.106929779052734,3.8764939308166504,8.156573295593262,0.4398406445980072,16.79203224182129,0.6678087711334229,8.08127498626709,50.346614837646484,85.12271118164062,58.11235046386719,0.38127490878105164,107.88844299316406,0.04302788898348808,3.2509958744049072,11.142629623413086,slice,352.0685119628906,6.081249713897705,55.073997497558594,12.795624732971191,0.6899999976158142
ASC405,Chocolate meringue pie,214.75732421875,28.8005428314209,4.979538440704346,9.174382209777832,0.3744911849498749,55.97829055786133,0.9224423170089722,26.046133041381836,96.62279510498047,80.77204895019531,130.01492309570312,0.661628246307373,91.85888671875,0.04848304018378258,0.6818181872367859,12.594979286193848,slice,395.69036865234375,9.174799919128418,53.064998626708984,16.903799057006836,0.6899999976158142
ASC407,Cream puffs,221.32684326171875,16.004837036132812,4.699136257171631,15.48151969909668,0.3813471496105194,37.93091583251953,0.583592414855957,8.863903045654297,71.41450500488281,98.75509643554688,76.50604248046875,0.4322970509529114,213.88601684570312,0.04697754606604576,0.27633851766586304,12.1450777053833,puff,160.185302734375,3.4010000228881836,11.583499908447266,11.204750061035156,0.2759999930858612
ASC408,Chocolate eclairs,239.41542053222656,26.21979331970215,4.237518310546875,13.49689769744873,0.3261447548866272,34.212703704833984,0.6822747588157654,13.725553512573242,68.99409484863281,85.87769317626953,84.45642852783203,0.46307238936424255,182.92466735839844,0.04100443050265312,0.23633678257465363,10.836041450500488,éclair,405.2106018066406,7.171999931335449,44.37699890136719,22.8435001373291,0.5519999861717224
ASC409,Cheese balls,681.2822875976562,4.809665203094482,2.2110037803649902,72.56733703613281,0.1789080649614334,30.00634002685547,0.32448750734329224,3.9306094646453857,62.888763427734375,120.69734191894531,27.574146270751953,0.24060584604740143,63.95209503173828,0.01871785894036293,0.01415991596877575,4.983578681945801,piece,402.9500732421875,1.3077166080474854,2.844716787338257,42.92055892944336,0.10581666231155396
ASC411,Minced meat patties,265.7190246582031,15.254345893859863,6.877348899841309,19.571426391601562,0.7674968242645264,19.231184005737305,0.9332190752029419,13.198681831359863,96.83220672607422,252.18275451660156,119.59205627441406,0.9826352596282959,34.774906158447266,0.08388569951057434,1.2149916887283325,12.607154846191406,patty,344.9963073730469,8.929205894470215,19.80548095703125,25.41056251525879,0.9964795112609863
ASC412,Cheese patties,324.00909423828125,22.23377227783203,7.381089687347412,22.668561935424805,1.2432469129562378,126.41477966308594,0.8182666301727295,18.882415771484375,113.76957702636719,295.22442626953125,97.10691833496094,0.9320695400238037,0.0,0.05303770676255226,3.2413759231567383,30.23013687133789,patty,336.83984375,7.6733808517456055,23.114229202270508,23.56623649597168,1.2924795150756836
ASC413,Hot cheese souffle,177.0967254638672,5.405745506286621,9.182578086853027,13.230278015136719,0.12094355374574661,169.17355346679688,0.8283993601799011,13.379949569702148,235.86082458496094,286.9574279785156,130.84498596191406,1.0222746133804321,163.8685760498047,0.08481044322252274,0.8128053545951843,22.5562686920166,bowl,525.5345458984375,27.249300003051758,16.041549682617188,39.26084899902344,0.3589000105857849
ASC414,Hot potato souffle,125.63875579833984,8.564294815063477,5.507102966308594,7.644676208496094,0.6573687791824341,56.83612823486328,0.788623034954071,15.020858764648438,100.3465576171875,97.19923400878906,258.6182861328125,0.5643081068992615,95.78186798095703,0.09179958701133728,8.232311248779297,21.280906677246094,bowl,460.7801208496094,20.19729995727539,31.409549713134766,28.036849975585938,2.410900115966797
ASC415,Hot fish souffle,142.92105102539062,3.6923108100891113,11.226530075073242,9.24467658996582,0.09785957634449005,58.18418502807617,0.7035514712333679,17.680980682373047,155.17845153808594,110.93502044677734,165.03953552246094,0.6461076736450195,105.69924926757812,0.1016155406832695,0.6576687097549438,19.350435256958008,bowl,524.1629638671875,41.17329788208008,13.541549682617188,33.904850006103516,0.3589000105857849
ASC416,Hot spinach souffle,104.24739074707031,4.18816614151001,5.433976173400879,7.239029407501221,0.9902709126472473,80.77063751220703,1.6719030141830444,39.48582458496094,91.94757080078125,104.69343566894531,311.7284240722656,0.6108632683753967,88.53938293457031,0.11132325232028961,12.055953979492188,68.6668472290039,bowl,413.6015319824219,21.55929946899414,16.61655044555664,28.720849990844727,3.9289000034332275
ASC417,Plain cream cake,353.9397277832031,47.18427276611328,6.181830883026123,16.166807174682617,0.7126760482788086,41.94601058959961,1.0242253541946411,11.789436340332031,181.6262969970703,173.9957733154297,86.90845489501953,0.6145774722099304,203.89671325683594,0.06109389662742615,0.14154928922653198,16.268545150756836,piece,188.47291564941406,3.29182505607605,25.125625610351562,8.608824729919434,0.37950000166893005
ASC418,Apple cake (Seb ka cake),290.0763854980469,39.48321533203125,4.93772029876709,12.867996215820312,1.2172977924346924,38.98713302612305,0.8950000405311584,11.998713493347168,145.07518005371094,136.95314025878906,96.1617660522461,0.508621335029602,159.6691131591797,0.0571066178381443,1.7119485139846802,13.700348854064941,piece,197.25193786621094,3.3576500415802,26.848587036132812,8.750237464904785,0.8277624845504761
ASC419,Marble cake,354.1051330566406,46.87871551513672,6.299614906311035,16.265562057495117,0.7081049680709839,39.5953369140625,1.1156151294708252,16.538890838623047,162.04151916503906,138.47743225097656,100.20233154296875,0.6668455004692078,202.5889129638672,0.0613551028072834,0.14064139127731323,16.51871681213379,piece,189.77822875976562,3.376199960708618,25.124061584472656,8.717325210571289,0.37950000166893005
ASC420,Chocolate cake,335.6086730957031,45.13715362548828,6.006793975830078,15.18386459350586,0.6445859670639038,41.13163375854492,1.0800424814224243,17.74140167236328,134.09469604492188,241.92568969726562,104.69745635986328,0.6518046855926514,184.4161376953125,0.058641187846660614,0.2560509443283081,15.646072387695312,piece,197.589599609375,3.5364999771118164,26.574499130249023,8.939499855041504,0.37950000166893005
ASC421,Orange cake,357.60858154296875,48.276588439941406,6.099879741668701,16.214645385742188,0.8307322859764099,29.716686248779297,1.0585834980010986,12.1666259765625,129.45738220214844,105.40552520751953,90.63745880126953,0.590156078338623,208.5474090576172,0.06363505125045776,3.611044406890869,17.765905380249023,piece,186.1799774169922,3.1757500171661377,25.13399887084961,8.441750526428223,0.4325000047683716
ASC422,Fruit Loaf ,324.1949462890625,46.49192428588867,5.364250659942627,13.314026832580566,0.8716331124305725,45.71096420288086,0.9552348852157593,13.057673454284668,170.569580078125,160.59861755371094,116.78076171875,0.53447425365448,161.81207275390625,0.06255033612251282,4.4178972244262695,13.987136840820312,slice,181.1439208984375,2.997274875640869,25.97736167907715,7.439212322235107,0.4870249927043915
ASC423,Banana cake (Kele ka cake),389.51446533203125,39.99608612060547,5.772431373596191,23.314231872558594,1.1447219848632812,23.5515079498291,1.1435438394546509,31.455137252807617,127.63124084472656,117.80561065673828,157.60980224609375,0.7594250440597534,37.323280334472656,0.14802072942256927,1.481338381767273,17.080442428588867,slice,258.2967834472656,3.82784366607666,26.52240562438965,15.460249900817871,0.7590937614440918
ASC424,Chocolate chiffon cake,311.70928955078125,37.86885452270508,5.764435768127441,15.799030303955078,0.7048476934432983,42.15481948852539,1.0677648782730103,28.925302505493164,196.42681884765625,188.5887908935547,138.7185821533203,0.6605233550071716,69.36421966552734,0.07636379450559616,0.29240667819976807,16.473796844482422,slice,227.06072998046875,4.199031352996826,27.585092544555664,11.50860595703125,0.5134375095367432
ASC425,Christmas cake,372.9477233886719,48.294639587402344,5.4928059577941895,16.883831024169922,1.487906813621521,40.97721862792969,1.318171501159668,30.795778274536133,116.37383270263672,64.84249877929688,176.2688446044922,0.7707841992378235,179.30198669433594,0.07673969119787216,8.163069725036621,16.375219345092773,slice,388.569580078125,5.722885608673096,50.31758117675781,17.591053009033203,1.5502315759658813
ASC426,Strawberry and vanilla cake with butter icing,370.5380859375,44.25393295288086,3.890472173690796,20.38861083984375,0.7919885516166687,28.168811798095703,0.7005436420440674,9.764949798583984,114.82202911376953,107.26609802246094,74.53076171875,0.4127897024154663,247.6108856201172,0.04907582327723503,7.210443496704102,10.988268852233887,slice,431.6768798828125,4.532400131225586,51.55583190917969,23.75273323059082,0.9226666688919067
ASC427,Eggless cake,318.0814208984375,46.14249038696289,8.119446754455566,11.750404357910156,0.6790363788604736,212.9656524658203,0.6076268553733826,26.52957534790039,265.5263977050781,310.5029296875,273.61865234375,0.869830846786499,185.50486755371094,0.10584521293640137,2.2173244953155518,12.433624267578125,slice,193.93026733398438,4.950325012207031,28.13249969482422,7.164074897766113,0.414000004529953
ASC429,Swiss roll,251.87351989746094,48.33952713012695,7.296679496765137,3.767035484313965,0.5454545617103577,24.106718063354492,1.192173957824707,10.859683990478516,95.13043212890625,51.89723205566406,87.0750961303711,0.6850197911262512,78.26087188720703,0.07915414869785309,0.0,22.705533981323242,swiss roll,159.30999755859375,4.615149974822998,30.574748992919922,2.3826498985290527,0.3449999988079071
ASC430,Pineapple pastry ,208.20849609375,29.03999900817871,6.058520317077637,7.874136924743652,0.7205479145050049,42.97040939331055,0.8625205755233765,11.418082237243652,89.42438507080078,44.29945373535156,107.3260269165039,0.5718082189559937,133.97259521484375,0.07705753296613693,3.9871232509613037,19.090410232543945,pastry,189.99024963378906,5.52839994430542,26.499000549316406,7.185150146484375,0.6574999690055847
ASC431,Black forest pastry,233.5455780029297,34.47667694091797,6.087828159332275,8.463431358337402,0.5404825806617737,44.15388870239258,0.9196246862411499,13.567292213439941,92.19115447998047,53.434852600097656,110.97051239013672,0.5884986519813538,131.5013427734375,0.06639678031206131,0.977479875087738,17.45871353149414,pastry,217.78125,5.6768999099731445,32.14950180053711,7.892149925231934,0.5040000081062317
ASC432,Coconut finger,274.8556823730469,42.557167053222656,7.090244770050049,8.86209774017334,1.8706294298171997,24.038461685180664,1.3072377443313599,18.104021072387695,101.85664367675781,46.8636360168457,141.16433715820312,0.7250349521636963,69.23076629638672,0.08313286304473877,0.0,22.207168579101562,finger,196.52182006835938,5.069524765014648,30.428375244140625,6.336400032043457,1.337499976158142
ASC433,Pineapple cake ,195.57154846191406,23.50896644592285,5.013372421264648,9.343976974487305,0.7563352584838867,49.05535888671875,0.644873321056366,10.705068588256836,80.32709503173828,37.474853515625,108.3859634399414,0.47506824135780334,152.04678344726562,0.06905652582645416,5.330604553222656,15.718323707580566,slice,1003.2820434570312,25.718599319458008,120.60099792480469,47.934600830078125,3.879999876022339
ASC439,Chocolate walnut cookies (Chocolate aur akhrot ke cookies),424.8010559082031,47.09653854370117,6.559678077697754,23.622108459472656,1.5449718236923218,36.10007858276367,1.3661786317825317,43.31037902832031,144.8762664794922,280.4386291503906,158.22767639160156,0.8990185260772705,164.27996826171875,0.12167980521917343,0.6323411464691162,16.31279182434082,cookie,110.00577545166016,1.698683261871338,12.196041107177734,6.1171417236328125,0.4000833332538605
ASC440,Chocolate chip cookies,425.290283203125,57.979427337646484,5.790704727172852,19.37832260131836,1.0514285564422607,24.758094787597656,1.2183618545532227,22.999048233032227,77.18476104736328,278.2933349609375,114.08761596679688,0.6135619282722473,202.7047576904297,0.048556189984083176,0.0,11.984762191772461,cookie,93.0322494506836,1.2667165994644165,12.682999610900879,4.239007949829102,0.23000000417232513
ASC441,Sweet plain biscuit,380.7574768066406,50.290096282958984,5.85941743850708,17.666601181030273,1.0718446969985962,42.87767028808594,0.9203883409500122,14.913204193115234,158.43417358398438,132.59339904785156,90.96116638183594,0.565631091594696,205.2427215576172,0.05126213654875755,0.23417475819587708,11.918058395385742,biscuit,54.4694709777832,0.8382222056388855,7.194277286529541,2.5273053646087646,0.15333333611488342
ASC442,Chocolate biscuit,379.76165771484375,51.56403350830078,5.8763298988342285,17.09229278564453,1.0128440856933594,41.50825881958008,1.135779857635498,23.266605377197266,161.8598175048828,127.01944732666016,114.98165130615234,0.6647706627845764,193.94496154785156,0.0497247688472271,0.2212844043970108,11.95926570892334,biscuit,57.491695404052734,0.8896110653877258,7.8062214851379395,2.587583303451538,0.15333333611488342
ASC443,Coconut biscuit (Nariyal ke biscuit),434.98309326171875,42.90459060668945,5.780740737915039,27.160741806030273,3.6408889293670654,37.81037139892578,1.3179259300231934,28.422964096069336,157.67941284179688,105.7588119506836,202.79258728027344,0.6881481409072876,184.97776794433594,0.06577777862548828,0.17866666615009308,13.407703399658203,biscuit,81.559326171875,1.0838888883590698,8.044610977172852,5.092638969421387,0.6826665997505188
ASC444,Sweet and salty biscuit (Meethay aur namkeen biscuit),407.9567565917969,45.0871467590332,6.153419494628906,22.3854923248291,1.6766839027404785,37.23834228515625,1.0533159971237183,18.494300842285156,78.02487182617188,414.70361328125,109.953369140625,0.5393782258033752,248.1865234375,0.047668393701314926,0.31243523955345154,9.512434959411621,biscuit,43.74203109741211,0.6597833037376404,4.834344387054443,2.400222063064575,0.17977778613567352
ASC445,Peanut biscuit,401.0492248535156,46.72406005859375,8.450937271118164,20.408281326293945,2.484375,50.58124923706055,1.3406250476837158,42.53953170776367,254.47438049316406,202.26031494140625,180.953125,0.9770312309265137,165.15625,0.07718750089406967,0.18843749165534973,23.78874969482422,biscuit,71.29764556884766,1.502388834953308,8.306499481201172,3.628138780593872,0.44166669249534607
ASC446,Pin wheel biscuit,404.6002197265625,54.56477737426758,5.399580478668213,18.660795211791992,1.157232642173767,42.704402923583984,1.1299790143966675,27.50482177734375,168.2675018310547,131.73081970214844,122.73584747314453,0.6553459167480469,200.8385772705078,0.04033542796969414,0.2528301775455475,8.653668403625488,biscuit,80.41429138183594,1.0731666088104248,10.844749450683594,3.7088332176208496,0.23000000417232513
ASC447,Saffron biscuit (Kesar biscuit),458.6100769042969,59.7026481628418,6.047318458557129,22.01123809814453,1.9047033786773682,25.707828521728516,1.2320399284362793,26.356536865234375,75.6882553100586,5.652865409851074,120.01593780517578,0.5949152708053589,186.03712463378906,0.04952380806207657,0.11796610057353973,10.021854400634766,biscuit,50.50825500488281,0.6660113334655762,6.575252056121826,2.424170970916748,0.20977133512496948
ASC448,Masala biscuit,393.64215087890625,45.180206298828125,6.061443328857422,20.750205993652344,2.142061948776245,53.730926513671875,1.3153607845306396,25.47845458984375,179.49237060546875,714.5203247070312,136.3479461669922,0.5898969173431396,191.54638671875,0.07237113267183304,0.9481443166732788,13.325979232788086,biscuit,63.638816833496094,0.9799333214759827,7.30413293838501,3.354616641998291,0.34630000591278076
ASC449,Ice box cookies,374.2432861328125,56.09218215942383,5.6988372802734375,14.436914443969727,1.27615225315094,18.495389938354492,1.042565107345581,15.329258918762207,68.61002349853516,449.1414794921875,94.29659271240234,0.5264930129051208,173.42686462402344,0.05140681192278862,0.7070140242576599,11.849298477172852,cookie,51.8742790222168,0.7899222373962402,7.774999618530273,2.0011167526245117,0.17688888311386108
ASC450,Ginger bread man,364.99981689453125,60.25521469116211,6.609490871429443,11.006036758422852,1.5980647802352905,37.921363830566406,2.1188430786132812,31.73004722595215,85.95477294921875,477.9869689941406,161.2435760498047,0.6774337291717529,136.47286987304688,0.15520824491977692,0.28817835450172424,15.663984298706055,biscuit,108.45056915283203,1.963844895362854,17.903329849243164,3.2701687812805176,0.474824994802475
ASC451,Danish cookies,475.3273620605469,58.004974365234375,5.3333330154418945,24.915422439575195,1.3731343746185303,15.970149040222168,0.981592059135437,16.24378204345703,61.7960205078125,201.06468200683594,84.3233871459961,0.4880596995353699,285.97015380859375,0.03980099409818649,0.0,8.084577560424805,biscuit,59.7130012512207,0.6699999570846558,7.286874771118164,3.129999876022339,0.17249999940395355
ASC452,Short bread cookies,443.0935363769531,64.81565856933594,6.027046203613281,17.98434066772461,1.5715302228927612,15.921708106994629,1.1156584024429321,18.1722412109375,67.76156616210938,145.00498962402344,92.7010726928711,0.5441281199455261,204.55516052246094,0.0455516017973423,0.0,9.252669334411621,biscuit,77.81829833984375,1.058500051498413,11.38325023651123,3.1584999561309814,0.2759999930858612
ASC453,Coffee biscuit,416.5721740722656,46.553470611572266,6.897576808929443,23.004684448242188,1.58836829662323,48.920841217041016,1.274959683418274,37.480289459228516,185.54701232910156,112.5298843383789,160.49273681640625,0.8609046936035156,170.75929260253906,0.14617124199867249,0.19483037292957306,17.47625160217285,biscuit,71.62727355957031,1.1859999895095825,8.004611015319824,3.9555275440216064,0.27311110496520996
ASC454,Melting moments,437.9105224609375,55.835391998291016,5.713255405426025,21.779199600219727,1.883138656616211,30.39398956298828,1.2018029689788818,21.488313674926758,159.13856506347656,119.0884780883789,112.24874877929688,0.677696168422699,240.43405151367188,0.0629449114203453,0.0,21.562604904174805,biscuit,72.86344146728516,0.9506222605705261,9.290389060974121,3.623816728591919,0.31333333253860474
ASC455,Ginger biscuit (Adarak ke biscuit),417.90899658203125,58.444786071777344,5.981011390686035,18.305675506591797,1.4885449409484863,25.966976165771484,2.2014448642730713,17.587203979492188,116.46026611328125,79.68214416503906,106.42414855957031,0.6664602756500244,218.16305541992188,0.07455108314752579,0.0,11.7977294921875,biscuit,56.243587493896484,0.8049444556236267,7.865694046020508,2.4636387825012207,0.2003333419561386
ASC456,Soyabean muthias,839.3265991210938,3.7021288871765137,2.4567065238952637,90.44906616210938,1.4698957204818726,12.156806945800781,0.5972486734390259,12.033452987670898,33.637332916259766,78.2490234375,100.29251861572266,0.2406238466501236,0.0,0.03631950542330742,0.589577853679657,16.71217155456543,muthia,1126.439208984375,3.2970845699310303,4.968534469604492,121.3894271850586,1.9727102518081665
ASC457,Soyabean tikki,698.1696166992188,4.386415004730225,3.534716844558716,74.01758575439453,2.2043774127960205,29.23094367980957,1.0399245023727417,23.867923736572266,47.5947151184082,88.71622467041016,218.99472045898438,0.3528302013874054,0.0,0.05758490413427353,4.051320552825928,34.95773696899414,tikki,1156.3433837890625,5.854374885559082,7.264999866485596,122.59162139892578,3.6510000228881836
ASC458,Soyabean namak paras,838.4635620117188,4.6501688957214355,2.650986671447754,89.82512664794922,1.4136135578155518,12.131110191345215,0.6443992853164673,12.182184219360352,33.11283493041992,72.05317687988281,98.46002960205078,0.23864778876304626,0.0,0.029054364189505577,0.0,16.678848266601562,plate,2294.245849609375,7.253762722015381,12.724024772644043,245.78399658203125,3.868000030517578
ASC459,Peanut burfi (Moongfali ki burfi),550.9937133789062,48.137794494628906,9.311023712158203,36.840946197509766,4.08661413192749,25.196849822998047,1.4543306827545166,78.3464584350586,154.33070373535156,6.775590419769287,269.2913513183594,1.291338562965393,0.0,0.09055118262767792,0.0,35.77559280395508,burfi,116.62700653076172,1.9708333015441895,10.189167022705078,7.798000335693359,0.8650000095367432
ASC460,Spinach peanut namak paras (Palak moongfali namak paras),740.1648559570312,6.616377830505371,1.6543337106704712,78.51103210449219,0.8090153932571411,13.35468578338623,0.6695888042449951,17.655595779418945,22.08026885986328,73.15365600585938,104.1633071899414,0.20316331088542938,0.0,0.031237643212080002,3.6022140979766846,20.307710647583008,plate,2339.84619140625,5.229762554168701,20.916025161743164,248.1929931640625,2.557499885559082
ASC461,Gram flour and semolina chilla/cheela/savory pancake (Besan suji chilla/cheela),758.8948364257812,7.632391929626465,2.076328992843628,80.03778839111328,1.3923587799072266,12.134053230285645,0.6686877012252808,13.080731391906738,21.828073501586914,74.88355255126953,87.34883880615234,0.2582225799560547,0.0,0.04393687844276428,2.525747537612915,23.141529083251953,cheela,1142.13671875,3.124875068664551,11.486749649047852,120.45687103271484,2.0954999923706055
ASC462,Rice moong dal cheela (Chawal aur moong dal ka cheela),798.2612915039062,11.127787590026855,2.740994691848755,82.43790435791016,1.184048056602478,4.99485445022583,0.5118353366851807,16.101200103759766,48.20240020751953,142.8216094970703,124.57633209228516,0.3138936460018158,0.0,0.03876500949263573,0.001715265796519816,8.783876419067383,cheela,1163.4658203125,3.994999885559082,16.21875,120.15324401855469,1.7257499694824219
ASC463,Split bengal gram sweet rice (Channa dal sweet rice),190.21141052246094,41.07227325439453,4.154545307159424,0.6440909504890442,2.2272727489471436,30.372272491455078,1.7686363458633423,42.936363220214844,78.3022689819336,8.380000114440918,230.1818084716797,0.6795454621315002,0.0,0.22863635420799255,0.0,22.03409194946289,plate,418.465087890625,9.140000343322754,90.35900115966797,1.4170000553131104,4.900000095367432
ASC464,Sweet poori (Meethi poori),782.7457275390625,14.262786865234375,2.118032693862915,79.63114929199219,1.5408196449279785,34.24098587036133,1.127049207687378,27.80327796936035,51.50246047973633,2.566065549850464,82.77049255371094,0.44704917073249817,0.0,0.10360655933618546,0.0,12.050819396972656,poori,1193.687255859375,3.2300000190734863,21.750749588012695,121.4375,2.34975004196167
ASC465,Wheat flour and moong dal burfi (Atta aur moong dal ki burfi),441.0816955566406,59.99618911743164,9.835238456726074,18.411428451538086,6.019047737121582,25.198095321655273,2.3047618865966797,84.57142639160156,206.76190185546875,5.248571395874023,396.4761962890625,1.6200000047683716,131.71429443359375,0.12952381372451782,0.0,34.5476188659668,piece,115.78395080566406,2.58174991607666,15.74899959564209,4.833000183105469,1.5799999237060547
ASC466,Spinach burfi (Palak burfi),121.17243957519531,12.760344505310059,2.707460641860962,6.814060211181641,1.1717361211776733,93.67575073242188,1.0515495538711548,33.1423225402832,70.86656951904297,27.774906158447266,268.7833557128906,0.3757675886154175,21.164993286132812,0.07051649689674377,9.842181205749512,45.48099136352539,piece,105.57148742675781,2.358875036239624,11.117449760437012,5.9367499351501465,1.020875096321106
ASC467,Sweet split chickpea roti (Sweet channa dal roti/Puranpoli),366.58697509765625,62.66041946411133,9.514519691467285,7.927868843078613,8.159250259399414,53.30351257324219,4.360655784606934,112.97423553466797,229.37611389160156,12.053863525390625,462.10772705078125,2.1451990604400635,58.299766540527344,0.35222482681274414,0.0,51.831382751464844,roti,195.66580200195312,5.078374862670898,33.44499969482422,4.231500148773193,4.355000019073486
ASC468,Sprouted moong daliya ,111.56324768066406,14.772531509399414,2.8050949573516846,4.709778308868408,3.1229429244995117,22.623416900634766,1.29392409324646,9.463607788085938,18.9984188079834,196.72943115234375,83.92247009277344,0.15645569562911987,0.0,0.04553797468543053,2.384493589401245,11.15123462677002,plate,352.53985595703125,8.864100456237793,46.68120193481445,14.88290023803711,9.868499755859375
ASC469,Sprouted moong poha ,192.60342407226562,26.604839324951172,5.592452049255371,6.885891437530518,3.132828712463379,28.390417098999023,2.4257616996765137,55.62655258178711,116.23786163330078,220.8244171142578,268.0632019042969,0.9300898909568787,0.0,0.09544974565505981,10.05473804473877,24.46341323852539,plate,368.5081481933594,10.700037956237793,50.903038024902344,13.174776077270508,5.9940409660339355
ASC470,Pearl millet ladoo (Bajra ladoo),319.6562194824219,50.98263168334961,9.61368465423584,8.058947563171387,5.996841907501221,118.73736572265625,4.718947410583496,125.57894897460938,224.22000122070312,12.261052131652832,479.3157958984375,1.8742104768753052,0.0,0.37210527062416077,0.0,40.20579147338867,ladoo,151.83670043945312,4.566500186920166,24.21674919128418,3.828000068664551,2.8485000133514404
ASC471,Paushtik ladoo,485.8724365234375,60.335357666015625,7.651785850524902,24.982500076293945,4.57357120513916,20.667858123779297,1.6260714530944824,47.46428680419922,123.82142639160156,6.093571186065674,161.0,1.0396428108215332,197.57142639160156,0.14142857491970062,0.0,46.172855377197266,ladoo,170.0553436279297,2.6781251430511475,21.117374420166016,8.743875503540039,1.6007499694824219
ASC472,Paushtik roti,149.2551727294922,26.594066619873047,7.168041706085205,1.508170485496521,5.735730171203613,52.74306106567383,2.6235814094543457,77.02994537353516,127.74998474121094,170.95803833007812,403.4388732910156,1.150346279144287,0.0,0.21293488144874573,15.481666564941406,98.03768157958984,roti,64.09514617919922,3.078195810317993,11.420379638671875,0.64765864610672,2.46311354637146
ASC473,Semolina carrot vada (Suji gajar vada),699.52880859375,6.520737171173096,1.5599077939987183,74.07450103759766,1.0675883293151855,26.47235107421875,0.3599078357219696,6.354838848114014,30.728111267089844,73.16743469238281,73.02457427978516,0.2582181394100189,3.0107526779174805,0.0276497695595026,0.5852534174919128,5.7542243003845215,vada,1138.483154296875,2.538749933242798,10.612500190734863,120.55624389648438,1.7374999523162842
ASC474,Dhokla,216.48545837402344,30.68433380126953,13.447745323181152,5.283342361450195,4.9464521408081055,123.20574951171875,1.3876243829727173,40.50749588012695,185.9419708251953,376.01763916015625,287.1483459472656,1.05375337600708,13.138959884643555,0.2665281891822815,1.706078290939331,99.91724395751953,piece,86.50218200683594,5.373383045196533,12.260692596435547,2.111091375350952,1.9764785766601562
BFP007,Kashmiri tea (Kehwa),24.90366554260254,5.232052803039551,0.1741410195827484,0.5063420534133911,0.15692248940467834,3.188936710357666,0.0658862516283989,3.4655239582061768,4.134008884429932,0.2923841178417206,8.809115409851074,0.042091935873031616,0.0,0.0010634982027113438,0.023872224614024162,0.3180249333381653,tea cup,63.92770767211914,0.4470199942588806,13.430680274963379,1.299780011177063,0.40282002091407776
BFP008,Steeped hot coffee,15.908044815063477,3.0103960037231445,0.38663366436958313,0.33267325162887573,0.0,10.396039962768555,0.06163366511464119,3.93168306350708,10.26435661315918,2.8163366317749023,46.089107513427734,0.037871286273002625,0.0,0.0031683167908340693,0.14925742149353027,0.6309405565261841,tea cup,32.13425064086914,0.781000018119812,6.080999851226807,0.671999990940094,0.0
BFP011,Hot chocolate,90.00577545166016,9.018110275268555,3.429396390914917,4.611023902893066,0.0,113.62992095947266,0.33149605989456177,14.98635196685791,101.73648071289062,36.04094314575195,135.43307495117188,0.6091863512992859,0.03937007859349251,0.038398947566747665,1.8992125988006592,7.041470050811768,tea cup,171.46099853515625,6.5329999923706055,17.179500579833984,8.784000396728516,0.0
BFP013,Cold coffee (with cream),82.76406860351562,11.983233451843262,1.9341317415237427,3.289820432662964,0.0,64.43113708496094,0.14491018652915955,8.577245712280273,54.789222717285156,15.352095603942871,107.03592681884766,0.19820359349250793,17.42514991760254,0.02119760401546955,1.022754430770874,3.798802375793457,tall glass,207.32400512695312,4.84499979019165,30.01799964904785,8.241000175476074,0.0
BFP015,Banana milkshake with ice cream (Kele ka milkshake ice cream ke saath),76.44817352294922,11.153529167175293,2.01411771774292,2.77117657661438,0.2688235342502594,68.29647064208984,0.1379411816596985,8.60058879852295,57.36705780029297,16.62588119506836,110.88235473632812,0.20999999344348907,4.014705657958984,0.08294117450714111,2.0564706325531006,6.095882415771484,tall glass,259.9237976074219,6.8480000495910645,37.922000885009766,9.42199993133545,0.9139999747276306
BFP019,Flavoured milkshake,66.77578735351562,8.646315574645996,2.0589473247528076,2.8294737339019775,0.0,75.05262756347656,0.10526315867900848,5.3347368240356445,61.03789520263672,16.343156814575195,72.89473724365234,0.21368420124053955,0.0,0.02526315674185753,1.269473671913147,4.440000057220459,tall glass,190.31100463867188,5.868000030517578,24.642000198364258,8.064000129699707,0.0
BFP024,Jal jeera,30.240806579589844,6.700246334075928,0.43786653876304626,0.25982123613357544,0.952431321144104,24.717649459838867,0.8351826667785645,12.891300201416016,11.297228813171387,215.61839294433594,76.30691528320312,0.11137931048870087,0.0,0.01602894812822342,1.592162013053894,3.195875644683838,juice glass,42.34368133544922,0.6131079792976379,9.381795883178711,0.36380600929260254,1.3336101770401
BFP026,Gingo,48.01787185668945,12.418608665466309,0.13628865778446198,0.059364259243011475,0.16749140620231628,6.331271648406982,0.2144673466682434,3.3510308265686035,2.3120274543762207,21.501529693603516,20.821306228637695,0.030670104548335075,0.0,0.006769759580492973,2.8829381465911865,2.9192440509796143,tall glass,139.73199462890625,0.39660000801086426,36.13814926147461,0.17274999618530273,0.48739999532699585
BFP027,Mintade,40.32213592529297,10.594780921936035,0.033421050757169724,0.023464912548661232,0.025833332911133766,2.096842050552368,0.05254385992884636,0.8482456207275391,0.6421491503715515,26.693552017211914,5.995614051818848,0.011096491478383541,0.0,0.001754386001266539,1.491754412651062,0.8227193355560303,glass,229.83616638183594,0.19050000607967377,60.39025115966797,0.13374999165534973,0.1472499966621399
BFP029,Canjee,6.614322185516357,0.4361233413219452,0.24410180747509003,0.4234459102153778,0.3596671521663666,5.824277877807617,0.17019090056419373,3.570239782333374,9.255017280578613,43.03103256225586,21.198238372802734,0.05389133468270302,0.0,0.008761624805629253,0.304943710565567,2.119236469268799,glass,11.260883331298828,0.4155833423137665,0.7425000071525574,0.7209166884422302,0.6123332977294922
BFP030,Cauliflower canjee (Phoolgobhi ki canjee),6.896761417388916,0.34624359011650085,0.38903406262397766,0.42281848192214966,0.4940737187862396,6.263182640075684,0.22384507954120636,4.77694845199585,11.230984687805176,41.448158264160156,38.174522399902344,0.06864208728075027,0.0,0.015352309681475163,4.399906635284424,5.186934471130371,glass,12.316466331481934,0.6947500109672546,0.6183333396911621,0.7550833225250244,0.8823333382606506
BFP031,Potato canjee (Aloo canjee),16.263832092285156,2.68544602394104,0.43521127104759216,0.38843363523483276,0.4271446764469147,5.206146240234375,0.2201024293899536,6.508322715759277,13.644899368286133,35.989501953125,99.19248962402344,0.0841229185461998,0.0,0.020017072558403015,3.952624797821045,3.4697396755218506,glass,31.75513458251953,0.8497499823570251,5.243333339691162,0.7584166526794434,0.8339999914169312
BFP036,Vermicelli porridge (Semiya/Seviyan porridge),78.3978271484375,10.564943313598633,2.4965951442718506,2.982597589492798,0.48171499371528625,72.95989990234375,0.20416142046451569,7.152080535888672,63.883731842041016,65.33417510986328,78.83858489990234,0.2480453997850418,2.3253469467163086,0.025725094601511955,1.21664559841156,4.921563625335693,bowl,310.847412109375,9.89900016784668,41.88999938964844,11.826000213623047,1.909999966621399
BFP039,Semolina upma (Suji/Rava upma),147.8926239013672,16.312658309936523,3.3008673191070557,7.4932708740234375,3.2424237728118896,21.570825576782227,1.0960006713867188,21.34130096435547,44.184532165527344,101.5870132446289,158.3509063720703,0.5882509350776672,0.0,0.06689285486936569,4.368547439575195,14.239683151245117,bowl,157.143310546875,3.5073366165161133,17.33301544189453,7.961974620819092,3.445237398147583
BFP040,Vermicelli upma (Semiya/Seviyan upma),149.1072540283203,16.875455856323242,3.1107585430145264,7.446214199066162,3.21042537689209,20.300296783447266,0.9284791350364685,21.555879592895508,41.92581558227539,101.7978286743164,138.21067810058594,0.35296785831451416,0.0,0.05183473601937294,4.368547439575195,11.892498970031738,bowl,158.4339141845703,3.3053364753723145,17.93101692199707,7.911974906921387,3.4112374782562256
BFP041,Rice upma,151.26658630371094,17.955875396728516,2.628898859024048,7.457507610321045,2.1168298721313477,17.567249298095703,0.6706088781356812,19.238811492919922,48.13728713989258,101.74700927734375,131.62274169921875,0.3906131684780121,0.0,0.08759775757789612,4.368547439575195,11.241235733032227,bowl,160.7283172607422,2.7933366298675537,19.079015731811523,7.923974990844727,2.249237537384033
BFP042,Bread upma,129.51344299316406,12.59895133972168,2.7964203357696533,7.749258518218994,1.9587196111679077,45.2158317565918,0.817425549030304,18.350383758544922,39.855323791503906,176.44277954101562,130.11692810058594,0.31908711791038513,0.0,0.05936379358172417,4.368547439575195,14.864594459533691,bowl,137.61451721191406,2.971336603164673,13.387015342712402,8.23397445678711,2.081237554550171
BFP043,Vegetable upma,146.46817016601562,16.45557403564453,4.727303981781006,6.6315436363220215,4.188104152679443,26.684045791625977,1.3460150957107544,33.546119689941406,67.04376983642578,347.0248107910156,208.3038330078125,0.783149003982544,0.0,0.08703640848398209,6.119507312774658,21.418569564819336,plate,345.1669006347656,11.140364646911621,38.779205322265625,15.62789535522461,9.869686126708984
BFP044,Poha,294.5255126953125,35.047969818115234,6.085385799407959,14.138228416442871,3.7158710956573486,37.66736602783203,3.0146546363830566,66.85000610351562,139.7613525390625,377.09686279296875,333.9754638671875,1.0679960250854492,0.0,0.09341637790203094,12.1254243850708,21.909507751464844,bowl,160.78147888183594,3.322011947631836,19.132686614990234,7.718059062957764,2.028493881225586
BFP045,Vegetable poha,180.51585388183594,21.520601272583008,4.88825798034668,8.069046020507812,3.764533281326294,28.01166534423828,1.9237550497055054,48.587745666503906,96.287109375,418.0244445800781,223.08535766601562,0.8124138712882996,0.0,0.08643054217100143,7.370556354522705,22.27690887451172,bowl,176.59866333007812,4.782182693481445,21.053604125976562,7.893948078155518,3.682842969894409
BFP046,Moong dal stuffed cheela/chilla (Moong dal ka cheela/chilla),154.88502502441406,19.423521041870117,6.9737772941589355,5.1147565841674805,4.251524448394775,39.343589782714844,2.2201030254364014,61.10455322265625,129.16481018066406,267.23101806640625,574.1236572265625,0.860771119594574,0.0,0.12502704560756683,15.312643051147461,35.16911697387695,cheela,352.1001281738281,15.853487968444824,44.155487060546875,11.627375602722168,9.66499137878418
BFP047,Paneer stuffed cheela/chilla,205.18930053710938,19.159791946411133,11.436202049255371,8.886109352111816,4.02839469909668,151.29835510253906,2.4143831729888916,64.32133483886719,202.70680236816406,289.0993957519531,464.02783203125,1.4810864925384521,0.0,0.11266613006591797,9.307554244995117,54.87846755981445,cheela,435.6784362792969,24.282487869262695,40.68198776245117,18.867876052856445,8.55349063873291
BFP052,Indian style egg bhujia (Anda bhujia (Indian style)),102.83442687988281,3.7618134021759033,6.096826553344727,7.019655227661133,1.53493332862854,31.895803451538086,1.1353040933609009,17.08891487121582,90.41751861572266,218.0529327392578,178.56199645996094,0.6466687917709351,78.59638214111328,0.13329628109931946,10.763275146484375,32.427310943603516,small bowl,129.53024291992188,7.679563045501709,4.738379955291748,8.841958045959473,1.9334020614624023
BFP054,French omelette/omlet,211.03948974609375,0.41132351756095886,10.030881881713867,18.85691261291504,0.3808823525905609,46.34558868408203,1.5838971138000488,13.26264762878418,142.38058471679688,381.853515625,133.08824157714844,0.9489706158638,286.4705810546875,0.12522058188915253,0.7020588517189026,37.92595672607422,egg,143.50685119628906,6.821000099182129,0.27969998121261597,12.822700500488281,0.2590000033378601
BFP055,Puffy omelette/omlet,188.14869689941406,0.07894736528396606,8.815789222717285,16.835525512695312,0.0,34.96052551269531,1.199342131614685,8.664473533630371,124.74342346191406,340.52630615234375,231.63815307617188,0.8230262994766235,256.3157958984375,0.10526315867900848,0.0,32.44736862182617,egg,142.99301147460938,6.699999809265137,0.05999999865889549,12.795000076293945,0.0
BFP056,Orange omelette/omlet,194.66184997558594,1.6776316165924072,8.934210777282715,16.835525512695312,0.0,37.32894515991211,1.2585526704788208,11.0328950881958,129.0855255126953,340.9210510253906,267.16448974609375,0.8230262994766235,256.3157958984375,0.11513157933950424,9.473684310913086,37.97368240356445,egg,147.94300842285156,6.789999961853027,1.274999976158142,12.795000076293945,0.0
BFP057,Cheese and mushroom omelette/omlet,205.62684631347656,1.6825780868530273,9.69140625,17.819297790527344,0.9312500357627869,148.7726593017578,1.0070703029632568,16.6864070892334,246.95452880859375,400.2940673828125,181.0546875,1.0557031631469727,242.34375,0.10832031071186066,0.37296876311302185,25.018476486206055,egg,263.2023620605469,12.404999732971191,2.1536998748779297,22.808700561523438,1.1920000314712524
BFP058,Spanish omelette/omlet,157.44740295410156,5.1000657081604,8.250065803527832,11.439275741577148,2.541973829269409,31.72072410583496,1.2816119194030762,22.265789031982422,108.45986938476562,233.86737060546875,185.74342346191406,0.9317105412483215,159.67105102539062,0.17358551919460297,18.832895278930664,40.247337341308594,egg,239.32005310058594,12.54010009765625,7.752099990844727,17.387699127197266,3.863800048828125
BFP059,Mixed stock,25.192527770996094,0.332087904214859,2.0648350715637207,1.7134065628051758,0.14571428298950195,2.057582378387451,0.07208791375160217,3.0701098442077637,21.437362670898438,9.512746810913086,39.42856979370117,0.12857142090797424,5.934065818786621,0.05406593158841133,0.2837362587451935,1.8224176168441772,cup,229.2519989013672,18.78999900817871,3.0219998359680176,15.592000007629395,1.3259999752044678
BFP060,Meat stock,24.482759475708008,0.0,2.1034481525421143,1.7758620977401733,0.0,0.8620689511299133,0.051724135875701904,2.4137930870056152,20.689655303955078,8.620689392089844,31.034482955932617,0.12068965286016464,6.206896781921387,0.051724135875701904,0.0,0.6896551847457886,cup,213.0,18.299999237060547,0.0,15.449999809265137,0.0
BFP062,White stock,6.987189769744873,0.39895424246788025,0.06797385960817337,0.5558170080184937,0.1733333319425583,1.5848366022109985,0.02692810446023941,0.9200000166893005,2.1215686798095703,1.564182996749878,11.784313201904297,0.016339870169758797,6.261437892913818,0.0054901959374547005,0.33751633763313293,1.3835294246673584,cup,53.45199966430664,0.5199999809265137,3.052000045776367,4.252000331878662,1.3259999752044678
BFP065,Meat consomme (with mutton),29.764188766479492,0.5090901851654053,14.858928680419922,13.677584648132324,0.7074366807937622,115.8780746459961,4.215115547180176,38.670867919921875,177.18984985351562,12665.5185546875,366.4760437011719,0.9533150792121887,0.0,0.0060735601000487804,0.39319247007369995,2.4984593391418457,bowl,184.50820922851562,92.1104965209961,3.1558499336242676,84.78734588623047,4.385400295257568
BFP066,Consomme au julienne,27.762632369995117,1.491213083267212,12.492985725402832,10.657533645629883,1.383997917175293,85.89312744140625,3.337251663208008,36.49509048461914,153.9667205810547,10208.4697265625,350.8617858886719,0.8973373770713806,0.7232108116149902,0.08139368891716003,1.5284322500228882,7.177549362182617,bowl,213.7445068359375,96.1834945678711,11.480850219726562,82.0523452758789,10.655400276184082
BFP067,Consomme au vermicelli,29.944137573242188,1.3008853197097778,15.231201171875,12.981599807739258,0.8061732649803162,97.342529296875,3.97827410697937,41.25263977050781,179.97923278808594,12524.60546875,367.5506591796875,1.0520339012145996,0.8881798982620239,0.07397511601448059,0.38880205154418945,3.2101850509643555,bowl,187.7198028564453,95.4843978881836,8.155250549316406,81.38164520263672,5.053900241851807
BFP072,Green pea soup (Matar ka soup),39.80643081665039,3.632769823074341,11.064568519592285,12.895628929138184,2.4928057193756104,46.63255310058594,2.1844513416290283,38.394081115722656,103.2907943725586,10958.107421875,329.90826416015625,0.5469964146614075,11.296762466430664,0.05910971015691757,7.395935535430908,11.773947715759277,bowl,221.32374572753906,61.51899719238281,20.198200225830078,71.69969940185547,13.860000610351562
BFP073,Spinach soup (Palak ka soup),32.59222412109375,3.0258355140686035,10.53670883178711,14.2641019821167,1.9785419702529907,56.2313117980957,2.680859088897705,50.716434478759766,98.097412109375,12088.2080078125,415.55145263671875,0.42148348689079285,19.05292320251465,0.03570672869682312,6.16357421875,30.019428253173828,bowl,163.876953125,52.97962188720703,15.214203834533691,71.7213363647461,9.948307037353516
BFP074,Mixed vegetable soup,35.70974349975586,2.948354959487915,8.2156343460083,11.661970138549805,1.6370433568954468,50.69255828857422,1.7353527545928955,30.08940315246582,89.51050567626953,9202.267578125,295.836181640625,0.3340480923652649,17.390514373779297,0.03159745782613754,4.550941467285156,7.172441482543945,bowl,157.37283325195312,36.206302642822266,12.993399620056152,51.39430236816406,7.214450359344482
BFP075,Cheese soup,41.13197326660156,1.8684245347976685,12.38849925994873,17.071733474731445,1.7953871488571167,83.64647674560547,2.3964953422546387,39.827938079833984,153.9750518798828,13695.34765625,350.9436340332031,0.5452612042427063,35.437461853027344,0.015814675018191338,1.1889668703079224,4.556121349334717,bowl,182.97146606445312,55.1089973449707,8.31149959564209,75.94190216064453,7.986599922180176
BFP076,Mulligatawny soup,54.42295837402344,8.236784934997559,11.264935493469238,13.276717185974121,2.5955166816711426,43.886451721191406,2.6538727283477783,39.751461029052734,113.17669677734375,11602.4951171875,363.73626708984375,0.591772735118866,13.731224060058594,0.03630604222416878,2.4005274772644043,7.993191719055176,bowl,189.8490447998047,39.296600341796875,28.733200073242188,46.31449890136719,9.054200172424316
BFP079,Cream of carrot soup,59.76658248901367,5.6875762939453125,8.274369239807129,12.351938247680664,1.9785246849060059,57.241275787353516,1.7302801609039307,29.978439331054688,95.6249771118164,8694.7939453125,289.86846923828125,0.38338881731033325,30.93739891052246,0.038548264652490616,2.2939975261688232,8.137206077575684,bowl,278.3031005859375,38.52960205078125,26.48419952392578,57.51679992675781,9.213000297546387
BFP080,Cream of broccoli soup,56.142276763916016,3.7204384803771973,8.969630241394043,12.746293067932129,1.8875502347946167,66.5496597290039,1.8187452554702759,30.93207359313965,108.5487289428711,8792.4296875,313.3990173339844,0.47047650814056396,34.20384216308594,0.038423966616392136,14.958428382873535,20.500141143798828,bowl,258.6194152832031,41.318603515625,17.138200759887695,58.71580123901367,8.695000648498535
BFP082,Cream of potato soup,60.20338439941406,6.142794132232666,8.100199699401855,12.049994468688965,1.5147693157196045,51.96699523925781,1.6976873874664307,31.03302764892578,92.55748748779297,8503.9912109375,348.6119079589844,0.36944180727005005,30.286975860595703,0.03563544526696205,6.066645622253418,6.978639602661133,bowl,286.3573913574219,38.528602600097656,29.21820068359375,57.315799713134766,7.205000400543213
BFP087,Almond soup (Badam ka soup),78.65080261230469,3.682903528213501,10.130523681640625,13.798742294311523,0.9056499004364014,114.95445251464844,2.8308701515197754,38.93031692504883,164.86460876464844,8376.935546875,282.2924499511719,0.9030398726463318,37.48427963256836,0.02875262126326561,1.6097484827041626,8.105964660644531,bowl,375.1643371582031,48.32259750366211,17.56744956970215,65.81999969482422,4.319950103759766
BFP088,Cold cucumber cream soup ,11.876679420471191,1.7591111660003662,0.3364967405796051,0.3370457589626312,0.7309281229972839,8.019084930419922,0.16458824276924133,7.374378681182861,10.71294116973877,207.89068603515625,64.98431396484375,0.07194771617650986,3.803921699523926,0.022836601361632347,3.848888874053955,6.494104862213135,bowl,45.42829895019531,1.2870999574661255,6.728600025177002,1.289199948310852,2.79580020904541
BFP089,Cold tomato soup,16.904006958007812,0.5917668342590332,0.11340618878602982,1.557085633277893,0.16087432205677032,4.1956281661987305,0.1008196771144867,2.6670310497283936,2.265573740005493,287.14947509765625,20.034608840942383,0.018652094528079033,17.449909210205078,0.006284153088927269,3.677304267883301,2.052805185317993,bowl,46.4015007019043,0.31130000948905945,1.624400019645691,4.274199962615967,0.4416000247001648
BFP090,Chicken stew,127.54557800292969,4.441752910614014,7.192839622497559,8.912235260009766,1.8176558017730713,31.530900955200195,0.9001296758651733,24.382909774780273,85.88422393798828,79.6158447265625,270.5869445800781,0.5662345886230469,18.190393447875977,0.22660882771015167,7.0381083488464355,12.229715347290039,bowl,378.6318054199219,21.352663040161133,13.18578815460205,26.45686149597168,5.395893096923828
BFP091,Veg paneer stew,145.5452117919922,10.215227127075195,6.984574794769287,8.407440185546875,3.078566789627075,160.5060577392578,1.3662606477737427,33.51688766479492,122.3258056640625,73.15274810791016,272.7697448730469,1.0985071659088135,0.0,0.12822385132312775,13.68459415435791,43.368289947509766,bowl,344.7384033203125,16.543663024902344,24.19578742980957,19.913862228393555,7.291893005371094
BFP108,Onion-green chilli parantha/paratha (Pyaaz aur hari mirch ka parantha/paratha),191.2708282470703,26.3702449798584,4.371401786804199,7.2689714431762695,5.162296772003174,24.90755271911621,1.8077523708343506,53.415740966796875,124.85242462158203,241.19090270996094,190.3138885498047,1.154050588607788,0.0,0.13346152007579803,3.98563289642334,21.156848907470703,parantha,146.22654724121094,3.3419368267059326,20.160053253173828,5.557128429412842,3.946575880050659
BFP110,Methi parantha/paratha,148.36228942871094,22.191102981567383,4.271204471588135,4.344996452331543,5.089674949645996,65.85050201416016,2.4177565574645996,54.86906814575195,112.69158172607422,48.357666015625,193.9167022705078,1.04490327835083,0.0,0.17885303497314453,13.845911979675293,31.202510833740234,parantha,135.3014678955078,3.8951961994171143,20.237545013427734,3.962491989135742,4.641613483428955
BFP114,Bathua poori,598.79443359375,13.852322578430176,2.352811813354492,59.13740539550781,1.8711491823196411,30.830318450927734,0.95831298828125,21.237407684326172,46.15647888183594,49.710758209228516,98.54401397705078,0.48471882939338684,2.2542788982391357,0.05305623635649681,5.015892505645752,9.64865493774414,poori,544.2376098632812,2.138444423675537,12.590221405029297,53.749332427978516,1.7006667852401733
BFP115,Gram flour poori (Besan poori),697.6649169921875,10.934513092041016,2.5867257118225098,71.51268005371094,1.9362832307815552,7.09026575088501,0.7101770043373108,18.519174575805664,50.14896774291992,58.32625198364258,54.34955978393555,0.4249262511730194,2.719763994216919,0.05604719743132591,0.0,14.83421802520752,poori,525.57421875,1.9486666917800903,8.237333297729492,53.872886657714844,1.4586666822433472
BFP116,Beetroot poori (Chukandar ki poori),527.6575927734375,12.288643836975098,1.9128886461257935,52.177677154541016,1.3979922533035278,5.3791022300720215,0.600064754486084,15.319192886352539,38.66310501098633,46.4814338684082,56.24892044067383,0.3384067416191101,1.9905009269714355,0.032275475561618805,0.2838946580886841,9.181886672973633,poori,543.1355590820312,1.9690001010894775,12.649110794067383,53.708221435546875,1.4390000104904175
BFP117,Peas poori (Matar ki poori),592.8313598632812,14.9174222946167,3.036515474319458,57.69212341308594,2.252983331680298,8.959426879882812,0.8442720770835876,20.69737434387207,48.58591842651367,47.76563262939453,79.58114624023438,0.5122911334037781,2.200477361679077,0.0587112195789814,5.498806953430176,12.183771133422852,poori,496.79266357421875,2.544600009918213,12.500799179077148,48.34600067138672,1.8880001306533813
BFP118,Peas kachori (Matar kachori),584.683349609375,13.247672080993652,3.213043212890625,57.50550842285156,2.0310518741607666,14.25075626373291,0.7734829783439636,16.131792068481445,30.802902221679688,55.45102310180664,91.6307601928711,0.39794158935546875,0.0,0.058524347841739655,9.352869987487793,15.191751480102539,kachori,632.2093505859375,3.474215507507324,14.324509620666504,62.17984390258789,2.196146011352539
BFP122,Pizza,146.772705078125,9.942834854125977,6.848748683929443,8.723817825317383,1.7065834999084473,77.23109436035156,0.6646714806556702,18.238727569580078,95.69230651855469,225.01747131347656,193.90589904785156,0.7084991335868835,21.695621490478516,0.1199103593826294,14.428618431091309,29.459829330444336,slice,436.3479309082031,20.360986709594727,29.55954933166504,25.935474395751953,5.073587417602539
BFP124,Bacon and mushroom pancake,157.6691436767578,8.468841552734375,6.820419788360596,10.602088928222656,1.5865178108215332,44.73622131347656,0.5427329540252686,15.727977752685547,91.42325592041016,344.2349548339844,210.3326873779297,0.6194957494735718,78.0472412109375,0.16572988033294678,1.5752654075622559,11.995806694030762,pancake,191.5732879638672,8.28703784942627,10.289924621582031,12.881892204284668,1.927672028541565
BFP125,Cheese and tomato pancake,147.38526916503906,10.66385555267334,5.1456990242004395,9.283824920654297,1.057777762413025,127.51141357421875,0.6418442726135254,16.295223236083984,160.53651428222656,281.6183166503906,151.4897918701172,0.6642781496047974,100.43537139892578,0.06734693795442581,8.813907623291016,14.985472679138184,pancake,162.4922637939453,5.673133373260498,11.756900787353516,10.235417366027832,1.166200041770935
BFP127,Minced meat pancake (with chicken),116.04132080078125,8.177068710327148,12.012725830078125,10.47835636138916,0.7017265558242798,64.71707916259766,1.9947683811187744,25.376550674438477,138.4429931640625,4942.177734375,254.69508361816406,0.7545321583747864,37.15766906738281,0.16155238449573517,1.5945624113082886,9.500012397766113,pancake,155.9285888671875,16.14189910888672,10.987800598144531,14.080116271972656,0.9429333209991455
BFP132,Eggplant/Brinjal rice (Vangi bhat),184.79580688476562,31.739519119262695,5.278867244720459,3.67387318611145,4.435964584350586,36.01737594604492,1.9113200902938843,46.752235412597656,104.30287170410156,59.05540466308594,305.33197021484375,0.8810777068138123,0.0,0.12013805657625198,1.109210729598999,26.483121871948242,plate,538.0884399414062,15.37100601196289,92.41912841796875,10.69758415222168,12.916642189025879
BFP133,Kashmiri 'tahar',98.20726776123047,19.108060836791992,1.951994776725769,1.3652318716049194,0.9758060574531555,3.927654504776001,0.31732726097106934,7.580052852630615,35.257076263427734,61.29308319091797,40.821285247802734,0.27748388051986694,11.324694633483887,0.05455505847930908,0.006387029308825731,2.438602924346924,plate,319.82177734375,6.356866359710693,62.22731399536133,4.446013927459717,3.1778101921081543
BFP134,Cumin pulao (Jeera/Zeera pulao),135.24134826660156,23.61042594909668,2.472125768661499,3.19645094871521,1.3994455337524414,7.254713535308838,0.3254343569278717,11.2857666015625,45.21367645263672,219.73309326171875,62.10536193847656,0.36170056462287903,0.0,0.07390018552541733,0.5242144465446472,5.121589660644531,plate,365.8278503417969,6.687099933624268,63.8661994934082,8.646400451660156,3.7855000495910645
BFP136,Peas pulao (Matar pulao),108.86902618408203,18.41572380065918,3.893981695175171,1.9029138088226318,3.212470769882202,18.1805477142334,0.7846683263778687,21.458572387695312,47.16327667236328,86.1795425415039,135.06568908691406,0.5994172692298889,0.0,0.1135198101401329,13.215299606323242,23.428438186645508,plate,513.7529296875,18.375699996948242,86.90380096435547,8.979849815368652,15.159649848937988
BFP137,Split bengal gram dal and vegetable pulao (Channa dal and vegetable pulao),116.52501678466797,19.720027923583984,3.600520610809326,2.296186923980713,3.1590065956115723,19.090970993041992,0.8234555125236511,21.072187423706055,57.28524398803711,98.06568145751953,162.08984375,0.5869314670562744,0.0,0.0992758572101593,6.126499176025391,23.581987380981445,plate,514.924072265625,15.910699844360352,87.1427993774414,10.1468505859375,13.959650039672852
BFP138,Black channa pulao/ Bengal gram pulao (Kale chane ka pulao),125.51226806640625,21.55298614501953,3.436180353164673,2.5780675411224365,2.693915367126465,16.510204315185547,0.7729528546333313,20.04988670349121,59.47555923461914,103.08610534667969,148.3056182861328,0.574741780757904,0.0,0.08772990852594376,2.0428318977355957,22.258453369140625,plate,498.158203125,13.638199806213379,85.5438003540039,10.23235034942627,10.692150115966797
BFP141,Mutton pulao,130.77203369140625,11.260220527648926,6.517856121063232,10.780278205871582,1.6508136987686157,49.86970520019531,1.2474724054336548,22.88913917541504,80.01468658447266,3115.587158203125,177.66238403320312,0.4128473699092865,8.224863052368164,0.05025678128004074,0.6752259731292725,5.936891078948975,plate,866.5282592773438,43.18894577026367,74.613037109375,71.43281555175781,10.938704490661621
BFP142,Chicken pulao,108.24070739746094,11.167526245117188,6.0749030113220215,8.476006507873535,1.6372241973876953,32.24533462524414,0.9807392358779907,24.796133041381836,79.35600280761719,3093.470458984375,170.81166076660156,0.5142196416854858,12.165388107299805,0.09474484622478485,0.6696674823760986,5.7922282218933105,plate,723.1832275390625,40.58794403076172,74.613037109375,56.63031768798828,10.938704490661621
BFP143,Mexican rice,120.56631469726562,14.21426010131836,4.623010635375977,4.88023042678833,1.641403317451477,14.506142616271973,0.5518927574157715,14.393811225891113,60.71886444091797,93.41668701171875,147.26223754882812,0.8048864006996155,0.7725586891174316,0.10383382439613342,8.24911117553711,10.253312110900879,plate,624.244140625,23.936100006103516,73.59574890136719,25.267879486083984,8.498530387878418
BFP144,Plain khitchdi (Plain khichri/khichdi),57.03049850463867,10.041864395141602,1.7178136110305786,1.0063414573669434,0.8483797907829285,5.045470237731934,0.3050609827041626,9.967961311340332,30.707630157470703,37.14425277709961,69.31620025634766,0.2165069729089737,8.03135871887207,0.033614981919527054,0.1448432058095932,4.561167240142822,small bowl,327.3550720214844,9.860249519348145,57.64030075073242,5.776400089263916,4.869699954986572
BFP147,Instant idli (with semolina),247.28704833984375,43.40259552001953,9.164912223815918,3.6070773601531982,7.125243186950684,93.20205688476562,2.3071048259735107,42.91627883911133,136.83761596679688,1504.6627197265625,348.78436279296875,1.5613985061645508,7.937257289886475,0.12008503824472427,0.39761883020401,25.742937088012695,idli,87.23462677001953,3.2330758571624756,15.310989379882812,1.2724566459655762,2.5135481357574463
BFP148,Plain dosa,380.9057922363281,64.07878875732422,10.336366653442383,8.430865287780762,5.229584693908691,19.353633880615234,1.4981660842895508,55.43598556518555,178.39791870117188,142.97923278808594,344.3910217285156,1.3930796384811401,89.5017318725586,0.20058824121952057,0.0,25.34986114501953,dosa,137.6022186279297,3.7340126037597656,23.14846420288086,3.045650005340576,1.8891874551773071
BFP150,Masala dosa mixed vegetable fillings,144.53289794921875,23.01639175415039,4.835011959075928,3.2575178146362305,4.312078952789307,31.788795471191406,1.2050931453704834,36.136226654052734,82.16180419921875,122.08069610595703,329.7527770996094,0.7189696431159973,23.316566467285156,0.15268105268478394,18.774707794189453,32.210899353027344,dosa,400.8403015136719,13.409180641174316,63.8325080871582,9.034236907958984,11.958904266357422
BFP151,Masala dosa paneer fillings,243.11558532714844,29.755115509033203,10.308577537536621,8.843331336975098,3.1149590015411377,171.23049926757812,1.2734158039093018,39.71934127807617,180.52978515625,160.3998260498047,226.68955993652344,1.4823546409606934,32.76914978027344,0.1300772726535797,5.829976558685303,47.76539993286133,dosa,479.75213623046875,20.342432022094727,58.71725845336914,17.450986862182617,6.146904468536377
BFP152,Uttapam,255.94635009765625,36.27714920043945,6.183180332183838,9.028703689575195,4.395711898803711,40.861083984375,1.2321306467056274,41.7122802734375,109.528564453125,228.6923828125,286.21807861328125,0.8611930012702942,47.518096923828125,0.16869089007377625,9.044041633605957,27.959400177001953,uttapam,174.1522979736328,4.20719051361084,24.683879852294922,6.143355846405029,2.990952253341675
BFP153,Appam,267.6977233886719,13.279373168945312,3.1196720600128174,22.629667282104492,6.1931233406066895,6.363180637359619,0.8261952996253967,23.302963256835938,55.20345687866211,26.594392776489258,161.41807556152344,0.46289709210395813,0.0,0.08211786299943924,1.6809470653533936,18.0487060546875,appam,409.2830810546875,4.76966667175293,20.302833557128906,34.5984992980957,9.468667030334473
BFP154,Beans and macaroni,136.08233642578125,14.242497444152832,4.583008766174316,7.014297008514404,2.04951810836792,86.85643768310547,0.7489773631095886,27.054473876953125,126.74139404296875,182.78709411621094,221.16322326660156,0.6226548552513123,77.41593170166016,0.22111110389232635,6.506194591522217,32.499794006347656,plate,345.98931884765625,11.652299880981445,36.211551666259766,17.833850860595703,5.210899829864502
BFP155,Spaghetti bolognese,97.42620849609375,10.04308032989502,9.350064277648926,9.51491641998291,1.0784796476364136,73.66197967529297,2.0637314319610596,29.253271102905273,145.25074768066406,5358.59619140625,271.9588928222656,1.059913158416748,21.59172821044922,0.07575592398643494,7.45212984085083,10.090851783752441,shallow dish,364.6760559082031,34.998226165771484,37.592254638671875,35.61528396606445,4.0368571281433105
BFP157,Meat and macaroni casserole,161.5495147705078,16.12368392944336,9.14674186706543,10.167915344238281,1.1870911121368408,68.2757797241211,1.8506429195404053,22.389663696289062,107.54918670654297,2511.986083984375,329.9076232910156,0.4580649137496948,9.568039894104004,0.05924469605088234,7.2493133544921875,11.846498489379883,small casserole dish,647.0057983398438,36.63269805908203,64.57534790039062,40.72249984741211,4.754300117492676
BFP158,Spaghetti with meat balls and tomato sauce,158.12681579589844,10.457764625549316,5.606260776519775,10.640101432800293,1.1148855686187744,40.81715393066406,0.7126595377922058,15.303000450134277,81.05864715576172,189.1266326904297,152.85525512695312,0.9040678143501282,8.186692237854004,0.08480441570281982,7.932183742523193,11.341194152832031,shallow dish,878.8372192382812,31.158475875854492,58.12216567993164,59.135555267333984,6.196310997009277
BFP159,Spaghetti with paneer balls and tomato sauce,158.5359649658203,12.724629402160645,3.9538655281066895,10.437604904174805,1.2498105764389038,80.73209381103516,0.5487956404685974,15.066967964172363,79.16973876953125,199.55303955078125,113.95193481445312,0.5285868644714355,8.168946266174316,0.0579543337225914,8.8921480178833,19.83865737915039,shallow dish,785.9896240234375,19.602474212646484,63.08616638183594,51.747554779052734,6.196310997009277
BFP161,Lasagne with meat sauce,63.37648010253906,5.382512092590332,2.9015865325927734,3.434756278991699,0.47311463952064514,24.613534927368164,0.4940459728240967,8.280734062194824,41.98217010498047,37.081939697265625,88.8933334350586,0.45565322041511536,10.701424598693848,0.04644615948200226,4.517618179321289,6.348076343536377,dish,1124.6346435546875,51.489524841308594,95.51428985595703,60.950782775878906,8.395561218261719
BFP162,Lasagne with vegetables,49.22756576538086,5.904449462890625,1.7051101922988892,2.160186529159546,0.6633665561676025,32.8873405456543,0.5690860748291016,13.25662612915039,32.55217742919922,40.784610748291016,126.44513702392578,0.23266197741031647,12.582589149475098,0.048173561692237854,10.237793922424316,16.319032669067383,dish,865.0218505859375,29.962024688720703,103.75239562988281,37.95858383178711,11.656611442565918
BFP165,Home made egg noodles,240.8446044921875,42.92109680175781,6.546877384185791,4.3736162185668945,1.59502112865448,15.959102630615234,1.1489665508270264,18.542165756225586,83.09846496582031,177.2431182861328,90.12224578857422,0.5673261284828186,19.168703079223633,0.05654590204358101,0.0,13.374083518981934,curry bowl,541.7799682617188,14.727200508117676,96.5510025024414,9.838449478149414,3.5880000591278076
BFP170,Sour lentils (Khatti dal),34.78679656982422,6.039076805114746,2.215777635574341,0.12412714958190918,1.222334861755371,8.290656089782715,0.8519563674926758,9.992532730102539,30.737262725830078,115.6044692993164,98.51689910888672,0.34395095705986023,0.0,0.028615185990929604,0.518579363822937,6.1996002197265625,curry bowl,126.17866516113281,8.037069320678711,21.904939651489258,0.45023399591445923,4.433652877807617
BFP171,Urad special dehusked,69.43492889404297,8.86236572265625,3.1402227878570557,2.168675422668457,2.5015289783477783,16.404787063598633,0.8299891352653503,28.531078338623047,55.68990707397461,109.55854797363281,233.33871459960938,0.45851844549179077,17.317155838012695,0.06887494772672653,6.535521030426025,20.456600189208984,curry bowl,184.8427276611328,8.359587669372559,23.592504501342773,5.773231029510498,6.659319877624512
BFP172,Arhar with spinach (Arhar dal aur palak),52.837005615234375,4.765925884246826,2.0510432720184326,2.755333662033081,1.2950642108917236,21.809633255004883,0.8941919207572937,23.789262771606445,32.575626373291016,109.96708679199219,205.6138916015625,0.2947854995727539,22.861392974853516,0.04709075018763542,4.660183906555176,26.25748634338379,curry bowl,213.09164428710938,8.271857261657715,19.220977783203125,11.112259864807129,5.222993850708008
BFP174,Moong dal with vadi,24.078964233398438,0.995238184928894,0.39708638191223145,2.048027276992798,0.3938679099082947,2.9873833656311035,0.1820746511220932,3.9792022705078125,6.773857116699219,112.3644790649414,33.65947341918945,0.05816453695297241,17.80561065673828,0.019903164356946945,2.811678409576416,3.1774189472198486,curry bowl,87.27902221679688,1.4393190145492554,3.6074399948120117,7.4234843254089355,1.4276530742645264
BFP176,Rasam with tamarind (Puli rasam/ Chintapandu rasam/ Charu/Saaru),26.740537643432617,3.369755506515503,1.13163161277771,0.8818190693855286,1.5956131219863892,16.558374404907227,0.5857906341552734,14.662630081176758,21.122976303100586,104.10649871826172,130.6553955078125,0.16521532833576202,0.0,0.03578680008649826,4.430020809173584,7.355757236480713,curry bowl,104.25333404541016,4.411891937255859,13.137665748596191,3.437947988510132,6.2208170890808105
BFP177,Rasam with lemon (Nimmakaya rasam/Nimmakaya charu/Elumichai rasam/Nimbe hannina saaru),24.41213607788086,2.845593214035034,1.1060152053833008,0.8744194507598877,1.5370126962661743,15.559279441833496,0.5151309370994568,13.980093955993652,20.212528228759766,102.76704406738281,124.5166244506836,0.16081978380680084,0.0,0.03572076931595802,4.998534679412842,7.330474376678467,curry bowl,96.2741470336914,4.361792087554932,11.222166061401367,3.4484479427337646,6.061517238616943
BFP178,Green gram whole with baghar (Sabut moong dal with tadka),63.43487548828125,6.795018196105957,3.2305705547332764,2.479680299758911,3.015108585357666,25.03715705871582,1.0045260190963745,32.572174072265625,52.01586151123047,181.69126892089844,192.6581573486328,0.4166463017463684,20.423532485961914,0.05894160643219948,0.21242733299732208,20.059581756591797,bowl,143.18519592285156,7.292043685913086,15.337715148925781,5.597134113311768,6.805703163146973
BFP179,Urad sabut special,79.39273071289062,5.032357215881348,2.3288562297821045,5.461534023284912,2.14921236038208,21.4493408203125,0.7117211222648621,20.553945541381836,42.62806701660156,60.08768081665039,160.4670867919922,0.3340226411819458,52.569034576416016,0.06846468895673752,6.440552234649658,18.223487854003906,bowl,350.757080078125,10.288887023925781,22.232954025268555,24.129056930541992,9.495220184326172
BFP185,Kabuli channa curry,68.57402801513672,7.627630233764648,2.9218780994415283,3.0572526454925537,1.1173582077026367,32.02965545654297,0.9524629712104797,23.406494140625,46.284366607666016,122.05414581298828,189.99913024902344,0.4414428174495697,0.3936675786972046,0.09472654014825821,4.5600457191467285,26.1765079498291,bowl,243.8697967529297,10.391075134277344,27.126142501831055,10.872507095336914,3.973661184310913
BFP187,Besan gatte curry,189.37986755371094,16.25631332397461,7.754941940307617,10.720566749572754,3.247182607650757,151.08462524414062,1.8913788795471191,37.0904655456543,128.59445190429688,356.274658203125,274.5932922363281,0.8905448317527771,7.118829727172852,0.14583392441272736,5.236843585968018,52.81278610229492,bowl,484.1685485839844,19.826284408569336,41.56089401245117,27.408199310302734,8.30174732208252
BFP190,Dry masala chops,135.0722198486328,3.2994251251220703,9.079808235168457,9.536886215209961,0.8560987114906311,112.24866485595703,1.391323447227478,10.66301441192627,103.52007293701172,83.47360229492188,219.97093200683594,0.22818061709403992,5.690864086151123,0.04692388325929642,1.2679986953735352,10.292667388916016,chops,199.37335205078125,13.402250289916992,4.870116233825684,14.076921463012695,1.2636444568634033
BFP194,Mutton korma,115.6387710571289,2.5322153568267822,7.092463493347168,8.535347938537598,0.7784342169761658,79.06681060791016,1.0924184322357178,8.629770278930664,75.7834701538086,56.93549728393555,165.8725128173828,0.1639411598443985,18.17363166809082,0.03410939499735832,1.5115110874176025,8.682284355163574,bowl,423.775634765625,25.991395950317383,9.279683113098145,31.279062271118164,2.852689027786255
BFP196,Shahi keema kofta curry,418.1347961425781,1.7322837114334106,4.140879154205322,43.82570266723633,0.9061806201934814,14.510371208190918,0.6746535897254944,12.060007095336914,46.64754104614258,104.53046417236328,119.63288879394531,0.7782397866249084,0.9723054766654968,0.067951999604702,3.3985235691070557,5.602829456329346,bowl,2580.26806640625,25.552949905395508,10.689749717712402,270.44403076171875,5.591949939727783
BFP197,Minced meat ball curry,109.78636169433594,2.8584256172180176,6.816090106964111,7.846933841705322,1.48771071434021,23.84160614013672,1.0058752298355103,18.972312927246094,75.90165710449219,170.0554962158203,194.08523559570312,1.2783215045928955,1.6081910133361816,0.11034200340509415,5.5258917808532715,9.075289726257324,bowl,409.6019287109375,25.430150985717773,10.66450023651123,29.276124954223633,5.55049991607666
BFP198,Boti kebab,132.8579559326172,3.062425136566162,9.223479270935059,9.267193794250488,0.756249189376831,98.67244720458984,1.4117698669433594,9.987927436828613,95.60542297363281,78.14322662353516,221.64437866210938,0.17687669396400452,3.071747064590454,0.047575145959854126,8.261631965637207,12.02987003326416,kebab,72.66267395019531,5.0445051193237305,1.6749016046524048,5.068413734436035,0.41360777616500854
BFP199,Mutton seekh kebab,133.93788146972656,3.1081693172454834,11.250200271606445,8.434111595153809,1.8839112520217896,117.44136810302734,2.194542646408081,19.833555221557617,105.95292663574219,102.16944122314453,269.5935363769531,0.2310158908367157,0.0,0.04337001219391823,8.822129249572754,11.780043601989746,kebab,60.25196075439453,5.0609025955200195,1.398210048675537,3.7940850257873535,0.8474774956703186
BFP201,Indian lamb and egg curry (Nargisi kofta),335.75128173828125,2.069631338119507,3.8397438526153564,34.69672775268555,0.5953487157821655,12.908149719238281,0.5523604154586792,8.06364631652832,47.06248092651367,57.438236236572266,85.79649353027344,0.5566174983978271,25.087932586669922,0.06200050935149193,1.960953950881958,11.347914695739746,kofta,1312.53564453125,15.010518074035645,8.090705871582031,135.63818359375,2.327367067337036
BFP203,Soya chunks sweet and sour (Nutrinugget sweet and sour),500.9414978027344,3.27394437789917,2.8535497188568115,55.991085052490234,0.8577092289924622,13.891353607177734,0.6987846493721008,11.229186058044434,41.68389892578125,2257.6689453125,111.44849395751953,0.17350679636001587,12.18397331237793,0.036753393709659576,8.185510635375977,8.792770385742188,bowl,2312.2958984375,13.171700477600098,15.112199783325195,258.4492492675781,3.9591000080108643
BFP204,Soya chunks korma (Nutrinugget korma),131.42710876464844,7.671975135803223,3.861602783203125,9.499078750610352,2.5699493885040283,89.70457458496094,1.1835428476333618,33.56621170043945,94.02738189697266,148.9761199951172,252.2684783935547,0.6241536140441895,8.44390869140625,0.11514434963464737,4.6620917320251465,19.978904724121094,bowl,326.8592224121094,9.603806495666504,19.080202102661133,23.624210357666016,6.3914642333984375
BFP205,Mushroom matar,70.77049255371094,5.332342624664307,2.7919771671295166,4.107232093811035,3.132453680038452,21.42462921142578,0.8128485083580017,21.712589263916016,42.2718391418457,61.62757110595703,214.87384033203125,0.36618006229400635,0.0,0.11066562682390213,14.891976356506348,20.565078735351562,bowl,186.0626983642578,7.340386867523193,14.019262313842773,10.798323631286621,8.235533714294434
BFP206,Soya chunks and peas (Nutrinugget matar),82.62155151367188,5.819057941436768,3.0291988849639893,5.108036518096924,2.8574466705322266,20.321874618530273,0.988318145275116,22.746654510498047,34.93378448486328,70.96722412109375,173.4892120361328,0.4489363431930542,0.0,0.10450451076030731,17.564260482788086,23.37250518798828,bowl,184.1717071533203,6.752387046813965,12.971261978149414,11.386323928833008,6.369534015655518
BFP207,Vegetable yakhni,406.0583801269531,1.9396111965179443,1.1754627227783203,43.79631042480469,0.6138189435005188,43.674224853515625,0.2437332272529602,7.804824352264404,34.297176361083984,38.053279876708984,82.80276489257812,0.17454595863819122,4.8802595138549805,0.022662704810500145,0.9464216828346252,10.60416316986084,bowl,2329.719482421875,6.7440996170043945,11.128325462341309,251.27694702148438,3.5217249393463135
BFP208,Spinach mushroom (Palak mushroom),47.625389099121094,2.9535396099090576,1.9403995275497437,2.956538677215576,2.2720611095428467,49.74850845336914,1.6850520372390747,52.11923599243164,35.9349365234375,70.96699523925781,416.0680236816406,0.3239401578903198,12.985868453979492,0.12185265123844147,20.403478622436523,78.92581939697266,bowl,140.53775024414062,5.725924968719482,8.71560001373291,8.72445011138916,6.704625129699707
BFP210,Vegetarian nargisi kofta curry,332.1537780761719,6.5783514976501465,2.2880382537841797,32.93953323364258,0.8610579371452332,47.08890914916992,0.3836028575897217,11.149045944213867,42.54825973510742,73.55712890625,147.70254516601562,0.3358532786369324,5.470062255859375,0.04344432055950165,6.829492568969727,14.522686958312988,kofta,1325.2603759765625,9.129043579101562,26.246963500976562,131.42543029785156,3.435534954071045
BFP212,Roast chicken,199.90284729003906,0.10034676641225815,20.485633850097656,13.063252449035645,0.031077789142727852,13.606748580932617,0.789887547492981,19.340675354003906,168.29830932617188,71.70584106445312,280.0009460449219,0.7382755279541016,60.39362716674805,0.4971134066581726,0.22567947208881378,9.863204956054688,joint,266.62042236328125,27.32271385192871,0.1338375061750412,17.423112869262695,0.041450001299381256
BFP214,Shahi chicken masala,163.69508361816406,4.0654449462890625,9.824180603027344,12.016855239868164,0.9615709781646729,82.67975616455078,0.8942002058029175,21.759944915771484,124.15345764160156,142.56060791015625,230.90863037109375,0.6293069124221802,20.264070510864258,0.22399397194385529,2.8419089317321777,18.73512840270996,bowl,571.5413818359375,34.301124572753906,14.194499969482422,41.95684814453125,3.3573250770568848
BFP216,Tomato chicken,111.68009185791016,2.132354974746704,10.570333480834961,6.714834213256836,1.4232397079467773,21.236879348754883,0.8707080483436584,21.290943145751953,95.13114166259766,104.82837677001953,252.17015075683594,0.47976794838905334,3.1590592861175537,0.2966849207878113,13.914764404296875,13.72501277923584,bowl,196.84173583984375,18.630741119384766,3.758382558822632,11.83523178100586,2.508531093597412
BFP217,Creamy chicken,152.86581420898438,3.125948905944824,13.517690658569336,9.574430465698242,0.6944236755371094,50.3742790222168,0.8228221535682678,21.541316986083984,136.76300048828125,97.08478546142578,267.95159912109375,0.641503095626831,27.781253814697266,0.3407455384731293,3.4324605464935303,15.014625549316406,bowl,332.3608703613281,29.39016342163086,6.796437740325928,20.816726684570312,1.50981605052948
BFP218,Broccoli chicken ala king,119.56106567382812,5.3371806144714355,7.973781108856201,7.572684288024902,1.9210470914840698,73.35614013671875,0.7767355442047119,19.27163314819336,111.25138854980469,104.00914764404297,297.2468566894531,0.6742936968803406,61.74763870239258,0.19012875854969025,33.80490493774414,44.669288635253906,bowl,282.271728515625,18.825300216674805,12.600549697875977,17.87835121154785,4.535399913787842
BFP220,Ginger chicken,129.1676483154297,5.599249839782715,8.244894981384277,8.240785598754883,1.2136913537979126,18.409326553344727,0.9643788933753967,19.982275009155273,76.2820053100586,365.85675048828125,228.86663818359375,0.39539891481399536,2.175396680831909,0.2292279750108719,13.011714935302734,16.747024536132812,bowl,495.913330078125,31.654626846313477,21.49720001220703,31.63884925842285,4.659725189208984
BFP221,Chicken sweet and sour,445.0939636230469,2.6660375595092773,6.920297622680664,47.59152603149414,0.5767731070518494,21.975658416748047,0.9333357214927673,13.047383308410645,77.46019744873047,1809.93505859375,153.46339416503906,0.3698231875896454,11.501629829406738,0.14096581935882568,6.7279510498046875,8.923689842224121,bowl,2499.60302734375,38.86370086669922,14.972200393676758,267.2692565917969,3.2390999794006348
BFP222,Chicken korma,147.9583740234375,5.429599761962891,9.830964088439941,9.674144744873047,1.818806767463684,68.66241455078125,1.0602630376815796,29.57276153564453,123.21583557128906,119.2121353149414,277.52557373046875,0.6753770709037781,8.45805835723877,0.2604062855243683,2.888411045074463,16.960058212280273,bowl,513.4599609375,34.11639404296875,18.84234046936035,33.57218551635742,6.311805248260498
BFP223,Bengal fish curry (Bengali machli curry),109.43326568603516,4.419909477233887,7.263133525848389,7.026848793029785,1.926630973815918,44.4390983581543,0.8469220995903015,27.620548248291016,95.07321166992188,76.37984466552734,207.98031616210938,0.43677905201911926,11.115405082702637,0.09471156448125839,3.02486252784729,14.959630966186523,bowl,339.7574462890625,22.549850463867188,13.722492218017578,21.81625747680664,5.981611251831055
BFP226,Fish finger,542.9013061523438,4.474176406860352,5.65550422668457,55.82164764404297,0.33995357155799866,11.380779266357422,0.37991613149642944,12.166054725646973,67.8708724975586,103.54583740234375,135.3891143798828,0.26028314232826233,17.991838455200195,0.0550057478249073,3.184810161590576,7.848463535308838,fillet,2408.255859375,25.087249755859375,19.847000122070312,247.61924743652344,1.5080000162124634
BFP229,Fish in coconut milk (Nariyal ke doodh ke saath machli),86.20545196533203,2.7309341430664062,8.659459114074707,4.431859970092773,1.5153682231903076,21.941631317138672,0.9146207571029663,23.46416473388672,99.27879333496094,73.92955017089844,190.38404846191406,0.3821726441383362,6.023037910461426,0.08110612630844116,3.29057240486145,11.673861503601074,dish,280.641845703125,28.190868377685547,8.890556335449219,14.4279203414917,4.933280944824219
BFP230,Prawn curry (with coconut) (Jhinga curry),109.54869079589844,3.103473424911499,8.543452262878418,6.929214000701904,1.564234972000122,37.24527359008789,0.9588392972946167,35.66516876220703,115.44694519042969,375.8637390136719,150.6495819091797,0.7175475358963013,0.6500768661499023,0.08502516895532608,1.3001394271850586,15.247084617614746,bowl,313.4407043457031,24.44452476501465,8.879657745361328,19.825868606567383,4.475589275360107
BFP231,Baked stuffed fish,121.96038055419922,2.1212949752807617,16.138198852539062,5.427358150482178,0.37637126445770264,18.79994773864746,0.354458749294281,29.34610366821289,181.99862670898438,74.36150360107422,242.9720916748047,0.4823289215564728,37.502567291259766,0.12090875953435898,2.1378796100616455,11.021587371826172,fish,742.0862426757812,98.1952896118164,12.907337188720703,33.02357482910156,2.2900874614715576
BFP232,Fish pie,120.89502716064453,7.743610858917236,9.250432968139648,5.7728986740112305,0.7566347122192383,36.14876174926758,0.45893844962120056,24.55194854736328,123.73542785644531,101.79609680175781,316.2816467285156,0.40933606028556824,43.74734115600586,0.09771262109279633,8.84060287475586,12.11980152130127,pie,369.443115234375,28.268400192260742,23.663700103759766,17.641399383544922,2.3122000694274902
BFP233,Crispy baked fish,138.40179443359375,9.587173461914062,10.953568458557129,6.413250923156738,1.207491159439087,60.035160064697266,0.5458480715751648,24.22565269470215,147.4285125732422,192.4231414794922,208.72792053222656,0.5116607546806335,56.78003692626953,0.10217314213514328,5.9955830574035645,16.529664993286133,casserole dish,391.6770935058594,30.998600006103516,27.13170051574707,18.149499893188477,3.4172000885009766
BFP234,Fish souffle,139.70716857910156,5.1389923095703125,10.508346557617188,8.546370506286621,0.19215142726898193,63.871131896972656,0.5892937183380127,18.498069763183594,148.85569763183594,92.45176696777344,167.33514404296875,0.5706270933151245,82.70806121826172,0.09147084504365921,0.8166858553886414,15.317887306213379,dish,412.61114501953125,31.035350799560547,15.177499771118164,25.2408504486084,0.5674999952316284
BFP239,Potato curry (Aloo ki sabzi),89.55504608154297,10.419947624206543,1.5177794694900513,4.468658924102783,2.4220821857452393,23.735754013061523,0.9740437269210815,25.2950496673584,38.19035720825195,78.39628601074219,383.4476318359375,0.30854344367980957,0.0,0.10240809619426727,20.924222946166992,17.6490421295166,bowl,180.51611328125,3.0593879222869873,21.003488540649414,9.007475852966309,4.882191181182861
BFP240,Egg curry (Anda curry),117.52069091796875,4.03344202041626,5.383247375488281,8.80944538116455,2.092888355255127,41.59408950805664,1.5196807384490967,21.72081184387207,83.16969299316406,142.12139892578125,198.53228759765625,0.6313459277153015,65.31635284423828,0.12299531698226929,12.55324649810791,29.507932662963867,bowl,178.12611389160156,8.159387588500977,6.11348819732666,13.352476119995117,3.1721911430358887
BFP241,Vegetable curry with coconut ,83.0712661743164,7.185318470001221,2.7740097045898438,4.6555094718933105,3.345585346221924,19.625953674316406,0.9468955993652344,23.161781311035156,33.57814025878906,43.3975830078125,215.46826171875,0.45427000522613525,0.0,0.09861506521701813,18.731855392456055,23.595062255859375,bowl,308.66790771484375,10.307388305664062,26.698488235473633,17.29847526550293,12.431191444396973
BFP242,Curd with potatoes (Dahi aloo),59.90421676635742,7.1462483406066895,1.5634292364120483,2.720989227294922,1.1870113611221313,36.3640022277832,0.4730554223060608,15.87468147277832,43.33739471435547,51.990821838378906,259.2660217285156,0.2518058717250824,3.691399097442627,0.06770447641611099,11.318717956542969,11.791448593139648,bowl,227.19273376464844,5.92946195602417,27.102861404418945,10.319623947143555,4.501859188079834
BFP246,Potato kofta curry (Aloo kofta curry),455.3974609375,2.7838075160980225,0.5600302815437317,49.08486557006836,0.5600333213806152,7.772984981536865,0.2596953213214874,6.904822826385498,13.238142967224121,30.121992111206055,97.57389068603516,0.09443141520023346,5.249588489532471,0.02811857871711254,4.571774005889893,4.7617669105529785,bowl,4645.41845703125,5.712757110595703,28.397064208984375,500.70489501953125,5.712788105010986
BFP249,Yam kofta curry (Zimikand/Suran kofta curry),322.8794860839844,3.748732328414917,0.7149139046669006,33.835304260253906,1.0377956628799438,8.351122856140137,0.30990588665008545,8.550979614257812,15.197518348693848,42.22227096557617,109.02159881591797,0.10818196088075638,7.137526035308838,0.04606723040342331,4.8073577880859375,5.794541358947754,bowl,2422.435546875,5.363712787628174,28.1252384185791,253.85275268554688,7.786165714263916
BFP250,Jackfruit kofta curry (Kathal ka kofta curry),321.08282470703125,3.166533946990967,0.8044828772544861,33.83210372924805,0.964221179485321,11.36447811126709,0.24432863295078278,8.78130054473877,10.968585014343262,40.03742980957031,79.59180450439453,0.08259083330631256,7.137526035308838,0.05406445637345314,3.6637539863586426,8.428828239440918,bowl,2408.9560546875,6.035713195800781,23.757238388061523,253.82875061035156,7.234165668487549
BFP257,Spinach and potato (Palak aloo),57.170955657958984,5.912322044372559,1.6299874782562256,2.8196754455566406,2.0378479957580566,43.67390060424805,1.5865648984909058,49.43586730957031,31.338565826416016,62.45978546142578,457.2786560058594,0.3306320607662201,0.0,0.1168566644191742,23.494770050048828,72.21886444091797,bowl,191.57415771484375,5.461925029754639,19.811599731445312,9.448450088500977,6.828625202178955
BFP258,Mooli bhujia,91.20166778564453,4.744147777557373,1.6869206428527832,7.2503156661987305,2.356360912322998,131.87550354003906,2.3654520511627197,40.407508850097656,41.2119255065918,89.73052215576172,282.5989685058594,0.38490626215934753,0.0,0.12709102034568787,40.70710372924805,38.235660552978516,bowl,180.96234130859375,3.3471879959106445,9.413337707519531,14.386075973510742,4.6754913330078125
BFP259,Bathua bhujia,90.9005355834961,3.6303486824035645,2.263979434967041,7.288114070892334,3.8027875423431396,165.84385681152344,2.360412359237671,43.743865966796875,36.77436828613281,81.98684692382812,387.9311218261719,0.8233701586723328,0.0,0.15732990205287933,33.5656852722168,36.12398147583008,bowl,180.36483764648438,4.492187976837158,7.203337669372559,14.461075782775879,7.545490741729736
BFP261,Cabbage rolls (dry) ((Pattagobhi rolls) (dry)),142.4750518798828,6.094019889831543,8.20612621307373,9.35861873626709,1.8360204696655273,31.537553787231445,0.9799903631210327,20.934783935546875,92.25421142578125,118.05327606201172,252.5702362060547,1.4332435131072998,24.846662521362305,0.15318700671195984,15.262791633605957,22.860998153686523,roll,118.46800994873047,6.823393821716309,5.067177772521973,7.781691551208496,1.5266510248184204
BFP262,Cabbage rolls (curry) ((Pattagobhi rolls)(curry)),124.62748718261719,7.032143592834473,5.7596306800842285,8.16766357421875,2.35186505317688,29.823823928833008,0.9485283493995667,26.40521812438965,75.46633911132812,123.98434448242188,425.85595703125,0.9759970903396606,14.18761157989502,0.15697705745697021,18.481765747070312,23.37618064880371,roll,181.4825439453125,8.387173652648926,10.24020767211914,11.893752098083496,3.42478609085083
BFP263,Dry arbi (Sookhi arbi),134.94505310058594,11.106585502624512,2.116119861602783,8.966598510742188,2.4732165336608887,22.769018173217773,0.6811506152153015,25.7568416595459,50.67097091674805,81.24510192871094,322.90496826171875,0.30789920687675476,0.0,0.12200259417295456,4.044879913330078,16.33182144165039,bowl,270.686279296875,4.244724750518799,22.27869987487793,17.986099243164062,4.961025238037109
BFP264,Masala arbi,185.37693786621094,16.157772064208984,3.007230043411255,11.902779579162598,3.099414825439453,32.08297348022461,0.9936478137969971,35.18970489501953,74.01738739013672,261.30645751953125,467.5267639160156,0.39941468834877014,0.0,0.1559218466281891,1.631089687347412,17.317352294921875,bowl,215.3709259033203,3.493799924850464,18.7721004486084,13.828649520874023,3.6008999347686768
BFP266,Peas brinjal bhartha (Matar baingan bhartha),84.54545593261719,5.018434524536133,2.0512430667877197,6.0518879890441895,3.630924701690674,19.625629425048828,0.6250162720680237,22.000490188598633,33.020408630371094,63.65240478515625,224.01417541503906,0.3223262131214142,0.0,0.09157488495111465,10.646207809448242,31.52411460876465,small bowl,221.2301025390625,5.367487907409668,13.13173770904541,15.835975646972656,9.5010404586792
BFP269,Okra/Lady's fingers fry (Bhindi sabzi/sabji/subji),110.80847930908203,4.5031561851501465,1.8304076194763184,9.273520469665527,3.569150447845459,67.88325500488281,0.8841950297355652,52.60093688964844,49.022422790527344,92.77507781982422,233.03480529785156,0.4082391560077667,0.0,0.21642419695854187,17.478656768798828,51.26516342163086,bowl,184.31881713867188,3.0447001457214355,7.4905500411987305,15.42557430267334,5.936924934387207
BFP270,Crispy okra/Crispy lady's fingers (Karare bhindi),657.7600708007812,4.348548412322998,1.9118162393569946,70.39558410644531,1.7533990144729614,27.612255096435547,0.5586724877357483,20.555068969726562,27.9282283782959,40.41634750366211,90.13566589355469,0.21399709582328796,0.0,0.09293946623802185,5.292633056640625,26.270788192749023,small bowl,2254.47265625,6.552750110626221,14.90464973449707,241.28086853027344,6.009774684906006
BFP272,Beans foogath,105.06459045410156,3.2590041160583496,2.0253562927246094,9.221795082092285,4.14662504196167,44.19765090942383,0.9534304738044739,30.9825496673584,42.5180778503418,81.2249755859375,259.2912292480469,0.3513721823692322,0.0,0.3200993537902832,3.512077569961548,47.496742248535156,small bowl,190.34552001953125,3.6693379878997803,5.9043378829956055,16.707124710083008,7.5124406814575195
BFP273,Stuffed bittergourd (wet) (Bharwa karele),162.36154174804688,4.679901599884033,1.3634722232818604,15.24490737915039,2.860555410385132,17.246801376342773,0.9142417311668396,24.193336486816406,34.609954833984375,360.0853576660156,246.153564453125,0.3468990921974182,0.0,0.06418227404356003,29.99488067626953,40.304988861083984,bowl,254.04708862304688,2.133424997329712,7.3226423263549805,23.85370635986328,4.4759111404418945
BFP274,Jackfruit/Kathal (dry),488.9747619628906,4.564837455749512,0.9296601414680481,51.78341293334961,1.3285168409347534,12.78551959991455,0.3330188989639282,11.708024978637695,11.0569486618042,33.68412399291992,106.25550842285156,0.09272599220275879,0.0,0.07486223429441452,4.492999076843262,11.447334289550781,bowl,2363.8017578125,4.4941630363464355,22.067338943481445,250.3313751220703,6.422316074371338
BFP275,Yam fried (Zimikand/Suran fried),491.7631530761719,5.468400001525879,0.7906505465507507,51.78837585449219,1.4427032470703125,8.108840942382812,0.43479377031326294,11.350571632385254,17.62018585205078,37.07496643066406,151.93006896972656,0.13244301080703735,0.0,0.06245066225528717,6.267853260040283,7.3589630126953125,bowl,2377.281494140625,3.8221628665924072,26.435338973999023,250.35537719726562,6.974316120147705
BFP276,"Cauliflower, pea and potato bhujia (Phoolgobhi, matar aur aloo bhujia)",95.6666488647461,8.233966827392578,2.75445818901062,5.540585041046143,3.2630536556243896,21.052488327026367,0.9763696193695068,25.643978118896484,40.54753494262695,86.28689575195312,305.2957458496094,0.4468115270137787,0.0,0.1244514137506485,27.981849670410156,31.39716911315918,bowl,182.93377685546875,5.267075061798096,15.74499225616455,10.594706535339355,6.2396111488342285
BFP277,Vegetable jalfrezi,68.47779846191406,5.425917148590088,1.404845118522644,4.3751654624938965,2.9696500301361084,27.112560272216797,0.6827206015586853,22.881792068481445,33.264503479003906,79.45895385742188,270.9181823730469,0.24102401733398438,0.0,0.1377372294664383,25.929264068603516,28.311155319213867,bowl,68.8783950805664,1.4130635261535645,5.457658767700195,4.400760173797607,2.987022638320923
BFP278,Vegetables stir fry ,30.781307220458984,3.194504499435425,1.03522527217865,1.4730372428894043,1.374916434288025,13.300012588500977,0.34404119849205017,8.60586929321289,15.822394371032715,54.997310638427734,115.07464599609375,0.21423423290252686,0.0,0.045984555035829544,9.823680877685547,15.941879272460938,small bowl,119.58538055419922,4.021850109100342,12.410650253295898,5.722749710083008,5.341550350189209
BFP279,Broccoli delight,40.696990966796875,2.342355966567993,2.4903509616851807,2.4840853214263916,2.8293232917785645,26.98822021484375,0.7095237970352173,17.098997116088867,47.996238708496094,59.2593994140625,257.81829833984375,0.3979949653148651,0.0,0.07832080125808716,39.600250244140625,48.944862365722656,bowl,81.19049835205078,4.968250274658203,4.673000335693359,4.955749988555908,5.644499778747559
BFP280,Dhansak (vegetarian),82.80193328857422,7.278299331665039,3.322080612182617,4.179668426513672,4.168105125427246,26.403671264648438,1.2641905546188354,28.29806137084961,57.862815856933594,34.17921829223633,264.50408935546875,0.5002893209457397,0.0,0.08131308853626251,5.496073246002197,18.720050811767578,bowl,199.56509399414062,8.006712913513184,17.541791915893555,10.073627471923828,10.045758247375488
BFP282,Cauliflower basket,90.9475326538086,3.969550371170044,5.205246925354004,5.880738258361816,2.3982980251312256,100.18853759765625,0.92038494348526,20.591472625732422,143.16497802734375,194.2165985107422,258.1622009277344,0.6540036797523499,68.29147338867188,0.11212287098169327,29.632328033447266,36.6363525390625,portion,219.60646057128906,12.568849563598633,9.585075378417969,14.199925422668457,5.791049957275391
BFP284,Stuffed bottle gourd (Stuffed ghiya/lauki),93.18714141845703,4.36107063293457,5.8379435539245605,5.802958011627197,1.181577444076538,71.8316879272461,0.6557746529579163,13.726140975952148,115.29011535644531,106.98591613769531,149.43943786621094,0.9107887148857117,47.154930114746094,0.06638028472661972,2.5378026962280273,26.170873641967773,portion,330.8143615722656,20.724699020385742,15.481800079345703,20.600500106811523,4.1946001052856445
BFP286,Ducheese potato,140.53915405273438,10.936365127563477,3.602362632751465,9.010547637939453,1.2921322584152222,18.096193313598633,0.7635270953178406,20.303203582763672,67.44698333740234,103.84962463378906,423.3269958496094,0.43809065222740173,119.63162994384766,0.10223172605037689,16.839792251586914,20.28324317932129,potato,60.37561798095703,1.5475749969482422,4.6982622146606445,3.8709311485290527,0.5551000237464905
BFP287,Roast potatoes ,87.31853485107422,14.521992683410645,1.5261659622192383,2.354518413543701,1.7128534317016602,10.380037307739258,0.5729963183403015,23.89119529724121,42.96099090576172,90.66899108886719,528.2360229492188,0.2764991223812103,24.788148880004883,0.09746749699115753,22.462642669677734,15.084885597229004,potato,67.49285888671875,1.1796499490737915,11.224774360656738,1.81992506980896,1.3239500522613525
BFP288,Stuffed baked potatoes ,100.19805145263672,11.034720420837402,3.8153202533721924,4.390840530395508,1.30967378616333,25.717958450317383,0.8066197633743286,20.95283317565918,71.59382629394531,92.08602142333984,429.14129638671875,0.4606131911277771,70.4695053100586,0.105230912566185,18.037866592407227,22.348371505737305,potato,104.25106048583984,3.9696500301361084,11.481074333190918,4.568449974060059,1.3626500368118286
BFP289,Potato nests,111.6167221069336,11.048689842224121,5.706343173980713,4.76517915725708,2.48541522026062,55.246910095214844,0.8695753812789917,25.910518646240234,110.18791961669922,182.12274169921875,341.00689697265625,0.745783805847168,47.060821533203125,0.15363773703575134,19.57065200805664,25.880937576293945,nest,213.7069549560547,10.925649642944336,21.154375076293945,9.123650550842285,4.758699893951416
BFP290,Parsley potato,119.51380157470703,13.811198234558105,1.4891704320907593,6.278064727783203,1.593870997428894,11.428571701049805,0.5507373213768005,22.558433532714844,42.07631301879883,4.622488498687744,502.7557678222656,0.27138248085975647,70.63594055175781,0.09304147958755493,21.949308395385742,15.202765464782715,bowl,129.67247009277344,1.6157499551773071,14.985150337219238,6.811700344085693,1.7293500900268555
BFP291,Creamed spinach and mushroom,419.61541748046875,3.1675798892974854,2.2780840396881104,44.137428283691406,1.0179495811462402,65.48672485351562,0.9047143459320068,27.092437744140625,64.23210144042969,90.20628356933594,217.24034118652344,0.3132268786430359,27.44537925720215,0.061151258647441864,8.128739356994629,39.33184051513672,bowl,2496.711669921875,13.55459976196289,18.84709930419922,262.6177062988281,6.05679988861084
BFP292,Fricassee of Mushroom,106.66338348388672,8.132780075073242,3.6514029502868652,6.63320779800415,1.2347955703735352,84.96759796142578,0.3601944148540497,12.235578536987305,95.56843566894531,118.98212432861328,151.77239990234375,0.3559108376502991,59.26862335205078,0.06671058386564255,14.129754066467285,13.339784622192383,dish,299.553466796875,10.254599571228027,22.840099334716797,18.628700256347656,3.4677999019622803
BFP293,Cauliflower au gratin,145.8968048095703,9.134358406066895,4.453841209411621,10.204614639282227,1.4431378841400146,119.68885803222656,0.5732874274253845,15.988999366760254,126.8860092163086,164.9605255126953,181.3016815185547,0.5262353420257568,91.27668762207031,0.06962448358535767,14.911993980407715,20.678071975708008,bowl,490.7093200683594,14.980050086975098,30.72249984741211,34.322200775146484,4.8538498878479
BFP294,Vegetable and cheese pie,126.87702941894531,8.757074356079102,4.02907133102417,8.281412124633789,1.9115378856658936,99.47952270507812,0.5796850323677063,19.444538116455078,116.18521881103516,117.98896789550781,243.96710205078125,0.5488800406455994,76.79234313964844,0.10914425551891327,11.344051361083984,21.502914428710938,dish,615.1505737304688,19.534549713134766,42.45779800415039,40.1515998840332,9.267900466918945
BFP296,Spinach souffle ,150.17990112304688,6.273834705352783,7.357641696929932,10.520814895629883,1.436058759689331,133.6862335205078,2.1490817070007324,53.002994537353516,167.05270385742188,244.065185546875,385.31378173828125,0.9392232894897461,140.4911651611328,0.12900568544864655,15.114306449890137,86.08837127685547,small bowl,300.87042236328125,14.740300178527832,12.569000244140625,21.07740020751953,2.877000093460083
BFP299,Beetroot and egg salad (Chukandar aur ande ka salad),84.91504669189453,3.402134895324707,3.356741428375244,6.453707695007324,0.5513483285903931,18.126741409301758,0.5482022762298584,6.480224609375,48.26966094970703,110.12449645996094,66.98876190185547,0.35382023453712463,44.494380950927734,0.056067414581775665,2.6970787048339844,18.48853874206543,small bowl,188.93597412109375,7.46875,7.56974983215332,14.35949993133545,1.2267500162124634
BFP300,Sour cream potato salad,121.89783477783203,9.052945137023926,2.8883795738220215,8.126080513000488,1.2074589729309082,23.250308990478516,0.9000044465065002,19.191720962524414,55.179508209228516,102.6619644165039,367.58843994140625,0.4155528247356415,26.979368209838867,0.10123875737190247,16.434226989746094,23.35992431640625,small bowl,276.5130615234375,6.552000045776367,20.53569984436035,18.43320083618164,2.739000082015991
BFP301,Tossed green salad,49.87812805175781,3.815504550933838,1.3340367078781128,3.23651385307312,1.3262385129928589,33.71091842651367,1.2671560049057007,19.14385223388672,27.499540328979492,65.08802795410156,211.2247772216797,0.28155964612960815,0.0,0.09674312174320221,26.71527671813965,34.84665298461914,small bowl,108.73432159423828,2.9082000255584717,8.31779956817627,7.055600166320801,2.891200065612793
BFP302,Spring basket salad,160.4569549560547,11.606666564941406,3.3628571033477783,11.29714298248291,3.091428756713867,45.64761734008789,0.8533332943916321,20.753332138061523,51.174285888671875,26.022857666015625,252.1904754638672,0.5895237922668457,11.14285659790039,0.130952388048172,33.707618713378906,52.15618896484375,basket,336.9595947265625,7.061999797821045,24.374000549316406,23.724000930786133,6.492000102996826
BFP303,Cucumber and yogurt salad (Kheere aur dahi ka salad),36.125816345214844,4.723781108856201,2.0911896228790283,0.9267529845237732,1.661916732788086,68.49031066894531,0.523933470249176,21.874099731445312,65.67633819580078,141.72547912597656,215.50534057617188,0.3183943033218384,7.298635482788086,0.07196541875600815,5.852115631103516,18.557193756103516,small plate,41.57720184326172,2.406749963760376,5.4365997314453125,1.06659996509552,1.9127000570297241
BFP305,Chicken and tomato towers,100.55178833007812,2.3635880947113037,6.900942802429199,6.991310119628906,1.1442689895629883,17.54364013671875,0.7730963230133057,17.281267166137695,66.8960189819336,76.01614379882812,212.83372497558594,0.3561626672744751,6.406906604766846,0.21257904171943665,21.4680233001709,18.738290786743164,stuffed tomato,265.5472106933594,18.224700927734375,6.242000102996826,18.463350296020508,3.021900177001953
BFP306,Jellied sunshine fruit salad,48.86491775512695,4.207062244415283,5.851489067077637,0.8481287956237793,1.797967791557312,37.14337921142578,0.8696780800819397,17.231428146362305,25.754125595092773,74.20237731933594,144.0110626220703,0.2162173092365265,0.0,0.07068410515785217,11.56812858581543,15.1694974899292,small mould,121.4293212890625,14.540949821472168,10.454549789428711,2.107599973678589,4.467949867248535
BFP307,Tomato aspic,50.373313903808594,5.023009300231934,6.87376594543457,0.2617279291152954,1.5835527181625366,44.28346633911133,1.1810990571975708,20.756275177001953,26.747766494750977,98.16595458984375,192.76939392089844,0.23065243661403656,0.0,0.06768825650215149,16.86250877380371,18.337688446044922,small mould,107.1641845703125,14.623250007629395,10.68595027923584,0.5568000078201294,3.368849992752075
BFP308,Frozen frosty fruit salad (Phalon ka salaad),103.50741577148438,15.6080904006958,1.6776823997497559,4.171952724456787,0.26178109645843506,28.61441993713379,0.4080686569213867,7.964807033538818,34.42897033691406,13.231266021728516,103.47209930419922,0.22755365073680878,64.69956970214844,0.03871244564652443,14.356051445007324,8.972982406616211,slice,241.17227172851562,3.9089999198913574,36.36684799194336,9.720650672912598,0.6099500060081482
BFP310,French dressing,733.769287109375,3.675629138946533,0.3226490020751953,79.64860534667969,0.21960265934467316,6.9788079261779785,0.48417216539382935,4.536423683166504,3.7589404582977295,261.1336364746094,27.430463790893555,0.06913907080888748,0.0,0.0037748345639556646,3.189404010772705,0.9681457281112671,cup,1477.322265625,0.6496000289916992,7.400266647338867,160.35919189453125,0.4421333372592926
BFP312,Mayonnaise without eggs,329.0537109375,3.984919309616089,2.131207227706909,33.83994674682617,0.042814720422029495,75.53570556640625,0.26566818356513977,6.8268561363220215,61.06662368774414,193.58448791503906,81.03873443603516,0.2287798523902893,0.0,0.026300840079784393,3.111168384552002,4.866610527038574,cup,1274.260498046875,8.25309944152832,15.431599617004395,131.04519653320312,0.16580000519752502
BFP313,Curd dressing ,78.79560089111328,8.028802871704102,5.585834980010986,2.9034323692321777,0.2200736254453659,194.59059143066406,0.17797590792179108,19.927000045776367,164.76364135742188,204.6170196533203,283.2561340332031,0.6882732510566711,26.771202087402344,0.10543551295995712,2.554928779602051,18.836313247680664,cup,164.82464599609375,11.684449195861816,16.79465103149414,6.073400020599365,0.46035000681877136
BFP316,Carrot raita (Gajar ka raita),64.78433990478516,7.185221195220947,4.136575222015381,2.1851816177368164,1.686808466911316,146.716796875,0.5533265471458435,22.1346378326416,126.27798461914062,274.4648132324219,293.7736511230469,0.5673755407333374,17.758609771728516,0.10872328281402588,4.921627998352051,20.29844093322754,bowl,102.14546966552734,6.522137641906738,11.328938484191895,3.445375919342041,2.65959095954895
BFP318,Pumpkin raita (Kaddu ka raita),55.60216522216797,6.0176825523376465,3.7350518703460693,1.8839621543884277,1.0413557291030884,130.1141815185547,0.3349861800670624,17.416515350341797,109.32733154296875,129.14073181152344,258.974365234375,0.47120699286460876,16.469619750976562,0.08927474915981293,4.181147575378418,18.64457893371582,bowl,94.52924346923828,6.349961757659912,10.23066234588623,3.2029240131378174,1.7704089879989624
BFP320,Mint and peanut raita (Pudinay aur moongfali ka raita),112.04664611816406,7.3111467361450195,7.04649543762207,6.191745758056641,1.7900195121765137,191.0054168701172,1.6808875799179077,48.545780181884766,172.0693817138672,223.00904846191406,365.4576110839844,0.9156439304351807,21.0257568359375,0.14763085544109344,4.547397136688232,33.22964096069336,bowl,149.2125244140625,9.383817672729492,9.73625373840332,8.245548248291016,2.3837690353393555
BFP321,Spinach raita (Palak ka raita),52.754600524902344,5.058942794799805,3.9483280181884766,1.858319640159607,1.390839695930481,142.9600372314453,1.607736349105835,54.44623565673828,101.72998046875,126.57240295410156,458.1778259277344,0.590324878692627,13.781561851501465,0.12728257477283478,16.1951904296875,79.0726547241211,bowl,107.1815185546875,8.021818161010742,10.278254508972168,3.775547981262207,2.8257691860198975
BFP322,Bathua raita,54.40149688720703,5.309964179992676,4.125519275665283,1.7598799467086792,2.1931235790252686,206.31092834472656,1.4649988412857056,35.46705627441406,104.17127990722656,110.92048645019531,366.1366882324219,0.8462681770324707,13.781561851501465,0.13712655007839203,21.486326217651367,30.123498916625977,bowl,110.52751922607422,8.381817817687988,10.788253784179688,3.575547933578491,4.455769062042236
BFP325,Pineapple raita (Ananas ka raita),67.74183654785156,8.621537208557129,3.8981993198394775,2.021782875061035,1.3891651630401611,134.5253143310547,0.27100855112075806,18.802663803100586,114.14734649658203,135.48439025878906,239.89083862304688,0.4954608380794525,17.6278018951416,0.10784436762332916,12.519830703735352,17.453033447265625,bowl,107.60112762451172,6.19189977645874,13.694450378417969,3.211400032043457,2.206550121307373
BFP326,Banana raita (Kele ka raita),89.03275299072266,13.51010513305664,4.127990245819092,2.072148084640503,0.9956874847412109,133.23155212402344,0.3087824285030365,24.323942184448242,116.44210815429688,135.42771911621094,308.828125,0.511199951171875,17.6278018951416,0.22746159136295319,3.6083481311798096,17.36489486694336,bowl,141.4196319580078,6.5569000244140625,21.459449768066406,3.2913999557495117,1.5815500020980835
BFP327,Mango raita (Aam ka raita),67.36566925048828,8.231207847595215,3.9044950008392334,2.144547939300537,0.891809344291687,136.06459045410156,0.343408465385437,19.013566970825195,113.36354064941406,135.4560546875,240.2056121826172,0.501756489276886,17.6278018951416,0.10469654947519302,11.449572563171387,37.548728942871094,bowl,107.00363159179688,6.201900005340576,13.074450492858887,3.406399965286255,1.4165500402450562
BFP328,Guava raita (Amarood ka raita),64.35635375976562,7.271121978759766,4.187798976898193,2.072148084640503,3.003997802734375,136.93023681640625,0.283599853515625,19.61480140686035,117.28887939453125,135.9376678466797,283.9603271484375,0.5363824963569641,17.6278018951416,0.10154873132705688,68.43458557128906,21.088768005371094,bowl,102.2236328125,6.651899814605713,11.549449920654297,3.2913999557495117,4.771550178527832
BFP329,Grapes raita (Angoor ka raita),72.5943603515625,9.657170295715332,3.975321054458618,2.0674264430999756,0.7092357277870178,134.5205841064453,0.25526943802833557,17.068212509155273,116.25953674316406,135.63548278808594,247.91778564453125,0.47972172498703003,17.6278018951416,0.09840090572834015,6.642848014831543,14.40279483795166,bowl,115.30888366699219,6.314399719238281,15.339449882507324,3.283900022506714,1.1265499591827393
BFP334,Bottle gourd kheer (Ghiya/Lauki kheer),84.07347869873047,10.002121925354004,2.7009787559509277,3.8568472862243652,0.5464400053024292,94.17855834960938,0.22511392831802368,11.569293975830078,79.09861755371094,19.615446090698242,117.45909881591797,0.31585732102394104,0.0,0.034639522433280945,2.3165035247802734,13.399839401245117,bowl,225.064697265625,7.230519771575928,26.775680541992188,10.324780464172363,1.4628199338912964
BFP336,Pumpkin kheer (Kaddu ki kheer),86.35009002685547,10.435442924499512,2.7588794231414795,3.86245059967041,0.6286215782165527,95.60552978515625,0.24379156529903412,11.475905418395996,80.25102233886719,20.988250732421875,141.55323791503906,0.30838626623153687,0.0,0.04584609717130661,3.0094432830810547,10.06588363647461,bowl,231.15919494628906,7.385519981384277,27.935680389404297,10.3397798538208,1.6828199625015259
BFP338,Apple kheer (Seb ki kheer),81.29505157470703,11.344511032104492,2.1373558044433594,3.1800167560577393,0.5103079080581665,75.66808319091797,0.1843029111623764,8.91209888458252,62.825775146484375,15.855802536010742,93.40827178955078,0.24662990868091583,0.0,0.03087720274925232,1.7496821880340576,4.928200721740723,bowl,270.47271728515625,7.111090183258057,37.74375534057617,10.58007526397705,1.6978199481964111
BFP345,Caramel custard (baked),122.69644927978516,14.954767227172852,5.11321496963501,5.009002208709717,0.0,90.58758544921875,0.5257650017738342,8.419069290161133,105.37471771240234,44.7827033996582,107.97782897949219,0.5035698413848877,43.90243911743164,0.06214190647006035,1.3370288610458374,15.611973762512207,small bowl,276.6805114746094,11.53030014038086,33.722999572753906,11.295299530029297,0.0
BFP346,Vanilla ice cream without egg,228.67276000976562,14.205242156982422,2.6880381107330322,18.145544052124023,0.0,81.26608276367188,0.10006354004144669,6.633042335510254,69.82525634765625,23.965051651000977,89.95790100097656,0.2513423264026642,158.45909118652344,0.03503097593784332,1.3550437688827515,6.146147727966309,ice cream cup,359.8737487792969,4.230299949645996,22.355499267578125,28.556549072265625,0.0
BFP347,Vanilla ice cream with egg,214.85037231445312,11.707660675048828,4.164416790008545,17.024320602416992,0.0,77.4202880859375,0.33746030926704407,7.407177448272705,86.08695220947266,37.72394561767578,97.18909454345703,0.3847067058086395,165.01034545898438,0.05252173915505409,1.1773637533187866,12.133885383605957,ice cream cup,389.1477355957031,7.542799949645996,21.20549964904785,30.83530044555664,0.0
BFP348,Strawberry ice cream,215.6056365966797,12.257044792175293,4.15120267868042,16.958763122558594,0.0,77.08453369140625,0.33642610907554626,7.357388496398926,85.8322982788086,37.61924362182617,96.40206146240234,0.38625431060791016,164.32989501953125,0.052233677357435226,1.1725085973739624,12.097594261169434,ice cream cup,392.13275146484375,7.549999713897705,22.292499542236328,30.84375,0.0
BFP350,Chocochip ice cream,241.44589233398438,16.754858016967773,4.225705146789551,17.927900314331055,0.0,73.21504974365234,0.5087774395942688,14.523510932922363,90.58683013916016,34.84388732910156,114.2727279663086,0.46645766496658325,151.22256469726562,0.050282131880521774,1.0695924758911133,12.089028358459473,ice cream cup,481.38275146484375,8.425000190734863,33.404998779296875,35.743751525878906,0.0
BFP351,Choconut ice cream,273.95611572265625,23.12738609313965,5.040565490722656,18.49078369140625,0.5070215463638306,67.38018798828125,0.8878199458122253,37.495479583740234,115.16020202636719,29.83220672607422,145.80819702148438,0.8029025793075562,125.06497192382812,0.05382264032959938,0.9003264307975769,12.19051456451416,sundae glass,658.7959594726562,12.121299743652344,55.61558151245117,44.4657096862793,1.2192599773406982
BFP352,Pear chocholate sunday,183.4873504638672,15.015302658081055,2.084487199783325,13.111092567443848,0.07367179542779922,56.667694091796875,0.23921537399291992,12.332820892333984,56.285125732421875,16.26076889038086,91.18256378173828,0.27432820200920105,112.13333129882812,0.028766153380274773,1.3713538646697998,5.220030784606934,sundae glass,447.2503967285156,5.080937385559082,36.59980010986328,31.958288192749023,0.17957499623298645
BFP353,Chocolate sauce,263.20001220703125,43.209999084472656,1.909999966621399,10.390000343322754,0.0,18.799999237060547,1.1299999952316284,53.0,68.69999694824219,2.799999952316284,154.6999969482422,0.7400000095367432,95.80000305175781,0.007000000216066837,0.0,3.799999952316284,tablespoon,43.866668701171875,0.31833332777023315,7.201666355133057,1.7316666841506958,0.0
BFP354,Coffee ice cream,150.61996459960938,14.08952522277832,3.147430181503296,9.430323600769043,0.0,95.71514892578125,0.14828936755657196,9.78734016418457,84.91605377197266,42.08560562133789,132.1755828857422,0.3052298426628113,44.08440017700195,0.036672193557024,1.3011304140090942,4.331424236297607,ice cream cup,249.8408660888672,5.220799922943115,23.371000289916992,15.642549514770508,0.0
BFP355,Coffee pear alaska,203.98948669433594,19.36335563659668,2.883115291595459,13.215276718139648,0.15177233517169952,60.60960388183594,0.22431352734565735,8.567608833312988,55.733280181884766,51.105140686035156,107.86270904541016,0.23321019113063812,109.16625213623047,0.030885672196745872,1.3912131786346436,5.532880783081055,dish,510.7386779785156,7.218599796295166,48.48099899291992,33.08774948120117,0.3799999952316284
BFP356,Crunchy butterscotch,277.3192443847656,19.922080993652344,3.1129019260406494,20.99428939819336,0.469112753868103,72.25750732421875,0.2580253481864929,12.962641716003418,76.55103302001953,22.24176025390625,103.65377044677734,0.3493262231349945,184.2161407470703,0.040096063166856766,1.138092041015625,9.988525390625,cup,519.626953125,5.832799911499023,37.32899856567383,39.338050842285156,0.8790000081062317
BFP358,Peach melba ice cream,200.84573364257812,16.306827545166016,2.056551694869995,14.50646686553955,0.06270624697208405,60.54692459106445,0.11287210881710052,6.896224498748779,53.819183349609375,17.918048858642578,81.24356079101562,0.21046486496925354,126.26582336425781,0.029515495523810387,1.3053863048553467,5.144504547119141,sundae glass,460.1375732421875,4.711559772491455,37.35894012451172,33.23431396484375,0.14366000890731812
BFP359,Vanilla ice cream with apples in hot cherry sauce,196.3192596435547,22.750776290893555,1.7349472045898438,11.454093933105469,0.25801950693130493,56.34050750732422,0.16244271397590637,6.035066604614258,46.38204574584961,31.53536605834961,74.21468353271484,0.17518429458141327,99.37238311767578,0.027208607643842697,1.6851962804794312,4.290994167327881,dish,492.6631774902344,4.3538498878479,57.093074798583984,28.744049072265625,0.6474999785423279
BFP361,Grape and orange whip,57.3907470703125,6.71652889251709,1.4135537147521973,2.62239670753479,0.9669421315193176,17.40074348449707,0.5342562198638916,8.949338912963867,15.371777534484863,14.361156463623047,138.8594970703125,0.04549586772918701,24.73140525817871,0.040909089148044586,28.809917449951172,13.921570777893066,orange case,69.44280242919922,1.7103999853134155,8.126999855041504,3.173099994659424,1.1699999570846558
BFP362,Honey banana cream,125.48927307128906,13.636676788330078,2.7751660346984863,6.675106048583984,0.7003021240234375,43.524349212646484,0.2294864058494568,12.73462200164795,40.02755355834961,15.650272369384766,159.94259643554688,0.20996978878974915,54.244712829589844,0.17410875856876373,5.039879322052002,8.594924926757812,tall stemmed glass,415.3694763183594,9.185799598693848,45.13740158081055,22.094600677490234,2.318000078201294
BFP363,Raspberry bavarian cream,150.10455322265625,17.820674896240234,3.3429534435272217,7.875611782073975,2.1940927505493164,26.3961181640625,0.3075527250766754,9.954177856445312,22.92729949951172,24.586498260498047,78.98312377929688,0.19877636432647705,75.76016998291016,0.026160337030887604,9.0337553024292,8.7735013961792,small mould,355.747802734375,7.922799587249756,42.23500061035156,18.665199279785156,5.199999809265137
BFP364,Fruit delight,107.09166717529297,9.108918190002441,2.0852339267730713,7.0915207862854,0.0929824560880661,71.69064331054688,0.1485380083322525,6.929678440093994,61.20599365234375,17.273099899291992,96.94444274902344,0.22923976182937622,46.66666793823242,0.03450292348861694,2.2634503841400146,5.670175552368164,small mould,366.25347900390625,7.131500244140625,31.15250015258789,24.253000259399414,0.3179999887943268
BFP365,Creamy chocolate mousse,230.52182006835938,9.526510238647461,6.850801467895508,18.158323287963867,0.0,45.25277328491211,0.9632552266120911,26.508014678955078,95.04315948486328,48.636253356933594,127.49691772460938,0.6683107018470764,196.49815368652344,0.05716399475932121,0.3699136972427368,16.310728073120117,dish,467.38299560546875,13.889999389648438,19.315000534057617,36.816001892089844,0.0
BFP366,Cold lemon souffle,169.8651580810547,15.624741554260254,5.8938140869140625,9.78144359588623,0.0,55.028865814208984,0.5268041491508484,6.744329929351807,72.6185531616211,46.35051727294922,81.69071960449219,0.40515464544296265,160.82473754882812,0.05000000074505806,3.5670104026794434,12.880412101745605,souffle dish,411.9230041503906,14.292499542236328,37.88999938964844,23.719999313354492,0.0
BFP367,Cold orange souffle,173.1899871826172,16.27274513244629,5.939378261566162,9.824922561645508,0.11362694948911667,55.4478759765625,0.5729015469551086,7.193005084991455,73.19844818115234,46.533626556396484,88.16580200195312,0.4014507830142975,161.6580352783203,0.049119170755147934,4.1774091720581055,14.008393287658691,souffle dish,417.82086181640625,14.328749656677246,39.257999420166016,23.702625274658203,0.27412500977516174
BFP368,Cold pineapple souffle,181.2184295654297,16.848684310913086,6.229824542999268,10.387280464172363,0.0,57.1315803527832,0.5377193093299866,6.791666507720947,76.28508758544922,49.3815803527832,79.8640365600586,0.42456141114234924,171.05262756347656,0.05000000074505806,0.8245614171028137,13.289473533630371,souffle dish,413.1780090332031,14.203999519348145,38.415000915527344,23.683000564575195,0.0
BFP369,Cold vanilla souffle,179.53909301757812,16.288982391357422,6.2159318923950195,10.316780090332031,0.0,62.470340728759766,0.5227542519569397,6.935169696807861,79.82796478271484,49.092796325683594,83.2966079711914,0.42822036147117615,165.25424194335938,0.04926270991563797,0.5514830350875854,13.014618873596191,souffle dish,423.7122497558594,14.669599533081055,38.44199752807617,24.34760093688965,0.0
BFP370,Cold chocolate souffle,187.52767944335938,17.216461181640625,6.367900848388672,10.863374710083008,0.0,62.90946578979492,0.6841564178466797,14.937037467956543,88.53250885009766,47.76502227783203,104.97942352294922,0.5273662805557251,160.80247497558594,0.049218107014894485,0.5355967283248901,13.355761528015137,souffle dish,455.6922607421875,15.473999977111816,41.83599853515625,26.398000717163086,0.0
BFP371,Stewed fruit (with pear),74.32410430908203,18.220497131347656,0.25020748376846313,0.31958505511283875,2.838132619857788,5.935684680938721,0.20883816480636597,5.865145206451416,5.178422927856445,1.702531099319458,68.56431579589844,0.06203319504857063,0.0,0.05643153935670853,2.060166120529175,3.59659743309021,bowl,89.560546875,0.30150002241134644,21.955699920654297,0.38510000705718994,3.419950008392334
BFP372,Apricot fool,240.79278564453125,33.640625,1.5373802185058594,11.346095085144043,0.9977325201034546,26.369665145874023,0.7277215719223022,8.63701057434082,38.891334533691406,8.27845287322998,105.44561004638672,0.20748522877693176,104.79316711425781,0.037800393998622894,0.643589437007904,5.015318393707275,tall stemmed glass,550.0911254882812,3.5121450424194336,76.85200500488281,25.920154571533203,2.279320001602173
BFP373,Pavlova,200.59559631347656,21.843772888183594,1.8448679447174072,12.289334297180176,0.058620210736989975,23.002853393554688,0.25383105874061584,6.300746440887451,26.373313903808594,26.341480255126953,86.90017700195312,0.12985482811927795,121.36042785644531,0.030071891844272614,6.574489116668701,5.304436683654785,meringue,725.4539794921875,6.6719651222229,78.99800872802734,44.44437789916992,0.21199999749660492
BFP379,Apple crumb pudding,220.8507080078125,35.16666793823242,1.5396946668624878,8.871500968933105,1.3272264003753662,38.486515045166016,1.0494401454925537,10.253944396972656,26.044782638549805,59.36056137084961,159.2366485595703,0.2226463109254837,97.50636291503906,0.035877861082553864,3.6628499031066895,8.005088806152344,small plate,216.98582458496094,1.5127500295639038,34.55125045776367,8.7162504196167,1.3040000200271606
BFP380,Steamed cake with chocolate sauce,301.908203125,29.063655853271484,4.490588188171387,19.014118194580078,0.2899159789085388,67.76050567626953,0.8534453511238098,25.72772979736328,147.5373992919922,100.32100677490234,131.48739624023438,0.6374369859695435,201.93276977539062,0.04279831796884537,0.7600840330123901,10.844327926635742,small mould,718.54150390625,10.687600135803223,69.17150115966797,45.25360107421875,0.6899999976158142
BFP382,Hot lemon souffle,155.25045776367188,16.31086540222168,5.288147926330566,7.93432092666626,0.13629630208015442,48.768890380859375,0.5534567832946777,9.195802688598633,90.50086212158203,47.75432205200195,106.74073791503906,0.3302468955516815,100.543212890625,0.052345678210258484,10.639506340026855,17.039752960205078,bowl,188.62930297851562,6.425099849700928,19.81770133972168,9.640199661254883,0.1656000018119812
BFP386,Gulab jamun with milk powder,471.1536560058594,28.242319107055664,0.8525879979133606,40.151222229003906,0.04571428522467613,26.126708984375,0.12621118128299713,3.1612422466278076,22.382442474365234,67.28330993652344,33.68115997314453,0.12339545041322708,3.5279502868652344,0.008033126592636108,0.13689440488815308,1.5121325254440308,piece,1422.2950439453125,2.5737500190734863,85.25650024414062,121.20649719238281,0.1379999965429306
BFP388,Chum chum,130.05374145507812,28.269840240478516,1.5168564319610596,1.917016863822937,0.015493184328079224,62.584442138671875,0.1295028030872345,5.1349077224731445,49.40400695800781,16.651628494262695,64.67201232910156,0.2106335163116455,0.19246192276477814,0.021491579711437225,0.8639134168624878,3.2715718746185303,piece,405.4425048828125,4.728799819946289,88.1312255859375,5.97629976272583,0.04830000177025795
BFP389,Dil bahar,130.05374145507812,28.269840240478516,1.5168564319610596,1.917016863822937,0.015493184328079224,62.584442138671875,0.1295028030872345,5.1349077224731445,49.40400695800781,16.651628494262695,64.67201232910156,0.2106335163116455,0.19246192276477814,0.021491579711437225,0.8639134168624878,3.2715718746185303,piece,405.4425048828125,4.728799819946289,88.1312255859375,5.97629976272583,0.04830000177025795
BFP390,Rasbhari,130.05374145507812,28.269840240478516,1.5168564319610596,1.917016863822937,0.015493184328079224,62.584442138671875,0.1295028030872345,5.1349077224731445,49.40400695800781,16.651628494262695,64.67201232910156,0.2106335163116455,0.19246192276477814,0.021491579711437225,0.8639134168624878,3.2715718746185303,piece,405.4425048828125,4.728799819946289,88.1312255859375,5.97629976272583,0.04830000177025795
BFP391,Rajbogh,133.69778442382812,28.159015655517578,1.7112064361572266,2.278181552886963,0.11006835103034973,63.22905731201172,0.16840724647045135,6.415538311004639,53.7443962097168,16.56509017944336,73.46971893310547,0.2303004264831543,0.1907486915588379,0.029845811426639557,0.8562231659889221,3.8201637268066406,piece,420.5463562011719,5.382599830627441,88.57418823242188,7.166019916534424,0.3462199866771698
BFP392,Rasgulla,118.63716888427734,25.78821563720703,1.3837014436721802,1.748734474182129,0.014133138582110405,57.0905647277832,0.11813460290431976,4.684147834777832,45.06715393066406,15.189889907836914,58.99488067626953,0.19214338064193726,0.17556694149971008,0.01960497535765171,0.7880761027336121,2.984381914138794,piece,405.4425048828125,4.728799819946289,88.1312255859375,5.97629976272583,0.04830000177025795
BFP393,Rasmalai,135.5491180419922,29.171350479125977,1.6134483814239502,2.1076526641845703,0.07152707874774933,62.30582809448242,0.15369446575641632,5.85671854019165,51.37779235839844,16.455455780029297,69.17681121826172,0.22092901170253754,0.18901507556438446,0.026187408715486526,0.8484414219856262,3.5564589500427246,piece,430.28033447265625,5.121649742126465,92.6000747680664,6.690426826477051,0.2270519882440567
BFP396,Khoa coconut burfi,411.45404052734375,36.54855728149414,9.978109359741211,26.007959365844727,4.065174102783203,309.8407897949219,2.09865665435791,54.94278335571289,288.2189025878906,31.1418399810791,459.512451171875,1.5582586526870728,0.0,0.06791044771671295,0.0,52.942039489746094,piece,206.7556610107422,5.013999938964844,18.365650177001953,13.069000244140625,2.042750120162964
BFP397,Danedar burfi,102.67752838134766,12.325998306274414,3.242760181427002,4.72036075592041,0.08864054083824158,107.53057861328125,0.24281087517738342,11.913365364074707,94.74481964111328,23.30553436279297,116.63592529296875,0.3775008022785187,0.0,0.042433351278305054,2.40651273727417,6.974786281585693,piece,143.46617126464844,4.530946731567383,17.222501754760742,6.595523834228516,0.12385299801826477
BFP401,Semolina burfi (Suji/Rava burfi),348.67132568359375,47.0986213684082,3.466792106628418,16.863786697387695,2.8000214099884033,14.862985610961914,1.0090548992156982,11.530862808227539,33.05745315551758,8.32622241973877,99.5296859741211,0.6052702069282532,147.69329833984375,0.029768262058496475,0.0,6.863653659820557,piece,163.24790954589844,1.6231520175933838,22.05157470703125,7.895625114440918,1.3109700679779053
BFP403,Pumpkin coconut burfi (Kaddu aur nariyal ki burfi),186.1792755126953,17.024032592773438,1.7519750595092773,12.655717849731445,4.285862922668457,21.75883674621582,0.7873804569244385,23.608732223510742,47.99584197998047,8.945758819580078,283.9542541503906,0.323305606842041,19.168397903442383,0.07515592128038406,5.014553070068359,19.098648071289062,piece,111.94029235839844,1.053375005722046,10.235699653625488,7.609250068664551,2.5768749713897705
BFP404,Khoa ladoo,396.0151062011719,34.432220458984375,12.20555591583252,24.094444274902344,3.081111192703247,358.6111145019531,2.2527778148651123,69.26222229003906,341.8333435058594,31.710554122924805,479.6666564941406,1.807777762413025,0.0,0.10833333432674408,0.041111111640930176,60.68888854980469,piece,178.20680236816406,5.492499828338623,15.494500160217285,10.842500686645508,1.3865000009536743
BFP406,Wheat and gram flour ladoo (Atta besan ladoo),501.7003173828125,50.49619674682617,9.380413055419922,29.855083465576172,6.007768630981445,35.26694107055664,2.3872313499450684,44.20578384399414,122.22313690185547,27.058347702026367,224.94215393066406,1.117561936378479,228.5950469970703,0.15487602353096008,0.0,48.10458755493164,piece,151.76434326171875,2.8375749588012695,15.275099754333496,9.03116226196289,1.8173500299453735
BFP407,Semolina ladoo with nuts (Suji/Rava ladoo with nuts),441.84478759765625,48.024940490722656,5.440637588500977,25.450199127197266,4.274502277374268,18.041433334350586,1.8084861040115356,29.986454010009766,71.10836791992188,3.9299204349517822,189.25099182128906,1.1008366346359253,220.39840698242188,0.057569719851017,0.08167330920696259,12.772311210632324,piece,138.62879943847656,1.7070000171661377,15.067825317382812,7.985000133514404,1.3411250114440918
BFP412,Sesame chickpeas brittle (Til aur channe ki chikki),282.73699951171875,50.494998931884766,8.5,4.660714149475098,5.542142868041992,150.73428344726562,4.795714378356934,109.57142639160156,178.6557159423828,17.930713653564453,515.4285278320312,1.7907143831253052,0.0,0.40285712480545044,0.0,67.52857208251953,piece,98.95794677734375,2.9749999046325684,17.673250198364258,1.631250023841858,1.9397499561309814
BFP413,Murmura chikki,253.8179931640625,59.59428787231445,2.1242856979370117,0.322857141494751,0.36571428179740906,63.29856872558594,3.2957143783569336,74.9414291381836,64.3028564453125,15.029999732971191,298.85711669921875,0.4642857313156128,0.0,0.415714293718338,0.0,8.228571891784668,piece,66.62722778320312,0.5576249957084656,15.643500328063965,0.08474999666213989,0.09600000083446503
BFP415,Masala onion pakora/pakoda (Pyaaz ke pakode),551.6427001953125,6.481038570404053,2.0452048778533936,57.607757568359375,1.4415217638015747,11.055106163024902,0.4229714274406433,9.654571533203125,24.34694480895996,99.21949768066406,70.11058044433594,0.20092004537582397,0.0,0.060808971524238586,1.6753754615783691,20.780685424804688,pakora,389.0276184082031,1.4423125982284546,4.570536136627197,40.62594985961914,1.0165852308273315
BFP416,Masala green chilli pakora/pakoda (Hari mirch kay pakode),668.7589721679688,5.5475053787231445,2.2224369049072266,71.01499938964844,1.3414231538772583,8.57852554321289,0.46617090702056885,8.390162467956543,23.564176559448242,120.90203094482422,56.48063278198242,0.16149310767650604,0.0,0.06215062364935875,5.594182968139648,18.46201515197754,pakora,458.915771484375,1.5250805616378784,3.806809186935425,48.731910705566406,0.9205113649368286
BFP420,Chicken pakora/pakoda,590.09326171875,4.552274703979492,6.031492233276367,60.97547149658203,0.9561175107955933,9.076774597167969,0.5073076486587524,10.079936027526855,52.40367126464844,103.2327880859375,92.89857482910156,0.27589279413223267,1.3543161153793335,0.14361053705215454,0.20313307642936707,16.731342315673828,pakora,404.3417663574219,4.132879257202148,3.1192944049835205,41.78140640258789,0.6551476716995239
BFP421,Fish pakora/pakoda,577.0250854492188,4.552274703979492,5.973116874694824,59.521915435791016,0.9561175107955933,12.649367332458496,0.6298966407775879,13.438484191894531,62.716712951660156,112.24404907226562,95.62277221679688,0.25448834896087646,3.1795294284820557,0.0599387064576149,0.20313307642936707,16.087263107299805,pakora,395.38720703125,4.092879295349121,3.1192944049835205,40.78540802001953,0.6551476716995239
BFP424,Paneer cutlet,672.1958618164062,7.616063594818115,4.5876359939575195,69.37588500976562,0.3922957479953766,107.859619140625,0.483320415019989,8.931286811828613,74.91223907470703,91.44544982910156,35.433902740478516,0.6143268942832947,0.0,0.018739182502031326,1.0036582946777344,21.20437240600586,cutlet,1215.5654296875,8.296051025390625,13.77250862121582,125.45587921142578,0.7094079852104187
BFP425,Sago cutlet/vadas (Sabudana cutlet/vadas),558.7550048828125,11.226319313049316,0.5644468069076538,56.97008514404297,0.5356833338737488,5.434554576873779,0.3789752721786499,7.597833156585693,15.001091003417969,48.16865158081055,138.96714782714844,0.08865606039762497,0.0,0.028167525306344032,6.350921630859375,4.312104225158691,cutlet,1178.051025390625,1.1900514364242554,23.669010162353516,120.11287689208984,1.1294080018997192
BFP427,Poshtik cutlet,496.44976806640625,7.38846492767334,2.0035715103149414,50.94115447998047,1.3453850746154785,14.942156791687012,0.6869900226593018,18.525501251220703,33.907676696777344,57.107200622558594,195.3687744140625,0.2981991767883301,0.0,0.04375900700688362,6.817101001739502,18.128562927246094,cutlet,1195.624755859375,4.825301647186279,17.794008255004883,122.68412780761719,3.2401580810546875
BFP428,Egg cutlet (Anda cutlet),575.0221557617188,5.770039081573486,2.4484479427337646,60.247806549072266,0.5783106684684753,16.22492027282715,0.5554934144020081,8.761104583740234,37.56635665893555,79.39871215820312,139.0274200439453,0.2552034854888916,24.34406280517578,0.04654240608215332,5.446659564971924,10.841923713684082,cutlet,1169.2213134765625,4.978551387786865,11.732508659362793,122.5048828125,1.1759079694747925
BFP430,Minced meat cutlet,531.8563842773438,5.606320858001709,5.09891414642334,54.466915130615234,0.3972434401512146,20.81682586669922,0.6306437253952026,8.135895729064941,52.357147216796875,95.80704498291016,88.66710662841797,0.8376017212867737,1.0714209079742432,0.053629759699106216,0.777836799621582,3.7977263927459717,cutlet,1241.007080078125,11.897551536560059,13.08150863647461,127.09037780761719,0.926908016204834
BFP431,Vegetable samosa,443.10748291015625,13.2201509475708,2.2069897651672363,42.22310256958008,1.5228114128112793,10.373754501342773,0.5990554690361023,14.775344848632812,30.04806900024414,107.69612121582031,189.06590270996094,0.28498151898384094,15.225072860717773,0.05944284796714783,9.963329315185547,12.276470184326172,samosa,447.2283630371094,2.2275147438049316,13.343097686767578,42.615779876708984,1.536973476409912
BFP436,Plain urad dal vada (Uzunne vada/Minapa garelu/Ulundu vadai/Medu vada),745.4993896484375,9.698890686035156,4.385420322418213,76.31505584716797,2.268779754638672,10.602852821350098,0.9646592736244202,33.02060317993164,71.31695556640625,65.8725814819336,220.17274475097656,0.5706814527511597,0.0,0.041838351637125015,0.0,16.877971649169922,vada,588.0126342773438,3.4590001106262207,7.650000095367432,60.19350051879883,1.7894999980926514
BFP437,Masala urad dal vada,703.7791748046875,9.931134223937988,4.321949005126953,71.6166000366211,2.710979700088501,11.874979019165039,1.003752589225769,33.89347839355469,71.2685775756836,61.492313385009766,232.79063415527344,0.5745708346366882,0.0,0.05572551488876343,2.391784429550171,18.570316314697266,vada,602.0303344726562,3.6971030235290527,8.495340347290039,61.262630462646484,2.319039821624756
BFP439,Khaman (dhokla),54.726593017578125,5.355262756347656,1.9246256351470947,2.7977488040924072,1.4915459156036377,5.310719013214111,0.5775744318962097,11.460400581359863,29.77588653564453,124.10132598876953,92.49396514892578,0.32499250769615173,0.0,0.02314843237400055,2.194873571395874,16.288379669189453,dhokla,64.93401336669922,2.283600330352783,6.354108810424805,3.319575548171997,1.7697440385818481
BFP440,Instant dhokla,207.11245727539062,24.110549926757812,7.664568901062012,9.373123168945312,3.5698535442352295,66.58332061767578,1.0474324226379395,25.797822952270508,105.7383041381836,763.9752197265625,187.95213317871094,0.6950507760047913,6.5905609130859375,0.15598486363887787,6.36519718170166,53.84067153930664,dhokla,87.9917221069336,3.2562921047210693,10.243367195129395,3.9821712970733643,1.516652226448059
BFP442,Tomato ginger chutney (Tamatar adarak ki chutney),44.65675354003906,9.111577987670898,1.0496788024902344,0.3215406835079193,2.136676549911499,23.62636375427246,1.0757091045379639,20.729768753051758,25.63804817199707,209.422607421875,227.5588836669922,0.17340640723705292,0.0,0.08738677203655243,22.198007583618164,13.957670211791992,tablespoon,7.333196640014648,0.17237037420272827,1.4962350130081177,0.05280100181698799,0.35086899995803833
BFP443,Mint tomato chutney (Pudinay aur tamatar ki chutney),43.65103530883789,8.223479270935059,1.526698112487793,0.364938884973526,2.6325902938842773,47.590641021728516,2.0645828247070312,32.52473831176758,30.87183952331543,183.98129272460938,268.7085266113281,0.24958975613117218,0.0,0.09830217063426971,21.532352447509766,26.118907928466797,tablespoon,8.259322166442871,0.28887036442756653,1.5559849739074707,0.06905099749565125,0.4981189966201782
BFP444,Coriander chutney (Hare dhaniye ki chutney),42.86157989501953,8.162700653076172,1.3760738372802734,0.3715452253818512,2.4700746536254883,39.79517364501953,1.63385009765625,27.593774795532227,30.797847747802734,186.64100646972656,269.6334228515625,0.24034088850021362,0.0,0.10094470530748367,22.418922424316406,18.853267669677734,tablespoon,8.109947204589844,0.2603703737258911,1.5444849729537964,0.07030100375413895,0.467369019985199
BFP445,Gooseberry chutney (Amla chutney),43.015647888183594,8.834716796875,1.4355430603027344,0.6197226047515869,4.582579135894775,46.39767074584961,1.2241389751434326,22.57921600341797,34.88811492919922,215.09060668945312,269.1177978515625,0.22367306053638458,0.0,0.10857721418142319,30.184715270996094,13.910550117492676,tablespoon,6.900784969329834,0.2302969992160797,1.4173095226287842,0.0994189977645874,0.7351602911949158
BFP446,Walnut chutney (Akhrot ki chutney),370.4312744140625,8.905654907226562,9.439031600952148,33.46291732788086,3.0449137687683105,119.56779479980469,1.7682061195373535,100.08679962158203,257.03106689453125,159.9981231689453,351.46002197265625,1.7218221426010132,8.470303535461426,0.44889986515045166,10.745720863342285,37.37511444091797,tablespoon,45.919586181640625,1.1700860261917114,1.103967308998108,4.148146629333496,0.37745511531829834
BFP447,Saunth/Sonth chutney with ginger,84.21507263183594,20.6202449798584,0.2805222272872925,0.10582991689443588,0.3125842213630676,15.168313026428223,0.6996859908103943,14.011852264404297,9.834877967834473,222.529052734375,82.0184326171875,0.081712506711483,0.0,0.07777389883995056,0.01185230165719986,1.5421541929244995,tablespoon,27.710969924926758,0.09230583161115646,6.785091876983643,0.034823331981897354,0.10285583138465881
BFP448,Gun powder chutney,312.33843994140625,47.64929962158203,21.553020477294922,2.6718943119049072,13.950457572937012,68.87257385253906,5.141704082489014,166.8411865234375,350.6155090332031,195.6737518310547,1183.29150390625,2.9617156982421875,0.0,0.23397646844387054,0.10850624740123749,102.54320526123047,tablespoon,43.465797424316406,2.9993720054626465,6.630995750427246,0.37182751297950745,1.9413806200027466
BFP450,Dessicated coconut chutney (Sookhe kase nariyal ki chutney) ,346.3626403808594,36.72418975830078,12.88444709777832,15.879511833190918,13.159820556640625,73.5548324584961,5.4353837966918945,101.6832046508789,215.92408752441406,321.0660400390625,821.0186767578125,2.148831605911255,0.0,0.1693260371685028,1.405530333518982,98.8409423828125,tablespoon,37.47355270385742,1.3939898014068604,3.9732515811920166,1.7180308103561401,1.4237829446792603
BFP451,Curd mint dip ,76.13265991210938,9.110777854919434,4.821882724761963,2.438880443572998,0.7689000964164734,172.79176330566406,0.8184859156608582,25.57663917541504,136.8765106201172,222.7657928466797,280.8050537109375,0.6104004979133606,21.23947525024414,0.10026094317436218,9.961716651916504,23.73503875732422,tablespoon,25.09142303466797,1.5891720056533813,3.0026845932006836,0.8037940263748169,0.2534102499485016
BFP452,Curd vegetable dip,56.20660400390625,6.036352157592773,3.881967544555664,1.9432389736175537,0.6253147125244141,129.5821533203125,0.3744875192642212,17.178524017333984,111.80615997314453,132.4806365966797,243.1866455078125,0.5053134560585022,16.782546997070312,0.1044713482260704,16.280942916870117,20.780372619628906,tablespoon,15.629183769226074,1.0794458389282227,1.6785084009170532,0.5403500199317932,0.17387917637825012
BFP453,Mayonnaise vegetable dip,241.2689208984375,4.7971696853637695,3.0122547149658203,23.44342803955078,0.4061964750289917,91.41678619384766,0.2806397080421448,11.859776496887207,80.6873550415039,119.58055114746094,168.95054626464844,0.37496688961982727,75.72808074951172,0.09356019645929337,10.692697525024414,16.418771743774414,tablespoon,103.27918243408203,1.2894457578659058,2.0535082817077637,10.03534984588623,0.17387917637825012
BFP455,Tomato and cucumber sandwich (Tamatar aur kheere ka sandwich),150.67800903320312,20.5053653717041,4.029777526855469,6.310571670532227,2.1031746864318848,76.7529525756836,1.1536349058151245,22.082412719726562,54.60857009887695,222.21517944335938,168.23809814453125,0.4282539486885071,60.82539749145508,0.06785714626312256,9.040412902832031,21.92258644104004,sandwich,118.658935546875,3.173449993133545,16.147974014282227,4.969574928283691,1.65625
BFP456,Tomato sandwich (grilled),189.92440795898438,21.285470962524414,6.255439758300781,9.387621879577637,1.9095765352249146,150.89576721191406,0.8799673914909363,19.257068634033203,147.20925903320312,420.6012878417969,156.87295532226562,0.7042344808578491,97.5895767211914,0.07110749185085297,11.61042308807373,21.951433181762695,sandwich,145.76698303222656,4.801049709320068,16.336599349975586,7.204999923706055,1.4656000137329102
BFP457,French sandwich (toasted),186.74937438964844,14.818387031555176,6.819484710693359,11.506316184997559,1.3663158416748047,100.72917938232422,1.2397648096084595,18.822307586669922,119.66271209716797,274.6751708984375,153.5419921875,0.7083762288093567,142.2620391845703,0.08475923538208008,5.965576648712158,26.196651458740234,sandwich,208.458984375,7.612249851226807,16.541025161743164,12.843925476074219,1.5251500606536865
BFP458,Peanut butter cucumber sandwich,243.32977294921875,29.759275436401367,9.043438911437988,10.55927562713623,3.350226402282715,95.35475158691406,1.3208144903182983,50.40180969238281,119.55384826660156,460.089599609375,249.54298400878906,0.9696832895278931,0.0,0.15927600860595703,1.6588234901428223,29.911312103271484,sandwich,134.439697265625,4.996500015258789,16.441999435424805,5.8339996337890625,1.8510000705718994
BFP459,Mint and peanut sandwich,273.58807373046875,31.828014373779297,7.177052021026611,13.883594512939453,3.67368745803833,114.991455078125,1.6980136632919312,34.02201843261719,93.61463928222656,453.30145263671875,198.9097442626953,0.7045013308525085,97.58582305908203,0.08635631948709488,3.572139024734497,31.819547653198242,sandwich,134.29071044921875,3.5228559970855713,15.622780799865723,6.814762115478516,1.803229570388794
BFP460,Spicy chutney sandwich,249.58187866210938,34.026676177978516,8.741743087768555,9.581197738647461,3.7319822311401367,154.5313720703125,1.5099575519561768,34.24893569946289,127.87240600585938,315.3991394042969,256.0400695800781,0.7839269638061523,7.283447265625,0.1259741634130478,0.3648660480976105,41.10903549194336,sandwich,143.92138671875,5.040925979614258,19.621482849121094,5.524997711181641,2.1520473957061768
BFP461,Chicken walnut sandwich (Chicken aur akhrot ke sandwich),285.7780456542969,22.615083694458008,12.584315299987793,16.76581573486328,1.5313695669174194,78.44652557373047,1.1163601875305176,21.7410888671875,118.81613159179688,287.3948669433594,185.95309448242188,0.6828892827033997,14.318949699401855,0.2599249482154846,0.0,19.495834350585938,sandwich,190.3996124267578,8.384300231933594,15.067299842834473,11.170225143432617,1.0202749967575073
BFP463,Rolled sandwich,293.0657958984375,34.68704605102539,6.453408718109131,15.285000801086426,2.0652272701263428,117.68181610107422,1.229772686958313,17.799545288085938,76.21726989746094,321.57000732421875,144.43182373046875,0.5634090900421143,155.9545440673828,0.07113636285066605,4.113636493682861,25.477272033691406,sandwich,64.47447967529297,1.4197499752044678,7.631149768829346,3.3626999855041504,0.45434999465942383
BFP466,Ribbon sandwich,239.2641143798828,24.76007843017578,6.26319694519043,13.371228218078613,2.924288511276245,157.8498992919922,1.0481677055358887,23.80896759033203,156.29434204101562,382.11224365234375,152.5653076171875,0.8281481266021729,143.625732421875,0.10286549478769302,10.634503364562988,24.43155860900879,ribbon,102.28540802001953,2.6775166988372803,10.584933280944824,5.71619987487793,1.2501333951950073
BFP467,Checker board sandwich,348.36578369140625,25.940135955810547,7.36708927154541,24.65026092529297,2.2223329544067383,188.0181121826172,1.1113476753234863,23.79615020751953,185.85276794433594,358.2481994628906,140.3329620361328,0.9524121880531311,264.5073547363281,0.08079274743795395,0.1359003484249115,23.152639389038086,square,128.16957092285156,2.710474967956543,9.543807983398438,9.069241523742676,0.817633330821991
BFP468,Submarine sandwich,216.9175567626953,13.604089736938477,6.0886945724487305,15.320978164672852,1.2411575317382812,72.34901428222656,1.2307909727096558,13.192180633544922,95.15279388427734,254.283935546875,130.97813415527344,0.4754340648651123,58.34083557128906,0.0722186490893364,11.02734375,18.69341468811035,hot dog bun,421.63348388671875,11.83489990234375,26.442949295043945,29.7801513671875,2.4124999046325684
BFP470,Cheese open sandwich,274.0680847167969,28.419090270996094,9.84000015258789,14.242727279663086,1.7445454597473145,256.2463684082031,1.2172727584838867,23.292726516723633,266.28179931640625,504.41180419921875,147.36363220214844,1.146363615989685,80.7272720336914,0.072727270424366,1.082727313041687,23.51727294921875,sandwich,150.73745727539062,5.4120001792907715,15.630499839782715,7.833499908447266,0.9595000147819519
BFP471,Sunset and sunrise open sandwich,241.3109130859375,18.89407730102539,8.580724716186523,15.136857986450195,1.3892446756362915,114.06948852539062,1.2756797075271606,16.0849552154541,141.03396606445312,381.2864074707031,132.14501953125,0.8290030360221863,86.7371597290039,0.10296072065830231,4.661026954650879,31.852840423583984,sandwich,199.68478393554688,7.100549697875977,15.634849548339844,12.525750160217285,1.1496000289916992
BFP472,Danish luncheon sandwich,193.8192596435547,17.767698287963867,9.027264595031738,10.095224380493164,1.5196527242660522,77.13285064697266,1.2726483345031738,17.98703384399414,111.8354263305664,365.63299560546875,164.3863983154297,0.7920405268669128,112.76411437988281,0.13727930188179016,2.7166426181793213,29.963212966918945,sandwich,167.411376953125,7.797299861907959,15.34684944152832,8.71975040435791,1.312600016593933
BFP473,Chicken and corn open sandwich,188.1591033935547,19.211580276489258,8.629572868347168,8.834002494812012,1.6737254858016968,65.12664031982422,0.8033679127693176,14.479353904724121,74.03206634521484,226.7217559814453,143.00230407714844,0.4131256937980652,46.59700393676758,0.15444059669971466,1.9529411792755127,13.066412925720215,sandwich,203.9174346923828,9.352299690246582,20.82054901123047,9.57384967803955,1.8138999938964844
BFP476,Chocolate sponge cake,239.85745239257812,39.542179107666016,9.134881019592285,5.509288787841797,0.5232227444648743,33.985782623291016,1.8147867918014526,36.21137619018555,140.07583618164062,61.47203826904297,167.85781860351562,1.1009953022003174,93.83885955810547,0.09443601965904236,0.0,28.255924224853516,piece,168.69973754882812,6.424866676330566,27.81133270263672,3.874866485595703,0.36800000071525574
BFP478,Chocolate swiss roll,306.0789489746094,26.972558975219727,6.009129047393799,19.755830764770508,0.29129287600517273,42.788917541503906,1.0815831422805786,24.882848739624023,105.05013275146484,44.52928924560547,135.63587951660156,0.7285224199295044,210.55409240722656,0.0691978856921196,0.3957783579826355,18.817941665649414,swiss roll,145.00489807128906,2.846824884414673,12.778249740600586,9.359325408935547,0.1379999965429306
BFP479,Lemon curd filling,225.62400817871094,26.405000686645508,3.432499885559082,12.577499389648438,0.0,16.385000228881836,0.6025000214576721,3.702500104904175,50.125,34.900001525878906,47.375,0.35249999165534973,169.25,0.04374999925494194,2.549999952316284,12.854999542236328,tablespoon,56.406002044677734,0.8581249713897705,6.601250171661377,3.1443748474121094,0.0
BFP480,Jam filling,184.61538696289062,46.153846740722656,0.0,0.0,0.0,0.0,0.0,0.0,0.0,0.0,0.0,0.0,0.0,0.0,0.0,0.0,tablespoon,30.0,0.0,7.5,0.0,0.0
BFP482,Chocolate pastry,243.36962890625,32.23630905151367,7.053058624267578,10.122756958007812,0.3169408142566681,50.69755554199219,1.438053011894226,38.777164459228516,126.83940124511719,46.54353713989258,175.33351135253906,0.9543909430503845,140.8147430419922,0.06828582286834717,0.28708407282829285,19.76861000061035,pastry,211.93235778808594,6.141980171203613,28.07218360900879,8.815150260925293,0.2759999930858612
BFP483,Assorted pastry,230.73793029785156,31.9851016998291,6.775999546051025,8.909843444824219,0.42946502566337585,47.19907760620117,0.9413904547691345,11.054523468017578,99.54866027832031,49.988826751708984,100.57548522949219,0.6321632266044617,152.1800079345703,0.07157750427722931,0.31120654940605164,19.433292388916016,pastry,185.35755920410156,5.443329811096191,25.694433212280273,7.15749979019165,0.3449999988079071
BFP484,Orange gateau,178.0481414794922,27.01242446899414,4.779430866241455,6.021613121032715,0.6787784099578857,41.68551254272461,0.8858261704444885,10.774471282958984,103.76663970947266,80.41065216064453,117.50743865966797,0.45210129022598267,102.11433410644531,0.060140956193208694,13.144140243530273,18.942729949951172,piece,142.10467529296875,3.8145833015441895,21.55929183959961,4.806000232696533,0.5417500138282776
BFP485,Black forest gateau,217.81735229492188,30.56795883178711,5.938715934753418,8.580164909362793,0.28073742985725403,46.79338836669922,1.0859503746032715,26.02631950378418,127.65924835205078,79.37215423583984,138.53973388671875,0.7174825072288513,124.72981262207031,0.06026700511574745,218.94468688964844,16.750158309936523,piece,142.76112365722656,3.8923332691192627,20.03474998474121,5.6235833168029785,0.18400000035762787
BFP489,Lemon cake,373.8514099121094,43.10041046142578,5.285655498504639,20.627254486083984,0.6221311688423157,32.76516342163086,0.9094262719154358,10.653483390808105,155.41761779785156,151.29446411132812,80.60041046142578,0.5338114500045776,256.51641845703125,0.05420081689953804,4.005737781524658,14.748770713806152,piece,228.0493621826172,3.224249839782715,26.291250228881836,12.582624435424805,0.37950000166893005
BFP491,Dundee cake,396.615966796875,41.40033721923828,7.781131267547607,22.698017120361328,1.8123098611831665,58.106689453125,1.5696042776107788,19.421586990356445,171.5544891357422,182.73782348632812,169.79449462890625,0.631862461566925,199.79283142089844,0.05595400929450989,0.11807126551866531,15.285585403442383,piece,239.30816650390625,4.694940090179443,24.979928970336914,13.695416450500488,1.0935025215148926
BFP492,Victorian sandwich cake,373.08837890625,44.73898696899414,5.180116653442383,19.834306716918945,0.5918128490447998,36.24561309814453,0.8580896854400635,9.922612190246582,152.62144470214844,145.28109741210938,74.15789794921875,0.5194931626319885,244.01560974121094,0.05068226158618927,0.11754385381937027,13.509552001953125,piece,239.242919921875,3.3217499256134033,28.688875198364258,12.71875,0.37950000166893005
BFP495,Chocolate eggless cake,312.00604248046875,43.44585037231445,6.663639068603516,13.189111709594727,0.3213973641395569,185.38427734375,0.9517321586608887,51.123291015625,228.0451202392578,196.6101837158203,317.2904052734375,1.105705976486206,147.71470642089844,0.0542241632938385,2.3289666175842285,12.838427543640137,piece,357.24688720703125,7.629866600036621,49.74549865722656,15.101532936096191,0.36800000071525574
BFP496,Orange eggless cake,355.6209411621094,52.64521026611328,7.1566386222839355,13.820504188537598,0.5566386580467224,205.83697509765625,0.5166386961936951,26.126554489135742,221.63865661621094,226.2769775390625,277.8193359375,0.87159663438797,170.55462646484375,0.0640336126089096,3.495798349380493,13.83193302154541,piece,352.6574401855469,7.0970001220703125,52.20650100708008,13.705333709716797,0.5519999861717224
BFP498,Chocolate glace icing,436.29241943359375,62.43446350097656,3.217336893081665,20.796449661254883,0.0,26.746734619140625,2.0430285930633545,87.43602752685547,115.72845458984375,8.657963752746582,264.1566467285156,1.2324804067611694,200.1044464111328,0.01196866761893034,0.0,6.349869251251221,tablespoon,104.4375,0.7701500058174133,14.945249557495117,4.978149890899658,0.0
BFP499,Butter icing,500.7160339355469,71.63703918457031,0.1859259307384491,25.371110916137695,0.0,12.481481552124023,0.13728395104408264,2.1234567165374756,7.851851940155029,5.975308418273926,13.55555534362793,0.10012345761060715,295.67901611328125,0.00032098765950649977,0.0,0.0,tablespoon,81.11599731445312,0.03012000024318695,11.605199813842773,4.110119819641113,0.0
BFP500,Chocolate butter icing,469.5876159667969,61.717525482177734,3.2068042755126953,24.765565872192383,0.0,31.865978240966797,1.8465979099273682,87.54638671875,115.42267608642578,4.989690780639648,258.7422790527344,1.2217525243759155,246.90721130371094,0.011814432218670845,0.0,6.268041133880615,tablespoon,91.0999984741211,0.6221200227737427,11.973199844360352,4.8045196533203125,0.0
BFP502,Almond biscuit (Badam ke biscuit),407.73895263671875,52.14155960083008,6.245248794555664,19.704784393310547,1.5011036396026611,44.052490234375,1.1147106885910034,23.881729125976562,180.96568298339844,151.75706481933594,108.0343246459961,0.657032310962677,210.06056213378906,0.05111709237098694,0.15717361867427826,12.262611389160156,biscuit,75.73751068115234,1.1600550413131714,9.685295104980469,3.660163640975952,0.27882999181747437
BFP505,Orange biscuit,354.7797546386719,62.111751556396484,3.6271817684173584,11.012979507446289,0.751995861530304,20.345487594604492,0.7727231383323669,9.638020515441895,103.04475402832031,259.14410400390625,62.462398529052734,0.3701900839805603,132.34214782714844,0.0329090915620327,2.241917371749878,8.433280944824219,biscuit,214.64175415039062,2.1944448947906494,37.57761001586914,6.6628522872924805,0.454957515001297
BFP506,Gingerman biscuit,357.4268798828125,55.24462890625,6.256139755249023,12.729915618896484,1.9965643882751465,41.34907150268555,1.5874958038330078,20.443626403808594,177.7252960205078,918.5730590820312,119.4520263671875,0.6865531802177429,126.89083099365234,0.06622960418462753,10.261114120483398,13.806435585021973,gingerman,127.02951049804688,2.2234320640563965,19.633941650390625,4.524211883544922,0.7095789909362793
BFP507,Coffee drops,443.0706787109375,43.056129455566406,7.569732666015625,27.16364288330078,1.875827431678772,57.088165283203125,1.4792269468307495,48.5986328125,213.01614379882812,88.17182159423828,196.9131622314453,1.0134180784225464,182.4379119873047,0.19440826773643494,0.2128673642873764,23.050304412841797,small,52.29618453979492,0.8934650421142578,5.081968784332275,3.2061586380004883,0.2214062511920929
BFP508,Christmas biscuit,406.070068359375,60.97199630737305,5.666867733001709,15.882678985595703,2.1726009845733643,29.068195343017578,1.1978274583816528,16.458539962768555,158.3403778076172,127.36222839355469,98.76463317871094,0.68630051612854,186.4574432373047,0.049245625734329224,0.0,11.687386512756348,biscuit,84.10726165771484,1.1737500429153442,12.628825187683105,3.2897000312805176,0.44999998807907104
BFP509,Christmas wreath biscuit,386.04632568359375,58.066932678222656,5.430278778076172,15.008878707885742,2.2805919647216797,29.708595275878906,1.2070574760437012,16.47000503540039,153.8133087158203,120.19590759277344,109.25042724609375,0.6591917872428894,175.84518432617188,0.05156516656279564,10.358566284179688,11.504837989807129,biscuit,84.7854232788086,1.1926250457763672,12.752949714660645,3.2963249683380127,0.5008749961853027
BFP510,Christmas bell biscuit,404.84844970703125,60.78856658935547,5.661853313446045,15.838507652282715,2.325812339782715,31.995187759399414,1.2192538976669312,16.58953094482422,158.05654907226562,127.00914764404297,99.76414489746094,0.6896510124206543,185.89649963378906,0.049578819423913956,0.012033694423735142,11.670276641845703,biscuit,84.10726165771484,1.1762499809265137,12.628825187683105,3.290449857711792,0.4831874966621399
BFP511,Christmas star biscuit,392.0292053222656,74.54273223876953,3.5396366119384766,10.036406517028809,1.4749664068222046,22.75437355041504,0.9645357131958008,15.777859687805176,97.87684631347656,76.08654022216797,74.72846984863281,0.4930686354637146,103.9569320678711,0.02944818325340748,0.014939434826374054,7.252220630645752,biscuit,145.6388397216797,1.3149750232696533,27.692625045776367,3.728524923324585,0.547950029373169
BFP512,Christmas tree biscuit,385.6335144042969,58.41240692138672,5.4297099113464355,14.99578857421875,2.6522481441497803,35.040409088134766,1.175184965133667,16.375526428222656,150.01138305664062,120.45487213134766,102.24986267089844,0.6614683866500854,175.84518432617188,0.05623221397399902,7.342060089111328,11.762094497680664,biscuit,84.69476318359375,1.1924999952316284,12.828824996948242,3.293449878692627,0.5824999809265137
BFP513,Chocolate cream shells,427.1673278808594,59.26133728027344,5.10318660736084,19.337682723999023,0.9004893898963928,28.533811569213867,1.0834367275238037,20.267929077148438,147.2811279296875,126.8406753540039,97.18814849853516,0.5961718559265137,226.8928680419922,0.042490486055612564,0.0,10.534551620483398,shell,98.1950912475586,1.1730949878692627,13.622699737548828,4.445250034332275,0.2070000022649765
BFP516,Jelly biscuit,404.61334228515625,55.243629455566406,4.229109764099121,19.33068084716797,2.018848180770874,36.45724105834961,1.1877137422561646,29.4020938873291,181.955322265625,110.57173156738281,118.08202362060547,0.7010121941566467,200.62826538085938,0.08552879840135574,0.14031414687633514,9.461082458496094,biscuit,72.4510726928711,0.7572749853134155,9.892062187194824,3.461400032043457,0.36149999499320984
BFP517,Cherry and walnut cookies,422.6035461425781,59.35258483886719,5.625301361083984,18.750593185424805,1.2963489294052124,46.265377044677734,1.3131531476974487,30.42803192138672,157.1597900390625,114.61640930175781,125.23897552490234,0.7052441835403442,152.42105102539062,0.11192034184932709,0.0,14.140844345092773,cookies,74.27257537841797,0.9886466860771179,10.4312162399292,3.2954165935516357,0.2278333306312561
BFP518,Cheese straws,382.0014343261719,30.60818862915039,9.832524299621582,24.284299850463867,1.2876392602920532,160.64109802246094,1.2885605096817017,21.189376831054688,363.749267578125,587.4168090820312,123.91280364990234,1.12582528591156,310.8042297363281,0.08526431769132614,0.0,24.363889694213867,straw,36.85358810424805,0.9485927820205688,2.952924966812134,2.342827796936035,0.12422500550746918
BFP519,Butterfly biscuit,341.447021484375,25.331756591796875,9.976067543029785,22.11424446105957,1.0226384401321411,202.49310302734375,1.0902562141418457,20.45890235900879,377.8531494140625,572.0459594726562,128.5613250732422,1.1956287622451782,274.6230773925781,0.07903581112623215,0.20683269202709198,21.61663818359375,biscuit,41.47727584838867,1.2118427753448486,3.0771749019622803,2.6863276958465576,0.12422500550746918
BFP521,Flan pastry,445.79742431640625,47.8392333984375,6.723062038421631,25.042678833007812,1.5846890211105347,21.84688949584961,1.1486124992370605,19.158658981323242,90.82775115966797,193.2317657470703,97.90909576416016,0.6020095944404602,295.6554870605469,0.05703349411487579,0.0,13.61722469329834,pastry,232.9291534423828,3.5127999782562256,24.996000289916992,13.084799766540527,0.828000009059906
BFP522,Fruit flan,261.352294921875,34.71337890625,3.2990219593048096,12.483170509338379,0.711875319480896,19.2767333984375,0.6129715442657471,11.255582809448242,49.52014923095703,110.03587341308594,73.83503723144531,0.31369155645370483,151.57872009277344,0.0352928526699543,0.7092961072921753,7.304675102233887,flan,1215.941650390625,15.348700523376465,161.50399780273438,58.07794952392578,3.312000036239624
BFP523,Orange cream flan,280.2833557128906,36.16187286376953,4.7347025871276855,13.58536434173584,0.6344797611236572,27.90374755859375,0.9332550168037415,9.77242374420166,99.4847183227539,82.40746307373047,97.94841003417969,0.47215142846107483,179.36410522460938,0.058641593903303146,10.834590911865234,18.997650146484375,flan,1132.7652587890625,19.135299682617188,146.14820861816406,54.905250549316406,2.5642499923706055
BFP527,Fruit puree tart,286.5020751953125,30.41661262512207,3.3468210697174072,16.827314376831055,1.3057650327682495,19.643352508544922,0.6323612928390503,12.891934394836426,44.940223693847656,49.64972686767578,94.05908966064453,0.3248213827610016,182.92526245117188,0.061831049621105194,4.666142463684082,10.877870559692383,tart,159.402587890625,1.8620874881744385,16.92304229736328,9.362297058105469,0.7264950275421143
BFP529,Apple banana pie,243.98855590820312,32.115875244140625,3.1279330253601074,11.39358901977539,1.888298749923706,21.229843139648438,0.7900682091712952,21.515893936157227,44.41841125488281,384.4259033203125,144.28225708007812,0.34745556116104126,110.89959716796875,0.10669461637735367,2.2852931022644043,8.226287841796875,pie,948.4566650390625,12.15921401977539,124.84403991699219,44.29029846191406,7.340384006500244
BFP531,Lemon chiffon pie,259.3120422363281,27.6345157623291,4.878358364105225,14.515484809875488,0.6574627161026001,34.42873001098633,0.6128731369972229,10.861940383911133,63.175559997558594,94.9462661743164,78.60074615478516,0.4061567187309265,190.85821533203125,0.04169775918126106,1.3399254083633423,9.645895957946777,pie,1389.91259765625,26.148000717163086,148.12100219726562,77.8030014038086,3.5239999294281006
BFP532,Orange chiffon pie,207.5692138671875,23.136829376220703,3.887580633163452,11.158088684082031,0.695776641368866,30.340015411376953,0.6249105334281921,11.025125503540039,52.11302947998047,73.2287368774414,100.86972045898438,0.31553328037261963,146.45669555664062,0.04183965548872948,12.1511812210083,13.062884330749512,pie,1449.870849609375,27.15475082397461,161.61074829101562,77.93924713134766,4.860000133514404
BFP534,Cream buns,215.74057006835938,14.162176132202148,4.451181888580322,15.809080123901367,0.3106941878795624,45.26604080200195,0.4980487823486328,8.47212028503418,72.17538452148438,45.48908233642578,79.53958892822266,0.41039401292800903,220.81800842285156,0.044427767395973206,0.390394002199173,11.13853645324707,bun,179.6714324951172,3.7070000171661377,11.794437408447266,13.166000366210938,0.25874999165534973
BFP535,Savoury puffs,190.7850799560547,10.800604820251465,9.510930061340332,15.242782592773438,0.3321409225463867,68.8310775756836,1.1928545236587524,17.425537109375,122.7478256225586,2274.241455078125,180.9539337158203,0.6322131752967834,148.0036163330078,0.13185185194015503,1.0786811113357544,10.865447044372559,puff,263.9988708496094,13.160749435424805,14.945337295532227,21.092199325561523,0.45959997177124023
BFP536,Choux swans,216.3354949951172,14.923518180847168,4.353611946105957,15.603715896606445,0.34989628195762634,44.67256546020508,0.5093389749526978,8.67778205871582,70.99193572998047,145.0835723876953,81.03999328613281,0.40289488434791565,219.1306610107422,0.044138696044683456,2.4917478561401367,10.908465385437012,swan,370.2906494140625,7.451859951019287,25.543840408325195,26.708099365234375,0.5988999605178833
BFP539,Potato aigrettes,530.0274658203125,8.005807876586914,2.3512027263641357,54.2388916015625,0.44827377796173096,9.196174621582031,0.44922998547554016,6.942275047302246,33.711021423339844,112.45372772216797,93.81429290771484,0.23209863901138306,77.78560638427734,0.03449421003460884,2.796175241470337,8.08640193939209,aigrette,219.40928649902344,0.9732999801635742,3.314070701599121,22.4526424407959,0.18556666374206543
BFP541,Cream horns,408.22747802734375,23.117046356201172,3.4228012561798096,33.550270080566406,0.5993485450744629,30.93463706970215,0.4415852427482605,9.613680839538574,53.56460189819336,57.11183547973633,72.96525573730469,0.30825188755989075,325.7502746582031,0.03821932524442673,0.43431052565574646,7.639956474304199,horn,469.9718933105469,3.940499782562256,26.61349868774414,38.62474822998047,0.6899999976158142
BFP542,Savoury cheese horns,295.1474609375,21.3775634765625,5.6605634689331055,20.705049514770508,0.7295151948928833,121.82750701904297,0.6253325939178467,14.275626182556152,148.1873321533203,212.28472900390625,105.27733612060547,0.64676433801651,184.27960205078125,0.04409244656562805,3.124239206314087,11.514644622802734,horn,218.16317749023438,4.1840996742248535,15.801582336425781,15.304483413696289,0.5392333269119263
BFP544,Paneer patties,338.5819091796875,22.794984817504883,7.597538471221924,23.955602645874023,1.1756821870803833,129.90374755859375,0.7878140211105347,18.287071228027344,116.70796966552734,158.44488525390625,93.011962890625,0.9553961753845215,169.36749267578125,0.05193178355693817,3.2785816192626953,31.044221878051758,patty,340.98583984375,7.6514811515808105,22.956830978393555,24.125686645507812,1.184029459953308
BFP545,Vegetable patties ,261.9207458496094,20.978593826293945,4.006119728088379,17.739768981933594,2.6246907711029053,18.956924438476562,0.8654459714889526,20.6238956451416,47.42424774169922,139.5176239013672,180.61520385742188,0.4737529158592224,147.41163635253906,0.08754688501358032,12.029088973999023,19.744306564331055,patty,303.0684814453125,4.635480880737305,24.274330139160156,20.526687622070312,3.037029504776001
BFP546,Pearl millet infant food (Bajra shishu aahaar),362.4435119628906,62.09600067138672,11.982500076293945,6.624000072479248,7.838500022888184,118.51599884033203,5.6670002937316895,143.5500030517578,278.40899658203125,12.668000221252441,602.9500122070312,2.2844998836517334,0.0,0.40149998664855957,0.0,48.279502868652344,,181.2217559814453,5.991250038146973,31.04800033569336,3.312000036239624,3.919250011444092
BFP547,Sajina,345.2593994140625,66.86900329589844,10.810999870300293,3.0329999923706055,7.61899995803833,54.4010009765625,5.385000228881836,127.5,250.05899047851562,11.697000503540039,582.5,2.013000011444092,0.0,0.38600000739097595,0.0,40.797000885009766,,172.62969970703125,5.4054999351501465,33.43450164794922,1.5164999961853027,3.809499979019165
BFP548,Cereal mix ,120.80972290039062,21.83839988708496,3.318000078201294,2.0155999660491943,2.032599925994873,21.39739990234375,1.1779999732971191,32.77040100097656,61.52840042114258,9.286199569702148,179.17999267578125,0.5282000303268433,0.0,0.13660000264644623,0.4975999891757965,19.180999755859375,,151.01214599609375,4.147500038146973,27.29800033569336,2.5195000171661377,2.540750026702881
BFP549,Pulse mix,83.29150390625,15.99524974822998,3.1565001010894775,0.543749988079071,2.249000072479248,14.927499771118164,1.28725004196167,28.71725082397461,61.33974838256836,3.875499963760376,151.35000610351562,0.6115000247955322,0.0,0.09075000137090683,0.0,18.171249389648438,,111.05533599853516,4.208666801452637,21.32699966430664,0.7250000238418579,2.998666763305664
BFP550,Shishu ahar,93.36520385742188,17.415000915527344,2.611999988555908,1.4347500801086426,1.0204999446868896,13.7839994430542,1.0197499990463257,23.10900115966797,41.56475067138672,2.6777498722076416,82.42500305175781,0.3332499861717224,0.0,0.0885000005364418,0.0,13.001749992370605,,124.48693084716797,3.4826667308807373,23.219999313354492,1.9129999876022339,1.3606666326522827
BFP552,Cereal pulse mix with amylase rice flour,151.57098388671875,27.804704666137695,4.26745080947876,2.7423529624938965,3.4650981426239014,12.613333702087402,1.1886274814605713,34.431373596191406,91.45098114013672,1.0290195941925049,96.86274719238281,0.7960784435272217,0.0,0.0941176488995552,0.0,22.012548446655273,,128.83534240722656,3.627333164215088,23.63399887084961,2.3309998512268066,2.945333242416382
BFP553,Banana groundnut paste/puree,213.18800354003906,36.154998779296875,4.2729997634887695,5.451000213623047,1.7009999752044678,74.93099975585938,1.8980001211166382,65.75,96.68199920654297,16.847999572753906,357.3999938964844,0.597000002861023,0.0,0.4009999930858612,3.0209999084472656,20.895000457763672,,213.18800354003906,4.2729997634887695,36.154998779296875,5.451000213623047,1.7009999752044678
BFP554,Rice dal porridge (Chawal dal ki khichdi/khichri),383.33209228515625,65.03800201416016,10.79699993133545,8.329000473022461,4.508999824523926,50.457000732421875,2.758000135421753,100.08799743652344,198.15899658203125,12.333999633789062,465.79998779296875,1.4520000219345093,0.0,0.3659999966621399,0.0,35.60499954223633,,127.7773666381836,3.5989999771118164,21.679332733154297,2.7763333320617676,1.503000020980835
BFP555,Lentils and semolina porridge (Dal suji porridge/daliya),117.28924560546875,23.19099998474121,3.261500120162964,1.061500072479248,1.440500020980835,44.74449920654297,1.218999981880188,30.44499969482422,63.191497802734375,9.63700008392334,188.0,0.4710000157356262,0.0,0.13500000536441803,0.4020000100135803,10.739500045776367,,234.5784912109375,6.523000240325928,46.38199996948242,2.123000144958496,2.88100004196167
BFP556,Spinach khichri (Palak khichri/khichdi),102.17948150634766,17.350250244140625,3.428618907928467,1.9086521863937378,1.5602329969406128,10.43111515045166,0.6452578902244568,23.25590705871582,60.07421112060547,69.59234619140625,170.86355590820312,0.41763728857040405,0.0,0.06239600479602814,2.015307903289795,18.73627281188965,,153.52467346191406,5.1514997482299805,26.068750381469727,2.8677499294281006,2.344249963760376
BFP557,Vegetable mix,174.20919799804688,36.018001556396484,4.699999809265137,0.940000057220459,1.934999942779541,90.05500030517578,2.2710001468658447,68.98400115966797,114.20800018310547,34.9379997253418,527.2000122070312,0.6510000228881836,5.599999904632568,0.2980000078678131,8.480000495910645,36.83700180053711,,174.20919799804688,4.699999809265137,36.018001556396484,0.940000057220459,1.934999942779541
BFP558,Lentils and wheat porridge (Dal wheat porridge/daliya ),52.5369758605957,8.364757537841797,2.7113068103790283,0.9421439170837402,1.2845815420150757,26.277828216552734,0.5220264196395874,10.67488956451416,41.45109939575195,62.79119110107422,94.87371826171875,0.20455212891101837,0.0,0.018208516761660576,0.35418501496315,6.649045944213867,,89.44419860839844,4.616000175476074,14.241000175476074,1.6039999723434448,2.187000036239624
BFP559,Maize porridge,89.57054138183594,15.641617774963379,2.139853000640869,1.886617660522461,1.6801470518112183,17.023235321044922,1.1147059202194214,31.352205276489258,46.787353515625,5.58720588684082,140.1764678955078,0.4263235330581665,0.0,0.10941176116466522,1.7811765670776367,14.1063232421875,,152.26992797851562,3.6377499103546143,26.590749740600586,3.207249879837036,2.856250047683716
BFP560,Spinach peanut burfi (Palak aur mungfali ki burfi),105.37250518798828,13.590624809265137,3.355208396911621,4.394791603088379,2.0729167461395264,40.954166412353516,1.6083333492279053,56.96666717529297,54.412498474121094,19.521875381469727,331.6666564941406,0.5333333611488342,0.0,0.08645833283662796,12.616666793823242,68.63229370117188,,252.89401245117188,8.052499771118164,32.61750030517578,10.547500610351562,4.975000381469727
BFP561,Split bengal gram burfi/fudge (Channa dal burfi),287.3585205078125,54.632041931152344,4.6471428871154785,7.092857360839844,2.0612244606018066,16.44244956970215,0.6208163499832153,13.651020050048828,45.507347106933594,2.534898042678833,64.95918273925781,0.34857141971588135,56.44898223876953,0.09244897961616516,0.9828571677207947,39.64142990112305,piece,176.007080078125,2.846374988555908,33.46212387084961,4.344375133514404,1.2625000476837158
BFP563,Chickpea flour cookies (Sweet besan rounds/cookies),207.0072479248047,39.64200210571289,4.292500019073486,3.4235000610351562,2.559999942779541,54.94750213623047,2.1649999618530273,53.73249816894531,69.85050201416016,22.29050064086914,283.6000061035156,0.4449999928474426,23.049999237060547,0.343500018119812,1.5549999475479126,40.0,piece,51.75181198120117,1.0731250047683716,9.910500526428223,0.8558750152587891,0.6399999856948853
BFP564,Pearl millet mathri (Bajra mathri),785.0778198242188,7.42214822769165,1.8224812746047974,83.12189483642578,1.3603663444519043,4.630308151245117,0.7198501229286194,12.865944862365723,32.85678482055664,33.17152404785156,42.33555221557617,0.28984180092811584,24.56619644165039,0.04046627879142761,0.0,10.720232963562012,piece,1178.5980224609375,2.7360000610351562,11.142499923706055,124.78675079345703,2.042249917984009
BFP565,Sesame biscuit (Til ke biscuit),424.03369140625,53.64928436279297,8.268195152282715,19.33925437927246,6.826934337615967,298.0596008300781,5.728366851806641,151.07449340820312,390.1822204589844,182.25845336914062,373.5386657714844,2.553008794784546,105.67334747314453,0.4366762340068817,0.0,37.519771575927734,biscuit,61.661563873291016,1.2023333311080933,7.801499843597412,2.8122501373291016,0.9927499890327454
BFP566,Fermented bengal gram vada (Khameerikrit/Ufna hua channa dal ka vada),657.5725708007812,8.681553840637207,4.050763130187988,67.18557739257812,2.651595115661621,20.4979190826416,1.3826630115509033,36.88238525390625,63.67101287841797,63.866294860839844,267.4743347167969,0.627045750617981,0.0,0.05769764259457588,4.385298252105713,43.027183532714844,vada,592.6372680664062,3.650750160217285,7.824250221252441,60.55099868774414,2.3897500038146973
BFP568,Poshtik namak paras,613.3907470703125,19.52298355102539,6.490126132965088,56.576839447021484,4.554360389709473,60.74031066894531,2.034970998764038,61.00096893310547,130.17442321777344,44.01017379760742,203.83914184570312,1.1531007289886475,53.604652404785156,0.137984499335289,2.9341084957122803,47.215309143066406,piece,79.12740325927734,0.8372262716293335,2.518465042114258,7.298412322998047,0.5875124931335449
BFP569,Soya chikki,423.6982116699219,62.88771057128906,7.184717655181885,15.513954162597656,3.549501657485962,81.25049591064453,4.474086284637451,102.9687728881836,149.08572387695312,17.241195678710938,534.7507934570312,1.2016611099243164,122.52490997314453,0.43853822350502014,0.0,48.11960220336914,piece,318.8329162597656,5.406499862670898,47.323001861572266,11.674250602722168,2.6710000038146973
BFP570,Besan bathua chilla/cheela,373.8164367675781,40.647300720214844,11.475519180297852,18.572614669799805,7.789211750030518,64.75186920166016,2.6767635345458984,70.42489624023438,183.8298797607422,166.36183166503906,274.8921203613281,1.6070539951324463,153.02903747558594,0.2605809271335602,6.8099589347839355,80.82821655273438,cheela,112.61219787597656,3.4570000171661377,12.244999885559082,5.595000267028809,2.3464999198913574
BFP571,Wheat flour and nuts ladoos (Atta nuts ladoos),391.90167236328125,44.31482696533203,9.461724281311035,19.192413330078125,7.304137706756592,127.2855224609375,4.006551742553711,124.37931060791016,249.1258544921875,8.071723937988281,338.2069091796875,2.231379270553589,95.37931060791016,0.3003448247909546,0.0,36.142066955566406,ladoo,142.06434631347656,3.429875135421753,16.064125061035156,6.957250118255615,2.647749900817871
BFP573,Gram flour and semolina dhokla (Besan suji dhokla),198.91017150878906,25.917722702026367,8.516304016113281,7.095455646514893,4.586390972137451,66.66382598876953,1.6015968322753906,38.17252731323242,156.5892791748047,196.59033203125,262.3963928222656,0.8801072835922241,3.5428686141967773,0.18168538808822632,6.632721424102783,77.0236587524414,piece,196.50335693359375,8.413256645202637,25.60411834716797,7.009600639343262,4.530895709991455
BFP574,Atta dal burfi ,298.79730224609375,40.642581939697266,6.662580490112305,12.472258567810059,4.077419281005859,17.069677352905273,1.5612903833389282,57.290321350097656,140.06451416015625,3.555483818054199,268.5806579589844,1.0974193811416626,89.2258071899414,0.08774193376302719,0.0,23.403226852416992,piece,115.78395080566406,2.58174991607666,15.74899959564209,4.833000183105469,1.5799999237060547
BFP575,Soya roti,283.9637145996094,40.02847671508789,9.183112144470215,9.228145599365234,8.708609580993652,53.41854476928711,3.847682237625122,114.51191711425781,241.61656188964844,155.93112182617188,481.3211975097656,2.1066224575042725,0.0,0.222185418009758,8.024503707885742,71.34967041015625,roti,142.92840576171875,4.622166633605957,20.14766502380371,4.644833087921143,4.383333206176758
BFP576,Poshtik khichdi/khichri,93.3676528930664,15.637770652770996,3.0432839393615723,1.8830758333206177,1.9951341152191162,30.406845092773438,1.002562403678894,27.726272583007812,52.51063919067383,41.67132568359375,139.5254364013672,0.5100462436676025,0.0,0.06864476948976517,7.1530985832214355,18.15829849243164,plate,336.4347839355469,10.96596622467041,56.34809875488281,6.7853498458862305,7.189133167266846
BFP577,Namkeen daliya,295.1106262207031,49.31864929199219,8.28543472290039,7.992717266082764,8.565542221069336,35.984371185302734,2.993783473968506,4.33854341506958,6.127175807952881,149.63267517089844,51.52397918701172,0.05630550533533096,0.0,0.027886323630809784,5.863232612609863,5.38614559173584,plate,346.1401672363281,9.718125343322754,57.8466682434082,9.374791145324707,10.046667098999023
BFP578,Sprouts upma ,316.2456970214844,44.955387115478516,9.50190544128418,10.43805980682373,7.164230823516846,36.78461456298828,2.760751724243164,44.09685516357422,112.94286346435547,147.82037353515625,248.97552490234375,1.6572902202606201,0.0,0.11206293851137161,0.5058042407035828,27.934404373168945,plate,301.4875793457031,9.058483123779297,42.85746765136719,9.950949668884277,6.82990026473999
BFP579,Semolina idli (Suji/Rava idli),206.3904266357422,33.67109680175781,9.344619750976562,3.473734140396118,5.845991611480713,100.85316467285156,2.3382911682128906,53.71476745605469,193.19239807128906,185.0151824951172,413.8533630371094,1.569725751876831,8.860759735107422,0.12668776512145996,5.428059101104736,58.6367073059082,idli,61.14316177368164,2.768343687057495,9.975062370300293,1.0290937423706055,1.7318750619888306
BFP580,Poshtik chilla/cheela,159.5341339111328,27.46605110168457,4.847729682922363,3.0402166843414307,4.908596515655518,18.181148529052734,2.0966813564300537,55.63590621948242,138.2266845703125,97.17723083496094,150.74441528320312,1.2513713836669922,0.0,0.12217100709676743,0.8061304688453674,16.306154251098633,cheela,115.3697738647461,3.505716562271118,19.862531661987305,2.1985833644866943,3.5497334003448486
BFP604,Stuffed bittergourd (dry) (Bharwa karela),217.6478729248047,2.489490032196045,1.2869261503219604,22.384201049804688,3.0001885890960693,16.721651077270508,1.285154104232788,28.10387420654297,35.977378845214844,519.2879028320312,284.18096923828125,0.34691300988197327,0.0,0.0383165217936039,41.00292205810547,45.33254623413086,bowl,230.9026336669922,1.365299940109253,2.6410999298095703,23.747400283813477,3.1828999519348145
BFP605,Cauliflower potato canjee,16.789209365844727,2.633897066116333,0.570074737071991,0.3924891948699951,0.6853322982788086,6.7754621505737305,0.27829334139823914,7.811639785766602,16.294139862060547,35.575069427490234,117.26622009277344,0.1018875315785408,0.0,0.02866692841053009,7.349193572998047,6.810696125030518,glass,35.579132080078125,1.2080833911895752,5.581666946411133,0.8317500352859497,1.4523333311080933
BFP606,Creamed spinach,96.91499328613281,4.442425727844238,5.184081554412842,6.390686988830566,1.3275500535964966,122.30257415771484,1.8900374174118042,51.52789306640625,124.22298431396484,156.02120971679688,385.36273193359375,0.6951528787612915,71.52674865722656,0.11454524844884872,16.122825622558594,83.10997009277344,small bowl,373.69451904296875,19.989299774169922,17.129549026489258,24.641849517822266,5.118900299072266
BFP607,Mango milkshake with ice cream (Aam milkshake ice cream ke saath),68.35029602050781,9.180588722229004,1.9305882453918457,2.7982354164123535,0.22999998927116394,69.35529327392578,0.15088234841823578,6.615882396697998,56.216468811035156,16.636470794677734,85.23529052734375,0.2064705789089203,4.014705657958984,0.03705882281064987,4.987058639526367,13.639411926269531,tall glass,232.3909912109375,6.564000129699707,31.214000701904297,9.513999938964844,0.781999945640564
BFP608,Pineapple milkshake with ice cream (Ananas milkshake ice cream ke saath),68.49088287353516,9.326470375061035,1.9282352924346924,2.7523529529571533,0.4158823490142822,68.77999877929688,0.12382353097200394,6.5370588302612305,56.5094108581543,16.647058486938477,85.11764526367188,0.20411764085292816,4.014705657958984,0.038235291838645935,5.387058734893799,6.128823757171631,tall glass,232.86900329589844,6.556000232696533,31.709999084472656,9.357999801635742,1.4139999151229858
BFP609,Orange milkshake with ice cream (Narangi milkshake ice cream ke saath),67.81605529785156,9.149999618530273,1.9494117498397827,2.748823642730713,0.16058821976184845,69.79647064208984,0.18617647886276245,6.34529447555542,56.4317626953125,16.651763916015625,87.5882339477539,0.1970588117837906,4.014705657958984,0.02764705754816532,6.134117603302002,6.275882244110107,tall glass,230.57460021972656,6.628000259399414,31.110000610351562,9.345999717712402,0.5459999442100525
OSR001,Woodapple juice (Bel ka sharbat),34.176883697509766,6.509658336639404,0.62922203540802,0.6988614797592163,1.0298007726669312,11.849297523498535,0.12415559589862823,5.230189800262451,16.688587188720703,127.44789123535156,71.85768127441406,0.06971537321805954,0.0,0.035170778632164,5.226916313171387,1.6069639921188354,glass,120.07478332519531,2.2106666564941406,22.8705997467041,2.4553332328796387,3.6180334091186523
OSR002,Sattu drink,23.377426147460938,5.155844211578369,0.5648049712181091,0.13917005062103271,0.3970670700073242,1.5884180068969727,0.16683931648731232,3.167550802230835,8.555381774902344,12.646402359008789,25.26926612854004,0.09940717369318008,0.0,0.004979719407856464,0.0,4.770047187805176,glass,124.87442016601562,3.0169999599456787,27.540800094604492,0.7434000372886658,2.121000051498413
OSR004,Apple and honey sorbet (Seb aur shehad ka sharbat),121.29707336425781,30.74224090576172,0.15337182581424713,0.288591206073761,1.1305080652236938,9.112054824829102,0.177228644490242,4.2887067794799805,5.406836032867432,1.972909927368164,56.41570281982422,0.07531177997589111,0.0,0.019769052043557167,3.128706693649292,1.6502540111541748,cup,196.95611572265625,0.249037504196167,49.9177131652832,0.46859997510910034,1.8356624841690063
OSR005,Thandai,101.1769027709961,9.132845878601074,3.5914835929870605,5.887108325958252,0.7960942387580872,112.31414031982422,0.6031992435455322,25.581510543823242,98.37887573242188,22.690563201904297,140.99485778808594,0.4794410765171051,0.0,0.041154637932777405,1.4447605609893799,7.175179481506348,glass,256.4539489746094,9.103363037109375,23.14910125732422,14.922101974487305,2.017866611480713
OSR006,Cucumber sharbat (Kheere ka sharbat),27.2839412689209,6.635036468505859,0.25912410020828247,0.058394160121679306,0.7810218930244446,6.492700576782227,0.17810219526290894,7.5401458740234375,10.394160270690918,2.5656933784484863,67.04379272460938,0.06715328246355057,0.0,0.0218978114426136,2.2299270629882812,6.1459856033325195,glass,112.13699340820312,1.065000057220459,27.26999855041504,0.23999999463558197,3.2100000381469727
OSR007,Apple oats chia seed smoothie,85.6448974609375,13.070342063903809,3.491137742996216,2.4763245582580566,1.4442323446273804,88.88846588134766,0.49557676911354065,23.546857833862305,111.1960220336914,32.02052688598633,169.2537841796875,0.5667939782142639,10.914875984191895,0.0812426432967186,0.8572792410850525,11.360699653625488,glass,538.2781982421875,21.941801071166992,82.14710235595703,15.563699722290039,9.077000617980957
OSR008,Nannari sharbat,88.78984069824219,23.623947143554688,0.010403587482869625,0.009417040273547173,0.0,2.674260139465332,0.049955155700445175,0.6089686155319214,0.44717487692832947,1.1588340997695923,3.3452916145324707,0.02448430471122265,0.0,0.0009417040273547173,0.889327347278595,0.2056502252817154,cup,990.0067138671875,0.11600000411272049,263.4070129394531,0.10500000417232513,0.0
OSR009,Semolina milk drink (Thari kanji),44.1622200012207,6.925323486328125,0.9835715889930725,1.363272786140442,0.7230014801025391,8.26167106628418,0.3629407584667206,11.574424743652344,23.982824325561523,11.947845458984375,84.56636047363281,0.25048789381980896,3.4994497299194336,0.03576858714222908,2.4955782890319824,4.502472877502441,cup,116.35420227050781,2.591416120529175,18.24614906311035,3.5918147563934326,1.9048919677734375
OSR010,Saffron milk (Kesariya doodh),102.18103790283203,12.643503189086914,3.1688296794891357,4.56899356842041,0.14416153728961945,110.87604522705078,0.20558369159698486,10.54345703125,92.72205352783203,23.691360473632812,114.63819122314453,0.3426211476325989,0.0,0.040163278579711914,1.8404124975204468,6.83519983291626,glass,268.470458984375,8.325782775878906,33.219539642333984,12.004573822021484,0.37877002358436584
OSR011,Black rice kheer (Chak-hao kheer),147.936767578125,22.93030548095703,4.366131782531738,4.905136585235596,0.7645264863967896,94.89005279541016,0.46029695868492126,6.804815292358398,74.58234405517578,25.768146514892578,104.34349822998047,0.2652568221092224,0.0,0.030939005315303802,1.5486356019973755,5.418659687042236,bowl,307.2153625488281,9.066999435424805,47.61859893798828,10.186333656311035,1.587666630744934
OSR012,Coconut kheer (Nariyal ki kheer),162.61248779296875,14.42290210723877,3.397630214691162,10.546659469604492,1.5344955921173096,89.51873779296875,0.5275667905807495,23.255889892578125,83.39212036132812,45.9728889465332,188.1647186279297,0.3847280442714691,12.10609245300293,0.041197385638952255,1.8771132230758667,7.585696697235107,bowl,1057.5909423828125,22.09733772277832,93.80294799804688,68.59283447265625,9.979975700378418
OSR013,Apple sago payasam (Seb aur sabudana ki kheer),136.503173828125,14.403240203857422,3.130678176879883,7.660542011260986,0.381131649017334,102.10543060302734,0.31415125727653503,16.80838966369629,93.9010238647461,39.44808578491211,129.646240234375,0.4222039580345154,40.8238639831543,0.03575246408581734,1.7750853300094604,6.480011463165283,bowl,451.91082763671875,10.364500999450684,47.6837272644043,25.361181259155273,1.2617839574813843
OSR014,Kesari bath,244.56851196289062,31.382802963256836,2.3950934410095215,12.585087776184082,1.6523536443710327,7.697634696960449,0.6944946050643921,16.01409912109375,34.679439544677734,1.704179048538208,65.67830657958984,0.5225041508674622,104.33749389648438,0.022363154217600822,0.0,4.838000774383545,bowl,432.2361145019531,4.232948303222656,55.464134216308594,22.242149353027344,2.920273542404175
OSR015,Putharekulu,318.3032531738281,59.607479095458984,3.6570093631744385,7.554205894470215,1.7476634979248047,6.107476711273193,0.3813084363937378,12.934578895568848,65.64485931396484,2.6728973388671875,67.47663879394531,0.5271028280258179,68.93457794189453,0.10280373692512512,0.0,4.556074619293213,roll,170.29225158691406,1.9564999341964722,31.89000129699707,4.041500091552734,0.9350000023841858
OSR016,Mango malpua,334.6436462402344,12.841540336608887,1.6494756937026978,30.671104431152344,2.0830981731414795,10.642388343811035,0.6953063011169434,20.33721160888672,46.06306076049805,1.8879823684692383,89.27536010742188,0.4327841103076935,281.7980651855469,0.07041183859109879,9.683992385864258,28.16923713684082,piece,1314.7144775390625,6.480295181274414,50.450557708740234,120.49756622314453,8.183868408203125
OSR017,Mango vanilla custard,147.63104248046875,18.407085418701172,3.4303321838378906,7.043948173522949,0.993726909160614,84.85738372802734,0.578154981136322,25.107194900512695,93.59944915771484,30.119224548339844,160.4944610595703,0.47321033477783203,0.8856088519096375,0.07686346769332886,7.897158622741699,24.203210830688477,glass,300.0600891113281,6.972149848937988,37.41239929199219,14.316824913024902,2.0197501182556152
OSR018,Kiwi granola pudding,280.9878234863281,32.33153533935547,5.600944519042969,15.359513282775879,3.709637403488159,62.20228958129883,1.454236626625061,36.132633209228516,128.82156372070312,59.21407699584961,274.5295715332031,0.8106107115745544,40.19084167480469,0.09524045884609222,12.469466209411621,39.53287124633789,bowl,1472.376220703125,29.348949432373047,169.41725158691406,80.48384857177734,19.438499450683594
OSR019,Oats burfi,425.18707275390625,62.46829605102539,8.886306762695312,17.26929473876953,4.9580912590026855,128.58091735839844,2.4631950855255127,96.12406921386719,276.1908874511719,8.147344589233398,314.78009033203125,1.7257676124572754,38.257259368896484,0.16037344932556152,0.09211618453264236,29.560787200927734,piece,256.1752014160156,5.353999614715576,37.637149810791016,10.404749870300293,2.9872500896453857
OSR020,Lotus seed halwa (Kamal gattay ka halwa),370.5499572753906,39.562068939208984,7.790459632873535,20.688159942626953,0.4225287437438965,82.83908081054688,1.7986207008361816,105.75862121582031,304.3333435058594,3.056666612625122,658.5172119140625,0.6002298593521118,169.56321716308594,0.3022988438606262,0.017011495307087898,49.400230407714844,piece,1343.2435302734375,28.24041748046875,143.41250610351562,74.99458312988281,1.5316667556762695
OSR021,Amaranth ladoo (Rajgira ladoo),454.1483154296875,51.327117919921875,10.11602783203125,22.7022647857666,5.109809398651123,144.5769500732422,6.473324775695801,231.94790649414062,262.3536071777344,7.507246971130371,414.933349609375,1.88295316696167,126.073974609375,0.4353952705860138,0.07958385348320007,21.68611717224121,ladoo,199.27574157714844,4.438811779022217,22.521825790405273,9.961526870727539,2.242133378982544
OSR022,Chhena poda,344.5653076171875,33.63724899291992,13.684338569641113,17.940107345581055,1.3966330289840698,295.2940673828125,1.4143882989883423,65.70808410644531,264.2085266113281,13.002883911132812,150.2749786376953,2.2708866596221924,12.417508125305176,0.045224469155073166,0.12705948948860168,57.468788146972656,slice,255.83973693847656,10.16062068939209,24.975658416748047,13.320528984069824,1.037000060081482
OSR023,Sweet couscous dessert,196.199951171875,29.692623138427734,3.8134419918060303,7.691786289215088,2.17587947845459,30.93572235107422,0.8430808782577515,31.242496490478516,83.86878204345703,4.219362258911133,183.4109649658203,0.573127031326294,42.12703323364258,0.11627306789159775,14.808344841003418,12.663191795349121,bowl,451.7503662109375,8.780449867248535,68.36726379394531,17.710336685180664,5.009962558746338
OSR024,Sweetened yogurt (Shrikhand),107.1770248413086,16.016088485717773,5.2735915184021,2.893601417541504,0.07932624965906143,183.0187530517578,0.16505476832389832,18.364368438720703,156.60301208496094,73.60711669921875,261.063232421875,0.658927857875824,25.333389282226562,0.09430839866399765,0.9171350598335266,16.557971954345703,bowl,326.50140380859375,16.065338134765625,48.791011810302734,8.814994812011719,0.24165749549865723
OSR025,Thickened sweetened milk (Rabri),102.7945556640625,10.545642852783203,3.5154900550842285,5.349130153656006,0.19454897940158844,111.86722564697266,0.291313111782074,14.99513053894043,101.91808319091797,23.91716194152832,125.85282897949219,0.42325976490974426,0.0,0.045058175921440125,1.8560830354690552,7.4041595458984375,bowl,226.4436798095703,7.744189262390137,23.230745315551758,11.78347110748291,0.4285673201084137
OSR026,Gram flour halwa (Besan halwa),276.78826904296875,25.77559471130371,5.87522554397583,17.297237396240234,1.8171298503875732,77.42198181152344,0.6713399291038513,20.441871643066406,98.94994354248047,15.396739959716797,128.25477600097656,0.5532398223876953,124.13773345947266,0.09848225116729736,1.1164469718933105,34.74638366699219,piece,411.1542663574219,8.727334976196289,38.288272857666016,25.69412612915039,2.699249744415283
OSR027,Prawn sandwich,169.64527893066406,11.891688346862793,10.360613822937012,9.27368450164795,1.5500438213348389,75.53267669677734,1.1096491813659668,38.95451736450195,146.92462158203125,213.38223266601562,152.54824829101562,0.9680043458938599,3.2456140518188477,0.11005263030529022,5.515109539031982,22.365066528320312,sandwich,386.7912292480469,23.62220001220703,27.11305046081543,21.143999099731445,3.53410005569458
OSR028,Watercress sandwich,229.41746520996094,28.032331466674805,5.168360233306885,11.471363067626953,2.2593533992767334,98.16351318359375,0.9885450005531311,19.070669174194336,66.33209991455078,407.4378662109375,140.5450439453125,0.46766743063926697,119.47344207763672,0.06445727497339249,4.1274824142456055,22.42909812927246,triangle,124.17220306396484,2.797374963760376,15.172499656677246,6.2088751792907715,1.2228749990463257
OSR029,Fish sandwich ,150.197021484375,10.088993072509766,4.7249064445495605,10.368215560913086,1.228398084640503,47.282535552978516,0.6877026557922363,16.125045776367188,68.68305206298828,161.8834991455078,103.86859130859375,0.4043644964694977,7.698983192443848,0.07188969105482101,1.49126136302948,15.07483959197998,sandwich,391.45098876953125,12.314287185668945,26.294437408447266,27.02216148376465,3.201512575149536
OSR030,Kidney bean sandwich with cottage cheese,176.6407928466797,18.859739303588867,9.845356941223145,6.842348098754883,3.65869140625,166.62893676757812,1.6350972652435303,43.63636016845703,177.14743041992188,97.97235870361328,296.7632141113281,1.3192532062530518,11.989737510681152,0.06923051178455353,2.2232978343963623,89.19129943847656,triangle,423.41680908203125,23.59981346130371,45.20773696899414,16.401451110839844,8.770066261291504
OSR031,Finger millet biscuit (Ragi biscuit),458.5638427734375,52.69028854370117,4.028277397155762,25.79488754272461,5.967607021331787,207.0447998046875,2.5441818237304688,78.65648651123047,174.74046325683594,98.23632049560547,247.16661071777344,1.4131231307983398,288.70361328125,0.026750747114419937,0.0,18.409358978271484,biscuit,345.4132080078125,3.034299850463867,39.688961029052734,19.43000030517578,4.495100021362305
OSR032,Buttermilk biscuit,322.54400634765625,34.92733383178711,5.761795520782471,17.50107765197754,1.1813459396362305,67.1620101928711,0.7698830962181091,17.224945068359375,184.45767211914062,323.74462890625,117.49479675292969,0.5667837858200073,202.82891845703125,0.047111112624406815,0.0,8.742776870727539,biscuit,414.4609680175781,7.403763294219971,44.88075256347656,22.488447189331055,1.5180000066757202
OSR033,Lemon cookies,394.4773254394531,42.18605041503906,5.62749719619751,23.01546287536621,0.7844515442848206,72.03833770751953,0.687742292881012,12.502236366271973,104.30511474609375,84.71309661865234,79.05431365966797,0.6362300515174866,283.5101013183594,0.03701384365558624,0.9616613388061523,6.876464366912842,cookie,617.3570556640625,8.80703353881836,66.02116394042969,36.01919937133789,1.2276666164398193
OSR034,Sweet potato biscuit (Shakarkand ke biscuit),296.397705078125,38.13307571411133,5.135400295257568,13.30837631225586,2.2693982124328613,56.340694427490234,0.8112369179725647,19.302396774291992,234.2676544189453,339.5809020996094,183.69464111328125,0.5177912712097168,151.6951904296875,0.07192711532115936,5.270061016082764,11.72547721862793,biscuit,447.31353759765625,7.750175476074219,57.54916763305664,20.084558486938477,3.4249000549316406
OSR035,Raspberry shortbread cookies,441.1209716796875,61.24797058105469,2.9960989952087402,21.251039505004883,0.7464867830276489,13.811129570007324,0.6004216074943542,9.208656311035156,37.23664855957031,6.063912391662598,51.52613830566406,0.30064642429351807,244.4811553955078,0.022147273644804955,0.028246205300092697,4.483277320861816,cookie,163.49046325683594,1.1104291677474976,22.700029373168945,7.876166343688965,0.27666667103767395
OSR036,Pumpkin cookies ,218.39529418945312,44.69233703613281,2.5142292976379395,3.930473566055298,1.059875726699829,19.361125946044922,0.5216712355613708,8.861656188964844,62.4442138671875,51.49332809448242,82.11830139160156,0.26736149191856384,47.00420379638672,0.034852441400289536,1.4759553670883179,9.130151748657227,cookie,186.62559509277344,2.1484875679016113,38.191001892089844,3.3587124347686768,0.9056968688964844
OSR037,Greenpea cookies,159.4171600341797,23.073965072631836,6.528696537017822,4.243386268615723,5.316641330718994,48.44975280761719,1.4720286130905151,45.08121109008789,218.07540893554688,229.8954315185547,241.33518981933594,1.0063282251358032,0.0,0.12481378018856049,22.149986267089844,37.23356628417969,cookie,120.91791534423828,4.952016353607178,17.501602172851562,3.2186086177825928,4.03267240524292
OSR038,Sunflower cookies,520.6232299804688,40.06427764892578,9.48983097076416,36.2818489074707,3.950791120529175,70.45171356201172,2.206197500228882,135.07386779785156,300.41790771484375,181.68052673339844,210.5422821044922,2.382564067840576,118.6393814086914,0.3029481768608093,0.0,28.17915916442871,cookie,954.3024291992188,17.394861221313477,73.43782043457031,66.50463104248047,7.241799831390381
OSR039,Cardamom cookies (Elaichi cookies),400.4893493652344,53.99033737182617,5.09862756729126,19.119487762451172,2.786825180053711,25.206220626831055,1.4125525951385498,34.42634963989258,114.41079711914062,98.4523696899414,111.45013427734375,0.9741445183753967,235.1930389404297,0.08929551392793655,0.0,15.985910415649414,cookie,875.4697265625,11.145600318908691,118.02288055419922,41.79520034790039,6.0920000076293945
OSR040,Hazelnut cookies,493.3157653808594,39.43731689453125,6.248396396636963,34.97259521484375,2.4542274475097656,47.42662811279297,1.2919340133666992,50.11817169189453,109.64334106445312,81.05500793457031,233.1652069091797,0.7979592084884644,211.33721923828125,0.1734693944454193,0.0,22.682214736938477,cookie,423.01824951171875,5.357999801635742,33.817501068115234,29.988998413085938,2.1044998168945312
OSR041,Milk cookies,459.4341735839844,48.428184509277344,10.493767738342285,24.96055030822754,0.9948435425758362,251.5919952392578,0.7450913786888123,32.60966110229492,270.3421630859375,156.52606201171875,385.416015625,1.1293866634368896,289.81475830078125,0.0937071293592453,1.630037546157837,15.649561882019043,cookie,573.5748901367188,13.100812911987305,60.459564208984375,31.161685943603516,1.2419999837875366
OSR042,Cranberry cookies,272.482421875,36.39063262939453,3.9216148853302,12.661157608032227,1.126891016960144,36.16096878051758,0.7105194926261902,11.528775215148926,80.10492706298828,58.25324249267578,93.03984069824219,0.4079946279525757,144.9259796142578,0.05043337866663933,2.972489833831787,9.264710426330566,cookie,506.1361083984375,7.28439998626709,67.59559631347656,23.51810073852539,2.0931999683380127
OSR043,Olive biscuit,438.2898864746094,55.007240295410156,3.2033824920654297,23.7471981048584,0.816913366317749,10.756871223449707,1.3725157976150513,9.540380477905273,38.114166259765625,120.10063171386719,53.319236755371094,0.313742071390152,218.73995971679688,0.023678647354245186,0.0,4.809725284576416,biscuit,207.31112670898438,1.5152000188827515,26.01842498779297,11.23242473602295,0.3864000141620636
OSR045,Tutti fruitti biscuit,420.78216552734375,53.122352600097656,5.2059245109558105,17.898103713989258,5.434406280517578,23.807544708251953,1.9620790481567383,60.37074661254883,194.29254150390625,93.11205291748047,155.26678466796875,1.3976448774337769,200.0607147216797,0.11969088762998581,0.0,13.978288650512695,biscuit,457.39019775390625,5.658840179443359,57.74399948120117,19.45524024963379,5.907199859619141
OSR046,Peach blueberry preserves,177.3811492919922,45.763973236083984,0.5251616835594177,0.20122897624969482,1.14139723777771,9.034929275512695,0.3256145119667053,5.138551235198975,11.29456615447998,2.8080854415893555,129.46054077148438,0.09961190074682236,0.0,0.04260025918483734,4.284993648529053,4.315459251403809,half-pints,685.578125,2.029749870300293,176.87774658203125,0.7777499556541443,4.411499977111816
OSR047,Pear preserves (Naashpati ka murabba),101.2390365600586,25.66578483581543,0.2510855495929718,0.1864270269870758,3.0575222969055176,6.570668697357178,0.23267194628715515,5.641811847686768,4.899477481842041,2.099381685256958,74.27222442626953,0.06802300363779068,0.0,0.061962615698575974,2.6256601810455322,3.6789937019348145,half-pints,603.529296875,1.496828556060791,153.00474548339844,1.111371397972107,18.22719955444336
OSR048,Starfruit preserves ,128.9264678955078,33.62123107910156,0.24184615910053253,0.11723077297210693,0.7781538367271423,5.237846374511719,0.20000000298023224,4.085230827331543,4.000923156738281,2.0627691745758057,49.723079681396484,0.10184615850448608,0.0,0.0189230777323246,10.859999656677246,2.657538414001465,jar,209.5054931640625,0.3930000066757202,54.634498596191406,0.19050000607967377,1.2645000219345093
OSR049,Gooseberry pickle (Amla ka achaar),278.5849609375,7.612276554107666,1.5463242530822754,27.60933494567871,3.698528528213501,31.173240661621094,1.0359247922897339,22.995332717895508,47.48374938964844,86.38018798828125,199.18014526367188,0.2682175040245056,0.0,0.08901555091142654,20.836965560913086,8.959668159484863,jar,64.86015319824219,0.36001521348953247,1.7722902297973633,6.428005218505859,0.8610913753509521
OSR050,Lotus stem pickle (Kamal kakdi ka achar),102.69074249267578,20.070594787597656,1.442939281463623,1.5996668338775635,8.581247329711914,137.73069763183594,20.57253074645996,57.67972183227539,44.538143157958984,181.83148193359375,1026.9910888671875,0.00651854882016778,0.0,0.006320605985820293,3.1403262615203857,0.4853322505950928,jar,403.96484375,5.676234722137451,78.95370483398438,6.292769432067871,33.75690841674805
OSR051,Date pickle (Khajoor ka achaar),182.2870635986328,34.66094970703125,1.6772139072418213,4.205400466918945,5.2036542892456055,41.494598388671875,1.9598281383514404,39.25402069091797,44.686641693115234,138.8616180419922,434.8882751464844,0.45599275827407837,0.0,0.14107643067836761,2.5056536197662354,11.414671897888184,small bowl,251.89793395996094,2.317699909210205,47.897098541259766,5.811337471008301,7.190800189971924
OSR052,Garlic pickle (Lahasun ka achar),413.6179504394531,9.753618240356445,3.722050189971924,39.88408279418945,5.1255292892456055,54.661224365234375,1.8194102048873901,33.55436325073242,69.93492889404297,269.1232604980469,311.082763671875,0.619270384311676,0.0,0.3233489692211151,14.336103439331055,31.26097297668457,jar,211.44149780273438,1.9027119874954224,4.986049652099609,20.388742446899414,2.6201705932617188
OSR053,Fermented bamboo shoot pickle (Mesu pickle),59.83161544799805,1.7324771881103516,1.5793578624725342,5.591376304626465,2.2384402751922607,16.620458602905273,0.6922935843467712,11.25302791595459,44.02935791015625,161.30789184570312,434.4110107421875,0.4417431056499481,0.0,0.17256879806518555,14.58687973022461,16.981834411621094,jar,81.52057647705078,2.1518750190734863,2.3605000972747803,7.618249893188477,3.049875020980835
OSR054,Sweet peach pickle (Aadoo ka achaar),144.63511657714844,37.009674072265625,0.4617391526699066,0.20428571105003357,1.315481424331665,11.988199234008789,0.33153727650642395,5.642702102661133,10.552484512329102,33.03649139404297,150.2422332763672,0.09034162014722824,0.0,0.0503571443259716,3.0480589866638184,3.5199689865112305,jar,349.2938232421875,1.1151000261306763,89.37836456298828,0.49334999918937683,3.1768875122070312
OSR055,Pickled mustard greens ,13.12126350402832,1.0509024858474731,1.5091004371643066,0.22253121435642242,1.695076584815979,81.4442367553711,1.2159448862075806,22.625993728637695,30.729570388793945,242.35765075683594,173.9795684814453,0.29145288467407227,0.0,0.06846197694540024,25.675369262695312,46.86563491821289,jar,154.131103515625,17.726900100708008,12.344600677490234,2.614000082015991,19.9114990234375
OSR056,Small onion pickle ,16.864784240722656,2.763744354248047,1.6471024751663208,0.6393759250640869,1.0858840942382812,31.946508407592773,1.2019315958023071,9.184249877929688,48.73997116088867,249.4799346923828,214.90045166015625,0.4539375901222229,0.0,0.22526003420352936,17.267459869384766,15.06389331817627,bowl,18.91666603088379,1.847499966621399,3.0999999046325684,0.7171666622161865,1.218000054359436
OSR057,Green tomato pickle (Haray tamatar ka achaar),193.2611083984375,2.866100549697876,1.2349056005477905,19.672609329223633,1.737044095993042,14.221697807312012,0.7733961939811707,16.007862091064453,29.44025230407715,159.17544555664062,205.62579345703125,0.212138369679451,0.0,0.0716666653752327,12.907233238220215,11.248050689697266,jar,122.9140625,0.7853999733924866,1.8228399753570557,12.51177978515625,1.1047600507736206
OSR058,Pickled cabbage ,13.693668365478516,2.5610013008117676,0.3908402919769287,0.1364942342042923,0.6094923615455627,15.956707954406738,0.18612784147262573,6.134599685668945,9.563539505004883,121.38723754882812,58.165645599365234,0.06488212943077087,0.0,0.027377909049391747,6.412765979766846,9.085429191589355,jar,35.5059700012207,1.0133999586105347,6.640356063842773,0.35391250252723694,1.5803375244140625
OSR059,Coconut pickle (Nariyal ka aachar),517.2561645507812,11.533623695373535,3.022852897644043,51.71007537841797,6.3491902351379395,44.78340530395508,2.615386724472046,32.21092224121094,64.59794616699219,176.54254150390625,342.2707214355469,0.5481532216072083,0.0,0.19452759623527527,6.103242874145508,19.85409164428711,jar,144.86276245117188,0.8465802073478699,3.2301065921783447,14.481924057006836,1.7781542539596558
OSR060,Potato pickle (Aloo ka achaar),369.1396789550781,7.865382671356201,2.073549270629883,36.45631790161133,2.2119264602661133,48.46245574951172,1.1245137453079224,34.803443908691406,59.241363525390625,213.73326110839844,311.2278137207031,0.4379323124885559,0.0,0.1302664577960968,21.61501693725586,17.391313552856445,bowl,173.1726531982422,0.9727537631988525,3.689847707748413,17.102569580078125,1.0376700162887573
OSR061,Mango murabba candy,293.3459777832031,77.317138671875,0.2681578993797302,0.05298245698213577,0.9523683786392212,16.549121856689453,0.32519298791885376,7.638772010803223,6.362807273864746,13.706613540649414,56.543861389160156,0.10942105203866959,0.0,0.03815789520740509,26.12210464477539,7.495789051055908,candy,222.94293212890625,0.2037999927997589,58.76102828979492,0.04026666656136513,0.723800003528595
OSR062,Afghani chicken,151.51295471191406,1.9462581872940063,15.663017272949219,9.069842338562012,0.3076152801513672,35.13599395751953,1.039249062538147,28.355836868286133,151.77354431152344,87.01526641845703,259.0368957519531,0.7850856781005859,10.632411003112793,0.3715810477733612,1.8641633987426758,10.814373970031738,plate,287.4958190917969,29.7205753326416,3.6930248737335205,17.210025787353516,0.5837000012397766
OSR063,Fish orly,563.699951171875,4.266434192657471,5.872488498687744,58.18387222290039,0.32677438855171204,9.552499771118164,0.31338435411453247,11.850680351257324,90.11827850341797,136.36878967285156,94.42857360839844,0.22399093210697174,8.591270446777344,0.053639452904462814,0.4585714340209961,4.362987518310547,fillet,1657.27783203125,17.26511573791504,12.543316841125488,171.06057739257812,0.9607166647911072
OSR064,Hariyali Fish Tikka,150.23699951171875,2.205204486846924,14.00955867767334,9.405717849731445,0.9890422821044922,34.8580207824707,0.8327639102935791,33.88432693481445,162.55604553222656,100.44985961914062,257.7369079589844,0.49777233600616455,74.09129333496094,0.12847381830215454,6.224921703338623,15.001148223876953,kebab,268.2481689453125,25.014066696166992,3.937392473220825,16.79391098022461,1.7659350633621216
OSR065,Chicken manchurian,142.33798217773438,6.062744617462158,9.533809661865234,11.958362579345703,0.4115220010280609,26.5181827545166,1.2809741497039795,16.570350646972656,96.12959289550781,2414.770751953125,179.8415985107422,0.5310943126678467,13.087180137634277,0.18098604679107666,2.3326289653778076,10.341300964355469,plate,632.9912719726562,42.39780807495117,26.96162986755371,53.18003463745117,1.8300795555114746
OSR066,Handi chicken,166.0196533203125,1.494889497756958,12.322555541992188,12.46326732635498,0.6710296273231506,26.847999572753906,0.9295741319656372,18.146888732910156,110.99687194824219,75.64471435546875,214.6663055419922,0.5398706197738647,5.1105122566223145,0.30479785799980164,0.6356441974639893,8.82337474822998,plate,384.9580993652344,28.572925567626953,3.4662749767303467,28.899200439453125,1.5559500455856323
OSR067,Lemon chicken,169.78912353515625,0.5507365465164185,20.198272705078125,9.655328750610352,0.15967752039432526,17.40350914001465,0.9527081251144409,19.908985137939453,165.74423217773438,79.93492126464844,282.82989501953125,0.738136351108551,21.467050552368164,0.49417227506637573,3.1197385787963867,10.889552116394043,plate,486.57318115234375,57.88319778442383,1.5782732963562012,27.669757843017578,0.4575958251953125
OSR068,Lemon butter fish,160.2456817626953,0.753724992275238,16.383150100708008,10.258563041687012,0.3618749976158142,18.659000396728516,0.4013875126838684,29.566699981689453,183.74453735351562,187.72430419921875,240.3368682861328,0.49746251106262207,74.26225280761719,0.12644250690937042,4.35099983215332,9.548362731933594,piece,320.4913635253906,32.766300201416016,1.507449984550476,20.517126083374023,0.7237499952316284
OSR069,Baked eggs in tomato sauce,80.04957580566406,3.7764370441436768,4.919628143310547,5.224381923675537,0.008331658318638802,71.93643188476562,1.3108818531036377,20.546733856201172,77.3758773803711,188.20706176757812,321.52386474609375,0.5272462368011475,49.40201187133789,0.19368593394756317,49.38693618774414,63.896453857421875,plate,398.2466125488281,24.475149154663086,18.78777503967285,25.99129867553711,0.041450001299381256
OSR070,Egg in a pepper,128.78076171875,0.17254295945167542,12.642990112304688,8.67584228515625,0.1698625385761261,48.2470817565918,1.760498285293579,12.825773239135742,176.66546630859375,183.8918914794922,144.6666717529297,1.182199239730835,187.1134033203125,0.1640377938747406,5.773195743560791,49.869571685791016,egg,749.5039672851562,73.58219909667969,1.0041999816894531,50.49340057373047,0.9886000156402588
OSR071,Spinach mushroom scrambled egg (Palak mushroom bhurji),158.8451690673828,0.5877930521965027,13.27927017211914,11.5103178024292,0.39452123641967773,140.31375122070312,1.602097511291504,19.407686233520508,205.7475128173828,227.9697723388672,180.7565460205078,1.3473292589187622,188.9051055908203,0.1427028775215149,1.950193166732788,46.58112716674805,plate,184.97520446777344,15.463709831237793,0.6844850182533264,13.403764724731445,0.45941999554634094
OSR072,Corn omelette/omlet,166.92759704589844,1.5704118013381958,11.371248245239258,12.89288330078125,0.021338481456041336,96.22457885742188,1.335141658782959,17.36164665222168,180.05470275878906,166.41575622558594,145.924072265625,1.2197812795639038,201.48519897460938,0.11960746347904205,1.4929215908050537,42.03596496582031,omelette,324.2568664550781,22.08864974975586,3.050524950027466,25.04442596435547,0.041450001299381256
OSR073,Cajun chicken,184.9423065185547,1.9431791305541992,12.691536903381348,13.98684310913086,0.887738823890686,156.98387145996094,0.5257910490036011,18.925439834594727,168.96693420410156,1740.131103515625,181.54776000976562,1.1726044416427612,73.99880981445312,0.2622761130332947,27.129104614257812,26.598127365112305,chicken breast,309.7783508300781,21.258323669433594,3.2548251152038574,23.427963256835938,1.4869625568389893
OSR074,Paaner do pyaza,127.70478057861328,3.4062819480895996,4.215830326080322,10.870146751403809,0.8370941281318665,57.22175979614258,0.4503200054168701,17.053680419921875,82.35702514648438,160.66384887695312,135.2407989501953,0.42963340878486633,49.841148376464844,0.0639435350894928,7.249532222747803,15.368463516235352,bowl,296.11334228515625,9.775385856628418,7.898259162902832,25.204971313476562,1.9409979581832886
OSR075,Cabbage manchurian (Pattagobhi manchurian),224.2626190185547,4.848986625671387,0.6360360383987427,22.484838485717773,0.37194082140922546,3.18257737159729,0.1986907720565796,3.4972450733184814,8.860742568969727,75.01637268066406,34.44219207763672,0.0732026919722557,0.46822378039360046,0.016833320260047913,3.8340580463409424,4.084677219390869,bowl,1660.4105224609375,4.709125995635986,35.90125274658203,166.47474670410156,2.753800392150879
OSR076,Gobi 65,278.29315185546875,3.5923678874969482,0.5613018274307251,29.109731674194336,0.570992648601532,12.373939514160156,0.3034687042236328,5.753717422485352,13.111870765686035,69.21685791015625,56.39155197143555,0.07703699171543121,0.7346595525741577,0.024522703140974045,3.209543466567993,4.391320705413818,plate,2386.47509765625,4.813387393951416,30.805992126464844,249.62759399414062,4.896490573883057
OSR077,Paneer lababdar,105.47611999511719,3.3675763607025146,3.983811855316162,8.464692115783691,1.1574817895889282,55.55999755859375,0.5608844757080078,19.625171661376953,77.52347564697266,142.450927734375,145.4969482421875,0.42000812292099,20.925701141357422,0.05739462003111839,7.187591552734375,14.805890083312988,bowl,403.240478515625,15.230311393737793,12.874412536621094,32.36094284057617,4.425110816955566
OSR078,Roasted cauliflower steak,78.6754150390625,2.0246100425720215,2.0476601123809814,6.697648525238037,3.532386541366577,24.473806381225586,0.9521769285202026,22.199068069458008,44.67287826538086,120.18994140625,311.6554260253906,0.2948544919490814,0.0,0.1228521466255188,43.9022102355957,42.844913482666016,cauliflower steak,84.47772216796875,2.1986751556396484,2.1739249229431152,7.1915998458862305,3.7929000854492188
OSR079,Sauteed radishes with green beans,94.32460021972656,6.036933898925781,2.4131810665130615,6.608610153198242,3.5188987255096436,40.19813919067383,1.0129804611206055,45.131099700927734,82.0455551147461,65.09905242919922,323.3262634277344,0.5933557748794556,33.474830627441406,0.2864721119403839,6.78514289855957,47.50996017456055,plate,91.10576629638672,2.330831289291382,5.830923557281494,6.383091449737549,3.3988163471221924
OSR080,Garlic chutney/Poondu chutney (Lahasun ki chutney),255.508056640625,20.43686294555664,3.336231231689453,17.551773071289062,5.146976470947266,63.50837707519531,3.2643375396728516,50.96840286254883,90.71646118164062,177.62100219726562,541.628173828125,0.5792420506477356,0.0,0.19567708671092987,7.183465957641602,21.19032096862793,small bowl,202.830810546875,2.648411750793457,16.22346305847168,13.933182716369629,4.085841655731201
OSR081,Schezwan chutney,205.1857452392578,10.791571617126465,3.3259973526000977,17.722034454345703,5.7224040031433105,35.46422576904297,1.9589035511016846,35.172733306884766,66.207763671875,486.26708984375,412.3051452636719,0.597780704498291,2.0607662200927734,0.3289167582988739,3.482377767562866,21.01422691345215,box,1553.256103515625,25.17780113220215,81.69219970703125,134.15579223632812,43.318599700927734
OSR083,Onion chutney (Pyaaz ki chutney/Vengaya chutney),143.93809509277344,13.519841194152832,2.9694440364837646,8.380476951599121,4.601819038391113,28.504121780395508,1.186147689819336,37.83118438720703,60.17207336425781,256.89276123046875,342.6870422363281,0.5334312915802002,0.0,0.1325734704732895,5.38938045501709,32.46260452270508,cup,75.50753021240234,1.5577207803726196,7.092283248901367,4.396258354187012,2.4140374660491943
OSR085,Dates chutney (Khajoor ki chutney),103.57244110107422,21.691532135009766,1.068406581878662,1.1223781108856201,3.411778450012207,28.71625328063965,1.186487078666687,29.1562557220459,29.427547454833984,76.76814270019531,288.0599365234375,0.2644043564796448,0.0,0.05123981460928917,1.2920061349868774,6.544365882873535,small bowl,273.25518798828125,2.818777084350586,57.22876739501953,2.961169958114624,9.00129508972168
OSR086,Chicken salad,338.1940612792969,1.3028947114944458,15.32790470123291,30.256547927856445,1.9957489967346191,43.194149017333984,1.232914924621582,58.53348159790039,168.54490661621094,50.617408752441406,284.4595031738281,0.9808299541473389,21.3133602142334,0.33672064542770386,1.9927327632904053,14.371750831604004,bowl,835.3392944335938,37.85992431640625,3.2181501388549805,74.73367309570312,4.929500102996826
OSR087,Macaroni salad,262.1925964355469,21.628450393676758,5.015699863433838,17.782337188720703,0.555027186870575,35.699344635009766,0.7737671136856079,18.715330123901367,84.28890991210938,163.98910522460938,147.09056091308594,0.5730608105659485,56.35187530517578,0.10586028546094894,13.754121780395508,21.540952682495117,cup,422.23931884765625,8.077366828918457,34.83081817626953,28.63697052001953,0.8938249945640564
OSR088,Cabbage raita (Pattagobhi raita),84.83695983886719,5.247120380401611,3.2444281578063965,5.759586334228516,0.9255675077438354,118.48995208740234,0.1890157163143158,15.547453880310059,93.87271881103516,125.31304931640625,210.1320343017578,0.3936915695667267,35.10661315917969,0.09029506891965866,12.187230110168457,23.146133422851562,bowl,196.94900512695312,7.53193998336792,12.18118953704834,13.370880126953125,2.148705005645752
OSR089,Pomegranate raita (Anaar ka raita),72.6445083618164,7.151958465576172,4.047695159912109,3.238284111022949,0.5999307036399841,138.3094482421875,0.24826689064502716,14.726672172546387,118.15390014648438,195.18321228027344,208.12132263183594,0.484315425157547,11.889081001281738,0.11077989637851715,3.1913864612579346,16.538421630859375,bowl,104.78971099853516,5.838799953460693,10.316699981689453,4.671225070953369,0.8654000163078308
OSR090,Onion raita (Pyaaz ka raita),71.55741119384766,7.862971305847168,4.8553996086120605,2.4252395629882812,0.6479872465133667,163.7955322265625,0.3047923445701599,20.552268981933594,141.30967712402344,189.96485900878906,269.8753967285156,0.6279872059822083,21.916933059692383,0.10744409263134003,5.390702724456787,20.530574798583984,bowl,111.98735046386719,7.598700046539307,12.305550575256348,3.7955000400543213,1.0141000747680664
OSR091,Green chilli raita (Hari mirch ka raita),77.12936401367188,7.6609368324279785,5.578923225402832,2.9244089126586914,0.2587241530418396,193.58226013183594,0.21014435589313507,20.124046325683594,165.24554443359375,161.3138885498047,286.9364013671875,0.691771388053894,26.7655086517334,0.11023800075054169,4.190484046936035,18.35532569885254,bowl,79.0730209350586,5.719511985778809,7.853992462158203,2.9981038570404053,0.2652440071105957
OSR092,Kale salad,177.7139434814453,5.0063252449035645,4.855113506317139,15.32857894897461,1.3593477010726929,109.10552978515625,1.2951310873031616,32.19906997680664,97.055908203125,292.03558349609375,336.765869140625,0.4781246483325958,19.219568252563477,0.21319743990898132,56.82096862792969,65.96043395996094,bowl,95.3546371459961,2.605071783065796,2.686206340789795,8.224740982055664,0.7293750047683716
OSR093,Spinach and paneer souffle ,186.19473266601562,9.640643119812012,7.561341285705566,13.49350357055664,1.068436861038208,114.31575775146484,1.4049888849258423,21.00239372253418,118.65365600585938,434.6849670410156,197.9002227783203,0.6518070697784424,145.35032653808594,0.08568736165761948,2.4002106189727783,29.69999885559082,souffle dish,839.7382202148438,34.10165023803711,43.47930145263672,60.8557014465332,4.818649768829346
OSR094,Masala souffle ,123.5146484375,8.020496368408203,6.383276462554932,7.365000247955322,1.2420134544372559,103.67826843261719,0.7415933609008789,18.300167083740234,119.81129455566406,131.14108276367188,274.7549133300781,0.8157001733779907,89.79429626464844,0.15675440430641174,25.773061752319336,24.504810333251953,souffle dish,1833.7725830078125,94.76995086669922,119.07710266113281,109.34521484375,18.43967628479004
OSR095,Chicken and cheese souffle,182.354248046875,3.4660613536834717,9.068145751953125,14.738247871398926,0.2564961612224579,61.70907974243164,0.6346547603607178,12.246969223022461,115.1052474975586,120.93128204345703,160.39129638671875,0.5551151037216187,145.9097137451172,0.17594628036022186,1.2273657321929932,14.718337059020996,souffle dish,356.5025634765625,17.728225708007812,6.776150226593018,28.813274383544922,0.5014500021934509
OSR096,Tamarind chutney (Chintapandu pachadi/Puli chutney),109.14761352539062,25.06587791442871,0.8776803612709045,0.4835139811038971,1.6482878923416138,40.29506301879883,1.9465101957321167,32.90985870361328,30.360708236694336,75.60948944091797,235.5964813232422,0.22499136626720428,2.5460822582244873,0.1295892298221588,0.8071383833885193,4.901125431060791,ml,3.9525082111358643,0.03178299963474274,0.9076981544494629,0.017509249970316887,0.05968862771987915
OSR097,Pav bhaji masala,230.46640014648438,29.148942947387695,9.129295349121094,10.964405059814453,24.304845809936523,588.9103393554688,12.843436241149902,269.4361267089844,237.5691680908203,1814.6640625,1258.1541748046875,2.599163055419922,0.0,0.18114537000656128,5.488986492156982,18.836299896240234,gm,2.6157937049865723,0.10361750423908234,0.33084049820899963,0.12444599717855453,0.2758600115776062
OSR098,Green chutney,79.41742706298828,10.008160591125488,5.423238754272461,1.6046245098114014,5.836636066436768,112.7441635131836,4.577754020690918,73.92560577392578,91.29117584228516,262.80963134765625,508.9608459472656,0.9650046229362488,0.0,0.17603954672813416,30.125158309936523,63.645530700683594,glass jar,19.37586784362793,1.3231347799301147,2.4417409896850586,0.391488254070282,1.4239932298660278
OSR099,Sago khitchdi/khichri (Sabudana khitchdi/khichri),187.1644744873047,22.413801193237305,2.721275806427002,10.101280212402344,1.8236956596374512,15.12940788269043,0.8592718243598938,27.713619232177734,55.276939392089844,100.26112365722656,189.27658081054688,0.3932034969329834,45.86895751953125,0.04809097200632095,4.94352912902832,12.59746265411377,bowl,507.8895263671875,7.384454250335693,60.82209014892578,27.41083335876465,4.948780536651611
OSR100,Gram flour chilla/cheela (Besan chilla/cheela),135.9300994873047,21.02887725830078,7.802441120147705,2.852105140686035,4.2509002685546875,28.380847930908203,2.186903238296509,27.7130069732666,80.19609069824219,135.57205200195312,168.7023468017578,0.645193338394165,0.0,0.18784599006175995,3.3208014965057373,66.61104583740234,cheela,70.78333282470703,4.062991142272949,10.950437545776367,1.485186219215393,2.213585376739502
OSR101,Vegetable namkeen jave,112.23060607910156,18.97719955444336,2.930877923965454,2.5060160160064697,2.8592631816864014,10.32086181640625,1.0653679370880127,14.388675689697266,32.77201843261719,32.12855911254883,91.36121368408203,0.3171825706958771,12.777861595153809,0.03395528346300125,3.4076623916625977,7.187558174133301,plate,409.9671630859375,10.70620346069336,69.32181549072266,9.154226303100586,10.444602966308594
OSR102,Khakhra,178.4959716796875,27.66258430480957,4.775326251983643,5.3191657066345215,5.433740615844727,21.273988723754883,2.1411311626434326,57.11234664916992,140.3400115966797,184.15753173828125,166.3203887939453,1.29197359085083,0.0,0.14001651108264923,0.7347233891487122,13.872023582458496,khakhra,135.09913635253906,3.6143250465393066,20.937118530273438,4.025943756103516,4.112662315368652
OSR103,Moong bean dosa (Pesarattu),285.9556884765625,31.906055450439453,12.318492889404297,11.665361404418945,6.040430545806885,36.43529510498047,3.38397479057312,86.94672393798828,218.15658569335938,61.35676193237305,704.2119140625,1.4736324548721313,66.9571533203125,0.1662624031305313,5.588353157043457,53.91083908081055,pesarattu,75.93962097167969,3.2713518142700195,8.473109245300293,3.097903251647949,1.6041226387023926
OSR104,Methi thepla,346.1560974121094,41.339027404785156,8.980030059814453,15.945419311523438,7.560302734375,73.51025390625,4.521346569061279,83.17149353027344,210.8922576904297,543.2669677734375,298.3670959472656,1.8015564680099487,4.714274883270264,0.2461814433336258,2.9198696613311768,41.88154220581055,thepla,126.16130828857422,3.2728946208953857,15.066572189331055,5.811525344848633,2.755455493927002
OSR105,Rice puttu (Ari puttu),81.98186492919922,11.821471214294434,1.260176181793213,3.125922441482544,0.7560105323791504,4.963103771209717,0.42073315382003784,8.003332138061523,28.232563018798828,48.28279113769531,69.56558227539062,0.06724589318037033,0.0,0.03570578247308731,0.0,1.1554392576217651,puttu,344.40582275390625,5.293999671936035,49.66200256347656,13.131999969482422,3.1760001182556152
OSR106,Buckwheat pancake (Khura),263.2983093261719,27.277254104614258,2.9074223041534424,16.432849884033203,0.5591700077056885,11.324437141418457,0.6892258524894714,16.712560653686523,54.83055114746094,69.9717788696289,100.05027770996094,0.7927374243736267,185.789306640625,0.1236073449254036,0.635403037071228,3.2339346408843994,pancake,274.92730712890625,3.0358333587646484,28.48200035095215,17.158634185791016,0.5838666558265686
OSR107,Quinoa khichdi/khichri,64.01083374023438,8.831241607666016,3.178802013397217,1.591099739074707,2.576716423034668,24.59075927734375,1.117717981338501,25.295957565307617,52.57670211791992,69.64347839355469,174.7627716064453,0.5162765383720398,9.777690887451172,0.06890023499727249,2.8674941062927246,25.946277618408203,bowl,203.7144775390625,10.116538047790527,28.105424880981445,5.0636749267578125,8.200400352478027
OSR108,Khakhra chaat,358.6632995605469,16.642343521118164,4.5239996910095215,30.647899627685547,3.041581869125366,24.49034309387207,1.261051058769226,27.230451583862305,64.39262390136719,102.78368377685547,173.4354248046875,0.5124764442443848,0.22071871161460876,0.1306295096874237,5.5856099128723145,37.46139144897461,plate,2996.461669921875,37.795867919921875,139.03887939453125,256.04864501953125,25.410972595214844
OSR110,Banana appam,469.8054504394531,20.057649612426758,1.1678863763809204,42.527591705322266,0.6738700270652771,13.738269805908203,0.7663193941116333,19.471546173095703,27.047351837158203,20.135265350341797,142.9931182861328,0.09208782017230988,0.0,0.17232027649879456,1.387860655784607,4.747524738311768,appam,1364.197509765625,3.391249895095825,58.242401123046875,123.48949432373047,1.9567500352859497
OSR111,Veg manchurian,585.6408081054688,6.818906784057617,0.889366090297699,61.65210723876953,1.1610925197601318,16.792238235473633,0.30863553285598755,7.533999443054199,16.34253692626953,65.31265258789062,83.29528045654297,0.1224144995212555,0.0,0.05256325379014015,7.745536804199219,13.60853385925293,plate,1141.692138671875,1.7337969541549683,13.293288230895996,120.18923950195312,2.2635209560394287
OSR112,Pav bhaji,96.52545928955078,11.993011474609375,2.660388708114624,4.317642688751221,1.9795962572097778,24.860143661499023,0.9686000943183899,12.692317962646484,19.188095092773438,163.89378356933594,139.30117797851562,0.18228593468666077,40.05595397949219,0.057048652321100235,13.159476280212402,29.335094451904297,,560.9789428710938,15.461434364318848,69.70002746582031,25.09292984008789,11.50485897064209
OSR113,Rice murukku,593.989990234375,33.2929573059082,5.414796352386475,48.2248420715332,2.182837963104248,24.628704071044922,1.695722222328186,29.190000534057617,98.69171142578125,63.313446044921875,224.2574005126953,0.5827221870422363,23.950000762939453,0.104731485247612,0.0009259259095415473,26.573278427124023,piece,183.28834533691406,1.670851469039917,10.273255348205566,14.880807876586914,0.6735614538192749
OSR114,Bhel puri ,509.886962890625,16.467708587646484,3.5175111293792725,47.91156768798828,2.2402548789978027,24.220979690551758,1.289592981338501,22.416229248046875,47.03168487548828,93.97743225097656,150.56365966796875,0.3813413381576538,0.0,0.09452000260353088,4.5096540451049805,22.40488052368164,plate,3573.644775390625,24.653179168701172,115.417236328125,335.7978210449219,15.701273918151855
OSR115,Semolina dhokla (Suji/Rava dhokla),194.91468811035156,30.864978790283203,5.435585975646973,5.2013959884643555,5.1176629066467285,31.174400329589844,2.5237834453582764,28.694902420043945,67.36600494384766,443.3886413574219,194.27883911132812,1.08601713180542,0.0,0.08423511683940887,3.647085666656494,15.22776985168457,plate,195.35812377929688,5.4479522705078125,30.935195922851562,5.213229179382324,5.129305362701416
OSR116,Spicy corn chaat ,479.799072265625,11.446920394897461,4.6070170402526855,46.551841735839844,2.1678731441497803,17.276395797729492,0.8397167325019836,21.17667007446289,58.68144989013672,86.49972534179688,124.80026245117188,0.37877485156059265,17.50146484375,0.08922369033098221,2.5441291332244873,41.02570343017578,plate,2659.16650390625,25.533241271972656,63.44169235229492,258.001953125,12.014894485473633
OSR118,Jackfruit fritters (Ponsa mulik/Kathal ka pakora),597.7876586914062,24.002283096313477,2.3409385681152344,54.40557861328125,1.5007253885269165,24.61859130859375,1.1476960182189941,30.819658279418945,47.74325180053711,46.39432907104492,176.5066680908203,0.2699039876461029,0.0,0.15202666819095612,1.1844799518585205,9.234597206115723,mulik/fritter,160.1217041015625,0.6270371079444885,6.429183006286621,14.572922706604004,0.4019800126552582
OSR119,Banana chips (Kele ke chips),665.6660766601562,7.322083950042725,0.36683785915374756,70.45634460449219,0.6485693454742432,2.0088040828704834,0.18848128616809845,9.03594970703125,6.12105655670166,86.86720275878906,106.43213653564453,0.044240646064281464,0.0,0.1496698409318924,2.365370512008667,5.261922359466553,bowl,1134.1285400390625,0.625,12.475000381469727,120.04000091552734,1.1050000190734863
OSR120,Wheat cake,314.6291809082031,41.13339614868164,4.789560317993164,14.950458526611328,2.762955904006958,98.91337585449219,1.0810102224349976,39.21515655517578,187.84844970703125,82.96202087402344,183.2899932861328,1.0150046348571777,174.6679229736328,0.08080822974443436,1.1375117301940918,11.37249755859375,piece,210.2116241455078,3.2000250816345215,27.482250213623047,9.988775253295898,1.8459999561309814
OSR121,Mango cheesecake,152.45855712890625,20.06123161315918,2.3884427547454834,7.303961277008057,1.1448510885238647,55.09508514404297,0.5264621376991272,13.96627140045166,51.83135986328125,107.12342834472656,139.6411895751953,0.35783639550209045,41.191246032714844,0.07076749205589294,14.312164306640625,39.43056869506836,slice,265.5637512207031,4.160368919372559,34.944156646728516,12.722587585449219,1.9941874742507935
OSR122,Carrot cake (Gajar ka cake),255.58706665039062,35.9842414855957,5.599839687347412,10.270025253295898,2.9345622062683105,156.10079956054688,1.0329915285110474,39.06594467163086,239.43853759765625,158.739990234375,273.1175537109375,1.0409255027770996,44.022010803222656,0.10185292363166809,3.1239819526672363,17.06788444519043,slice,255.4592742919922,5.597040176391602,35.966251373291016,10.26488971710205,2.9330949783325195
OSR123,Semolina cake (Suji/Rava cake),374.14044189453125,31.32412338256836,6.58126163482666,25.17984962463379,5.371186256408691,128.2760772705078,1.3559134006500244,39.58352279663086,197.6256103515625,91.36019134521484,349.46234130859375,1.0807156562805176,101.8097915649414,0.08293785154819489,1.599246621131897,15.966949462890625,square,220.74285888671875,3.882944345474243,18.481233596801758,14.856111526489258,3.1689999103546143
OSR124,Finger millet cake (Ragi cake),279.4615173339844,38.93222427368164,3.9558770656585693,12.266904830932617,2.353050708770752,118.38326263427734,1.3457748889923096,49.56793975830078,173.83767700195312,98.26153564453125,191.3268585205078,0.9775266051292419,111.99729919433594,0.049669597297906876,0.775477409362793,11.569672584533691,slice,275.5956115722656,3.901154041290283,38.39366149902344,12.097212791442871,2.320500135421753
OSR125,Honey cake,333.59320068359375,49.04077911376953,3.0776593685150146,14.702841758728027,0.5058419108390808,50.85757827758789,0.4557579457759857,9.730201721191406,95.6347427368164,72.55387878417969,88.75811767578125,0.4451279044151306,3.928980588912964,0.032399389892816544,0.32451316714286804,6.148224353790283,slice,546.0504150390625,5.03774356842041,80.27362823486328,24.066713333129883,0.828000009059906
OSR126,Almond cardamom cake (Badam elaichi cake),356.34796142578125,34.53158187866211,7.177490234375,21.355758666992188,2.348621129989624,81.29135131835938,1.289388656616211,52.895870208740234,207.4231719970703,155.37313842773438,173.38336181640625,0.9356221556663513,157.1788330078125,0.05803057178854942,0.5394864082336426,15.940794944763184,slice,242.83627319335938,4.891160488128662,23.53183364868164,14.553060531616211,1.600487470626831
OSR127,Tutti frutti cake,347.7215881347656,52.93681335449219,4.490680694580078,12.682251930236816,0.8459770083427429,61.407012939453125,0.6170822381973267,14.158148765563965,134.1226043701172,106.35826873779297,109.79339599609375,0.46745654940605164,6.271736145019531,0.04698143154382706,0.2239905595779419,9.012673377990723,cake,2949.54833984375,38.092201232910156,449.0364990234375,107.57720184326172,7.176000118255615
OSR128,Ham and Bean soup,96.0418930053711,4.176568984985352,10.607390403747559,4.150700569152832,0.5431236028671265,20.516571044921875,0.8764652609825134,22.969501495361328,207.4818115234375,378.1440124511719,309.30364990234375,1.198520302772522,0.0,0.3119414746761322,14.793728828430176,68.7751693725586,bowl,144.8191680908203,15.994619369506836,6.297743797302246,6.258737564086914,0.8189624547958374
OSR129,Whey soup,68.91048431396484,6.2591962814331055,3.4547104835510254,3.3377671241760254,0.8394663333892822,164.91664123535156,0.5455526113510132,19.08432960510254,116.08599090576172,87.07501983642578,158.88600158691406,0.8099979758262634,1.6516163349151611,0.04421497881412506,1.1405181884765625,15.093810081481934,bowl,153.9580841064453,7.718428134918213,13.984140396118164,7.457155704498291,1.8755147457122803
OSR130,Bottle gourd soup (Ghiya/Lauki soup),23.048173904418945,1.1608973741531372,0.45370611548423767,1.7946178913116455,0.9585292339324951,15.144289016723633,0.25636935234069824,5.920925617218018,14.677849769592285,53.80567932128906,61.67692565917969,0.10357371717691422,2.287515163421631,0.013741809874773026,2.0346460342407227,17.871265411376953,bowl,68.01055145263672,1.3387960195541382,3.4255759716033936,5.295558452606201,2.828428030014038
OSR131,Baked potato soup,147.0542449951172,5.851165294647217,5.732051372528076,11.208162307739258,0.29876479506492615,106.5628433227539,0.2682541608810425,12.651674270629883,128.16815185546875,268.6924743652344,184.87437438964844,0.5752515196800232,64.96549224853516,0.11231694370508194,3.6156883239746094,8.150572776794434,bowl,769.8779907226562,30.009199142456055,30.63279914855957,58.678466796875,1.5641334056854248
OSR132,Pumpkin soup,40.04545211791992,2.0762312412261963,0.4700942039489746,3.201167106628418,1.1907851696014404,12.17161750793457,0.18948966264724731,5.375582218170166,11.847370147705078,45.497283935546875,115.18685913085938,0.06422664225101471,4.569484710693359,0.03840094059705734,3.610219717025757,11.219905853271484,bowl,127.51139068603516,1.4968582391738892,6.611066818237305,10.193049430847168,3.7916581630706787
OSR133,Sweet corn soup,32.245758056640625,3.5647780895233154,0.9903046488761902,1.632310152053833,0.3113521337509155,3.7212159633636475,0.4076743721961975,11.222893714904785,26.135894775390625,22.35059928894043,86.92091369628906,0.1422935128211975,0.0,0.02564372308552265,2.6325223445892334,12.781784057617188,bowl,126.47539520263672,3.8842060565948486,13.981891632080078,6.40230131149292,1.2211956977844238
OSR134,Paneer soup,47.85079574584961,2.424072742462158,3.2219648361206055,2.8007285594940186,0.28027835488319397,82.76101684570312,0.30323782563209534,6.551056385040283,56.74437713623047,68.0322036743164,27.661481857299805,0.47293493151664734,0.0,0.0162136722356081,1.2434262037277222,17.436840057373047,bowl,292.24871826171875,19.678150177001953,14.805025100708008,17.105449676513672,1.7117999792099
OSR135,Curried Cauliflower soup,37.3232421875,3.1168854236602783,6.715078353881836,9.773260116577148,2.3384039402008057,37.25120544433594,2.11867618560791,33.70684814453125,74.47920227050781,7311.4384765625,333.5057373046875,0.35409292578697205,17.889404296875,0.05851460620760918,14.907934188842773,15.258543968200684,cup,129.8428955078125,23.360918045043945,10.843255043029785,33.99995040893555,8.135015487670898
OSR136,Millet soup,55.993324279785156,8.220386505126953,11.262971878051758,12.56999397277832,2.8229727745056152,65.20613098144531,2.735832691192627,48.46653366088867,138.84532165527344,10918.8310546875,382.1819152832031,0.7017040252685547,3.7035436630249023,0.06268658488988876,1.8274486064910889,11.395862579345703,bowl,129.64413452148438,26.077722549438477,19.033071517944336,29.10393714904785,6.53617000579834
OSR137,Lemon coriander soup,108.06228637695312,10.31631851196289,2.2682912349700928,6.258704662322998,6.769292831420898,102.57109069824219,3.4687352180480957,54.515220642089844,62.71539306640625,219.17454528808594,368.8135070800781,0.7938015460968018,0.0,0.10526231676340103,17.68536949157715,25.656747817993164,bowl,52.52367401123047,1.1025029420852661,5.014246940612793,3.042043447494507,3.290214776992798
OSR138,Garlic soup,194.85838317871094,6.985138893127441,2.3835415840148926,17.61923599243164,1.6631944179534912,60.549827575683594,0.7290971875190735,18.08125114440918,56.66250228881836,179.2552032470703,247.4652862548828,0.34388887882232666,121.25000762939453,0.09416666626930237,7.721354007720947,15.174964904785156,bowl,280.5960693359375,3.432300090789795,10.058600425720215,25.371700286865234,2.3949999809265137
OSR139,Dal makhani,74.04019927978516,7.9594902992248535,3.3151679039001465,3.063302993774414,2.271136522293091,20.62122917175293,1.2257272005081177,27.392086029052734,58.3088493347168,41.8450927734375,199.3994140625,0.4794541597366333,30.84634780883789,0.05368738994002342,2.6000680923461914,21.271167755126953,bowl,261.62567138671875,11.71435260772705,28.125356674194336,10.824372291564941,8.025202751159668
OSR141,Dalma,118.9263687133789,15.042756080627441,4.908376216888428,4.58409309387207,2.159248113632202,54.280460357666016,2.095937490463257,43.24801254272461,85.4589614868164,49.353092193603516,390.3841247558594,0.7714482545852661,0.0,0.15292714536190033,13.888351440429688,52.093345642089844,bowl,313.7039794921875,12.947315216064453,39.679779052734375,12.091920852661133,5.695664882659912
OSR142,Split bengal gram dal (Channa dal),99.6711654663086,9.994173049926758,4.151535987854004,4.622377872467041,3.7171425819396973,21.98927879333496,1.9192348718643188,29.501964569091797,66.00711822509766,46.398902893066406,232.71661376953125,0.7695711255073547,31.95197868347168,0.06610698997974396,4.579668045043945,35.40693283081055,bowl,291.2042541503906,12.129334449768066,29.19947624206543,13.504969596862793,10.860189437866211
OSR143,Horsegram dal (Kulthi dal) ,55.64741134643555,8.206653594970703,2.9093685150146484,1.134617567062378,1.5217235088348389,38.218868255615234,1.302616834640503,23.014326095581055,42.1782112121582,63.62846755981445,173.06024169921875,0.3933120369911194,0.0,0.04801563173532486,3.873579263687134,23.862258911132812,bowl,200.7939453125,10.497946739196777,29.612272262573242,4.094069004058838,5.490872859954834
OSR144,Panchmel dal,111.22245025634766,10.708924293518066,4.625019073486328,5.355630397796631,3.1967275142669678,23.054397583007812,1.4192712306976318,32.4904670715332,72.53144836425781,79.46160125732422,269.921875,0.6579602956771851,44.43890380859375,0.07209163904190063,2.8214375972747803,26.45223045349121,bowl,334.60162353515625,13.913907051086426,32.21672821044922,16.11187744140625,9.617034912109375
OSR145,Dal dhokli,68.73714447021484,8.545230865478516,2.957137107849121,2.4705216884613037,1.8612905740737915,14.539630889892578,0.792149543762207,23.631423950195312,53.60103225708008,37.53384017944336,152.23455810546875,0.4521583914756775,0.0,0.04546567425131798,0.8225361108779907,13.459275245666504,bowl,231.4104766845703,9.955497741699219,28.768373489379883,8.31725788116455,6.266220569610596
OSR146,Gujarati handvo ,207.08944702148438,31.855331420898438,8.239668846130371,4.8008952140808105,4.954425811767578,68.209716796875,2.0290863513946533,47.324058532714844,151.07655334472656,308.5463562011719,411.1979675292969,1.2489830255508423,4.924057483673096,0.14947658777236938,4.505653381347656,53.70614242553711,cake,1442.543701171875,57.3958854675293,221.89785766601562,33.442073822021484,34.511539459228516
OSR147,Sev (Omapodi/Karapusa),609.1427612304688,12.869951248168945,5.116390705108643,60.076416015625,2.3469502925872803,13.948156356811523,0.7211318016052246,14.54886245727539,49.978755950927734,53.18865203857422,71.95581817626953,0.3446732461452484,0.0,0.10362663120031357,0.0012169891269877553,43.29389190673828,plate,834.2210083007812,7.00689697265625,17.625398635864258,82.27465057373047,3.2141482830047607
OSR148,Papdi,708.9610595703125,12.893328666687012,1.8294638395309448,72.11148071289062,0.5640878081321716,6.058294296264648,0.43718603253364563,6.627995491027832,20.10003662109375,28.909391403198242,31.056495666503906,0.16441886126995087,0.0,0.014940625987946987,0.023029865697026253,2.8867650032043457,plate,1231.376708984375,3.1775500774383545,22.394100189208984,125.2486343383789,0.9797500371932983
OSR151,Jowar dosa,294.3470153808594,40.53221130371094,8.503503799438477,10.27633285522461,5.561932563781738,19.458498001098633,2.0251686573028564,71.55902099609375,166.77764892578125,97.24539947509766,339.7718200683594,1.2733410596847534,0.0,0.15188591182231903,0.0,29.134294509887695,dosa,97.24771881103516,2.80942702293396,13.391219139099121,3.3951423168182373,1.837576985359192
OSR152,Bread roll,435.45611572265625,16.117511749267578,2.8546462059020996,40.24937438964844,1.446118712425232,44.82937240600586,0.7074344158172607,12.997833251953125,36.838287353515625,139.3428192138672,153.41683959960938,0.2873769700527191,0.0,0.048538077622652054,5.61358642578125,12.9662446975708,bread roll,526.9236450195312,3.4542646408081055,19.502994537353516,48.703758239746094,1.7498760223388672
OSR153,Soya seekh kebab,115.0494155883789,10.00042724609375,5.395382404327393,5.878253936767578,2.2374064922332764,15.670710563659668,1.2606687545776367,28.774677276611328,69.88738250732422,92.24635314941406,306.02215576171875,0.6119471192359924,0.0,0.1146203950047493,14.98409652709961,25.164527893066406,kabab,65.75074005126953,3.083461046218872,5.715244293212891,3.359422206878662,1.2786778211593628
OSR154,Classic seasoned black beans,28.77848243713379,7.656426429748535,8.007211685180664,8.283315658569336,3.5063984394073486,40.113624572753906,1.8999526500701904,23.45276641845703,58.855953216552734,7989.0732421875,201.48538208007812,0.22709259390830994,0.0,0.018749644979834557,4.844949245452881,2.6157665252685547,bowl,50.71248245239258,14.110042572021484,13.491899490356445,14.596583366394043,6.178858757019043
OSR155,Maa chaane ki dal,344.66571044921875,43.10886001586914,19.800254821777344,9.504158020019531,13.450533866882324,68.64928436279297,5.96530818939209,123.31688690185547,298.9305725097656,43.305477142333984,923.916748046875,3.0777103900909424,57.571693420410156,0.24358771741390228,1.7644402980804443,126.31639862060547,bowl,279.437744140625,16.053056716918945,34.95050811767578,7.705496311187744,10.905019760131836
OSR156,Garlic chickpea soup (Lahasun aur chane ka shoraba),89.53046417236328,13.917947769165039,4.4476823806762695,2.014414072036743,2.8396425247192383,13.928139686584473,0.9554418921470642,18.7890682220459,55.935359954833984,79.73258972167969,177.33114624023438,0.6052703857421875,0.0,0.1264514923095703,4.161911487579346,119.60360717773438,soup bowl,284.8934020996094,14.1528959274292,44.28807067871094,6.410033226013184,9.035979270935059
ASC071,White sauce (thin),115.16873931884766,6.578080654144287,3.312936544418335,8.407753944396973,0.07416506856679916,110.19501495361328,0.18575815856456757,8.556736946105957,93.10902404785156,23.912399291992188,111.3262939453125,0.3328598737716675,49.64683532714844,0.03900191932916641,1.851823329925537,6.913435459136963,,,,,,
ASC072,White sauce (medium),151.2744140625,7.977153301239014,3.358149528503418,11.762419700622559,0.13750889897346497,103.5288314819336,0.2162989377975464,8.793095588684082,90.16156768798828,22.590604782104492,108.18861389160156,0.3353025019168854,92.04981994628906,0.03814946487545967,1.7167259454727173,6.813879013061523,,,,,,
ASC073,White sauce (thick),209.69386291503906,10.240869522094727,3.4313042163848877,17.190311431884766,0.24000000953674316,92.74285888671875,0.26571428775787354,9.175527572631836,85.39254760742188,20.45192527770996,103.11180114746094,0.3392546474933624,160.65838623046875,0.03677018731832504,1.4981366395950317,6.65279483795166,,,,,,
ASC074,Cheese sauce,194.7616424560547,7.081819534301758,7.683526515960693,15.124773025512695,0.11798131465911865,255.137939453125,0.3117881715297699,14.325508117675781,293.0103454589844,317.3780822753906,130.21432495117188,1.0150654315948486,145.21121215820312,0.04895950108766556,1.2028659582138062,9.275264739990234,,,,,,
ASC075,Egg sauce,146.85301208496094,5.879554271697998,5.967252254486084,11.078859329223633,0.12417049705982208,89.49010467529297,0.6481443047523499,9.728813171386719,115.17481994628906,51.5356330871582,117.21573638916016,0.5725770592689514,119.77967071533203,0.07146229594945908,1.2659671306610107,17.976917266845703,,,,,,
ASC076,Mushroom sauce,137.56356811523438,7.312911510467529,3.3937973976135254,10.506138801574707,0.46674051880836487,94.09778594970703,0.22446203231811523,9.846076011657715,89.82357788085938,20.943544387817383,131.42721557617188,0.31699368357658386,81.85443115234375,0.047215189784765244,1.5265822410583496,6.976265907287598,,,,,,
ASC077,Mustard sauce,158.58372497558594,8.286389350891113,3.9789583683013916,12.174097061157227,0.1341666728258133,109.03334045410156,0.4419444501399994,14.898819923400879,92.34513854980469,22.163055419921875,128.40625,0.4851388931274414,89.8125,0.03722222149372101,1.6749999523162842,6.648263931274414,,,,,,
ASC078,Brown sauce,109.17575073242188,5.378172397613525,11.92262077331543,23.673311233520508,1.6895172595977783,40.4427604675293,2.4567930698394775,39.160308837890625,107.28276062011719,14174.5947265625,334.08966064453125,0.3954482674598694,0.0,0.005793103016912937,0.0,1.1767240762710571,,,,,,
ASC130,Classic italian pasta,42.119998931884766,4.4022040367126465,0.5723424553871155,2.453221082687378,1.3620562553405762,19.55312728881836,0.40774333477020264,9.206721305847168,13.829378128051758,49.03543472290039,105.01744842529297,0.11578579992055893,7.6426005363464355,0.045976266264915466,8.626171112060547,9.622057914733887,,,,,,
ASC131,Pasta spinach sauce,85.46442413330078,1.7601345777511597,1.7649435997009277,7.8962721824646,0.8597145080566406,58.573307037353516,1.230331540107727,32.15020751953125,45.40559387207031,115.78546905517578,251.0458526611328,0.3054686188697815,41.15549850463867,0.06937027722597122,12.782958030700684,53.745384216308594,,,,,,
ASC132,Pasta cheese sauce,149.26318359375,9.002586364746094,4.331730365753174,10.84160327911377,0.1378142088651657,152.68487548828125,0.24974499642848969,10.400728225708008,148.58834838867188,255.95095825195312,114.38615417480469,0.5370491743087769,92.9071044921875,0.040091075003147125,1.5409835577011108,7.426029205322266,,,,,,
ASC266,Mayonnaise,774.8582153320312,1.6493878364562988,1.8649659156799316,84.52489471435547,0.11278911679983139,15.363945007324219,0.5130952596664429,3.6919727325439453,61.35374069213867,272.8899230957031,23.472787857055664,0.2116326540708542,58.666664123535156,0.032482992857694626,0.0,12.264931678771973,,,,,,
ASC267,Low calorie quick mayonnaise,242.89141845703125,4.711345195770264,1.4058868885040283,24.350173950195312,0.0646393746137619,6.469785690307617,0.2544054687023163,2.546783685684204,19.643274307250977,165.94168090820312,19.664716720581055,0.15933723747730255,19.298246383666992,0.016120856627821922,0.0,4.9315595626831055,,,,,,
ASC268,Thousand island dressing,407.8734130859375,4.494444370269775,1.3655555248260498,42.86518478393555,0.45629629492759705,9.113333702087402,0.4507407248020172,6.670370578765869,17.11777687072754,946.0992431640625,97.94444274902344,0.1666666567325592,49.11111068725586,0.10518518835306168,11.828888893127441,13.535555839538574,,,,,,
ASC388,Curd dip,79.95415496826172,7.948309898376465,5.043828964233398,3.3587372303009033,0.10338085889816284,167.17108154296875,0.25032585859298706,18.061100006103516,145.60081481933594,301.0673828125,279.3992004394531,0.6237066984176636,27.046842575073242,0.1064562126994133,2.2484724521636963,16.337862014770508,,,,,,
ASC394,Short crust pastry,422.09527587890625,44.71599197387695,6.105966567993164,23.977088928222656,1.5809069871902466,16.90214729309082,1.0241050720214844,18.333173751831055,69.61575317382812,97.19713592529297,92.92840576171875,0.5348448753356934,274.3675231933594,0.045823387801647186,0.0,9.307875633239746,,,,,,
ASC406,Choux pastry,222.37022399902344,16.195444107055664,5.551392555236816,14.95645523071289,0.5589873194694519,19.427846908569336,0.8250632882118225,9.752405166625977,72.62025451660156,132.28152465820312,69.349365234375,0.5060759782791138,195.64556884765625,0.05670886114239693,0.0,15.777215003967285,,,,,,
ASC410,Flaky pastry,443.9402770996094,33.6063346862793,4.6877827644348145,31.986425399780273,1.2488688230514526,9.276018142700195,0.8339366316795349,14.230769157409668,49.778282165527344,178.52488708496094,67.37104034423828,0.39864253997802734,0.0,0.036199092864990234,0.0,7.352941036224365,,,,,,
ASC428,Sponge cake ,253.77114868164062,44.63233947753906,9.184377670288086,4.741591930389404,0.6865671873092651,30.223880767822266,1.4707462787628174,13.669154167175293,119.68159484863281,64.60696411132812,108.94527435302734,0.8562686443328857,98.50746154785156,0.09963183850049973,0.0,28.579601287841797,,,,,,
ASC434,Glace icing,323.5146179199219,86.31465911865234,0.005616438575088978,0.01027397345751524,0.0,1.954520583152771,0.4126027524471283,0.12191780656576157,0.9569863080978394,9.879589080810547,10.589040756225586,0.08328767120838165,0.0,0.0004109589208383113,0.6597260236740112,0.17027397453784943,,,,,,
ASC436,Royal icing,332.58343505859375,86.52952575683594,1.7395058870315552,0.018705882132053375,0.0,2.868046998977661,0.42494118213653564,1.988376498222351,3.4973647594451904,36.498939514160156,35.40470504760742,0.08861176669597626,0.0,0.0004752941313199699,0.5665882229804993,0.9398353099822998,,,,,,
ASC437,American frosting,257.5739440917969,67.47669219970703,1.05374014377594,0.00850107055157423,0.0,7.052419662475586,0.13570307195186615,2.4251391887664795,2.212319850921631,19.33051300048828,18.37044906616211,0.067437544465065,0.0,0.00010706638568080962,0.17187723517417908,0.5258458256721497,,,,,,
ASC438,Gum icing,223.07041931152344,53.1887321472168,5.943661689758301,0.0,0.0,18.619718551635742,0.40140846371650696,1.0563380718231201,2.760563373565674,29.323944091796875,6.070422649383545,0.06478872895240784,0.0,0.0,0.0,0.0,,,,,,
ASC475,Channa murmura premix,339.09222412109375,72.58899688720703,10.586999893188477,3.2760000228881836,8.211999893188477,21.362998962402344,4.576999664306641,45.2130012512207,106.4000015258789,206.28298950195312,344.29998779296875,1.0149999856948853,0.0,0.04899999871850014,0.0,0.0,,,,,,
ASC476,Cracked wheat and green gram dal premix (Dalia moong dal premix),362.1578063964844,64.74500274658203,15.890999794006348,5.1080002784729,11.661999702453613,49.0260009765625,4.28000020980835,50.70000076293945,122.29999542236328,3.249000072479248,321.5,0.8159999847412109,0.0,0.060999996960163116,0.0,27.509000778198242,,,,,,
ASC477,Rice flakes and roasted channa ,333.40399169921875,71.93799591064453,10.565999984741211,2.940000057220459,8.842000007629395,17.232999801635742,4.513999938964844,54.54399871826172,136.5,205.50599670410156,349.8999938964844,1.0429999828338623,0.0,0.014000000432133675,0.0,5.921999931335449,,,,,,
ASC479,Spinach soup in milk ,56.72266387939453,3.9766666889190674,2.886666774749756,3.200000047683716,0.7933333516120911,106.09666442871094,1.0833333730697632,34.51000213623047,75.23666381835938,31.156665802001953,285.0,0.3733333349227905,0.0,0.07666666805744171,11.433333396911621,52.02000045776367,,,,,,
ASC480,Vegetable soup,55.20608139038086,7.601568698883057,2.217254877090454,1.5501961708068848,3.013725519180298,18.096078872680664,0.6266666650772095,20.8450984954834,34.35097885131836,170.67843627929688,274.6941223144531,0.36274510622024536,15.027450561523438,0.10980392247438431,23.198040008544922,24.537254333496094,,,,,,
ASC481,Mashed banana with milk,95.43451690673828,14.622580528259277,2.5064516067504883,2.9935483932495117,0.7129032611846924,78.63548278808594,0.23225806653499603,15.154838562011719,69.05484008789062,16.99032211303711,191.1290283203125,0.264516144990921,0.0,0.19032257795333862,3.8967742919921875,10.319355010986328,,,,,,
ASC484,Poha with curd (Poha aur dahi),173.32456970214844,26.723424911499023,6.011369705200195,4.653630256652832,1.0943834781646729,140.9013671875,1.6080821752548218,36.71780776977539,172.39041137695312,325.0658264160156,249.9383544921875,0.9091780781745911,45.42465591430664,0.0748630166053772,0.6849315166473389,14.741506576538086,,,,,,
ASC485,Potato with curd,73.1800765991211,12.005975723266602,3.191235065460205,1.3326693773269653,1.0219123363494873,85.41036224365234,0.38167330622673035,22.25697135925293,93.6812744140625,190.9023895263672,435.21514892578125,0.4466135501861572,11.155378341674805,0.09960159659385681,14.233067512512207,16.44023895263672,,,,,,
ASC486,Sweet wheat porridge (Sweet dalia),140.66305541992188,23.767778396606445,5.114999771118164,2.793888807296753,2.365000009536743,99.1772232055664,1.9816666841506958,36.022220611572266,84.5794448852539,24.626667022705078,265.9444580078125,0.5105555653572083,0.0,0.13611111044883728,6.163332939147949,31.949443817138672,,,,,,
ASC487,Vegetable khichdi/khichri,143.16549682617188,19.57269287109375,5.610701084136963,4.525830268859863,2.4538745880126953,100.53874206542969,1.089298963546753,41.88117980957031,128.90589904785156,193.5542449951172,384.8671569824219,0.7365313768386841,45.68265914916992,0.1313653141260147,7.103321075439453,45.51365280151367,,,,,,
ASC489,Moong dal mixture,158.83575439453125,33.92567443847656,4.6208109855651855,1.002972960472107,1.8972972631454468,70.53189086914062,1.254054069519043,45.546485900878906,98.64702606201172,29.595945358276367,453.8648681640625,0.6043243408203125,6.054053783416748,0.09702702611684799,13.070270538330078,48.24188995361328,,,,,,
ASC490,Cracked wheat khichri/khichdi (Dalia khichri/khichdi),167.45303344726562,22.34886932373047,7.55656099319458,5.5158371925354,3.7447962760925293,123.0357437133789,2.1674208641052246,35.46742248535156,113.39592742919922,224.94525146484375,340.8551940917969,0.7524886727333069,56.01810073852539,0.09547511488199234,7.303167343139648,44.795475006103516,,,,,,
ASC492,Stewed apple,91.93085479736328,22.49142837524414,0.16571427881717682,0.36571428179740906,1.4799998998641968,9.24571418762207,0.17714285850524902,4.908571720123291,6.1085710525512695,1.531428575515747,67.0,0.0657142847776413,0.0,0.022857142612338066,2.0399999618530273,1.73714280128479,,,,,,
ASC493,Lemon squash (Nimbu ka squash),184.55859375,48.87726974487305,0.15379883348941803,0.06151953339576721,0.0,9.846200942993164,0.18465088307857513,2.7917563915252686,3.5376806259155273,15.01076602935791,30.01814842224121,0.07693017274141312,0.0,0.015379883348941803,10.458320617675781,2.153183698654175,,,,,,
ASC494,Orange squash (Santre ka squash),193.25868225097656,50.88280487060547,0.21531836688518524,0.03998769447207451,0.3968009650707245,10.621347427368164,0.34152570366859436,4.3451247215271,4.429713726043701,14.847739219665527,52.78037643432617,0.05847431719303131,0.0,0.012303906492888927,13.140572547912598,5.985850811004639,,,,,,
ASC495,Lichi squash,198.33128356933594,51.956321716308594,0.30452167987823486,0.07997538894414902,0.4121808409690857,6.391879558563232,0.33537372946739197,5.430944442749023,7.634881496429443,14.561673164367676,51.857582092285156,0.11999385058879852,0.0,0.021531835198402405,10.402953147888184,4.826207160949707,,,,,,
ASC496,Mango squash (Aam ka squash),194.65548706054688,50.9627799987793,0.16610273718833923,0.16917870938777924,0.5782836079597473,9.467856407165527,0.24924638867378235,5.0525994300842285,3.8668100833892822,14.807751655578613,46.628421783447266,0.08308213204145432,0.0,0.036911722272634506,10.141495704650879,25.238388061523438,,,,,,
ASC497,Pineapple squash (Ananas ka squash),195.0230712890625,51.344200134277344,0.15995077788829803,0.04921562597155571,1.0642879009246826,7.963703632354736,0.17849892377853394,4.846508979797363,4.632728576660156,14.835434913635254,46.320823669433594,0.07693017274141312,0.0,0.03998769447207451,11.18732738494873,5.601353645324707,,,,,,
ASC498,Lemon and ginger squash (Nimbu aur adrak ka squash),170.3428955078125,44.06078338623047,0.5438368916511536,0.20993702113628387,1.0716785192489624,11.175647735595703,0.5199339985847473,12.95091438293457,11.268918991088867,16.191143035888672,101.39627838134766,0.1379886120557785,0.0,0.04998500272631645,7.8836350440979,3.5629310607910156,,,,,,
ASC499,Apple jam (Seb ka murabba),188.7895050048828,48.55500030517578,0.14499999582767487,0.3199999928474426,1.2949999570846558,10.84000015258789,0.20999999344348907,4.84499979019165,5.619999885559082,2.7149999141693115,60.0,0.08500000089406967,0.0,0.019999999552965164,1.784999966621399,1.5199999809265137,,,,,,
ASC500,Plum jam (Aloo bukhara jam),178.8855743408203,46.20192337036133,0.3076923191547394,0.19230769574642181,0.995192289352417,7.504807472229004,0.19711539149284363,4.51442289352417,7.033653736114502,2.668269157409668,79.80769348144531,0.08653846383094788,0.0,0.024038461968302727,1.0865384340286255,6.870192527770996,,,,,,
ASC501,Pineapple jam ,149.1791534423828,38.26698303222656,0.3216981291770935,0.15094339847564697,2.2028303146362305,10.467924118041992,0.24339622259140015,8.544339179992676,8.962264060974121,2.4537734985351562,93.39622497558594,0.09528301656246185,0.0,0.07735849171876907,20.923583984375,10.594339370727539,,,,,,
ASC502,Guava jelly (Amrood ki jelly),115.7423095703125,28.176923751831055,1.1076922416687012,0.2461538463830948,6.607692241668701,16.55384635925293,0.29230770468711853,12.200000762939453,18.33846092224121,3.3615384101867676,218.84616088867188,0.20000000298023224,0.0,0.08461538702249527,164.61538696289062,22.89230728149414,,,,,,
ASC503,Orange marmalade (Santray ka murabba),104.16790771484375,25.942712783813477,0.6608833074569702,0.1293690800666809,1.9669716358184814,17.5919246673584,0.6327129602432251,9.86829662322998,11.99022102355957,2.3147950172424316,148.921142578125,0.07533123344182968,0.0,0.04126182943582535,56.2468147277832,17.076404571533203,,,,,,
ASC504,Carrot murabba (Gajar ka murabba),175.24032592773438,45.599998474121094,0.3166666626930237,0.15666666626930237,1.3933333158493042,15.863332748413086,0.28333333134651184,6.410000324249268,14.770000457763672,19.52666664123535,93.08333587646484,0.125,0.0,0.03666666895151138,2.073333263397217,8.013333320617676,,,,,,
ASC505,Gooseberry marmalade (Amla murabba),123.1607666015625,32.34332275390625,0.13623978197574615,0.0272479560226202,0.0,16.403268814086914,0.3831062614917755,0.9591280817985535,5.72752046585083,216.89373779296875,64.51770782470703,0.02779291570186615,0.0,0.0,0.0,0.0,,,,,,
ASC506,Ginger candy (Adrak ki candy),195.70938110351562,50.381248474121094,0.6937500238418579,0.265625,1.6749999523162842,10.431249618530273,0.684374988079071,17.987499237060547,14.315625190734863,5.400000095367432,129.453125,0.16718751192092896,0.0,0.0625,1.696874976158142,3.3812499046325684,,,,,,
ASC507,Mango pickle (Aam ka achaar),192.11915588378906,8.114914894104004,1.5958982706069946,17.888084411621094,3.676610231399536,48.966102600097656,1.4430508613586426,32.75423812866211,34.14915084838867,3429.93896484375,206.91525268554688,0.29915255308151245,0.0,0.14144067466259003,61.198307037353516,19.037965774536133,,,,,,
ASC509,Mixed vegetable pickle (Sabziyoon ka achaar),211.2047119140625,7.483425140380859,1.8994140625,19.682106018066406,2.7636446952819824,42.81021499633789,2.1200695037841797,33.007564544677734,47.444496154785156,2488.32080078125,283.15155029296875,0.35700151324272156,0.0,0.13899792730808258,30.373319625854492,15.90575122833252,,,,,,
ASC511,Sweet lemon pickle (Neembu ka meetha achaar),69.54161071777344,16.8696346282959,1.220234990119934,0.20840078592300415,2.1344974040985107,42.567230224609375,1.0209465026855469,21.97806739807129,10.680280685424805,6415.90234375,148.64817810058594,0.1284007877111435,0.0,0.039719320833683014,22.19321060180664,5.179301738739014,,,,,,
ASC512,Plum chutney (Aloo bukhara ki chutney),177.1083221435547,44.95407485961914,0.46561577916145325,0.28589901328086853,1.368325114250183,12.384236335754395,0.3428201973438263,7.310344696044922,10.417611122131348,216.81353759765625,101.56404113769531,0.1299014836549759,0.0,0.035726599395275116,1.123152732849121,7.255603313446045,,,,,,
ASC513,Raw mango chutney (Kachhe aam/Kairi ki chutney),193.1336212158203,49.940528869628906,0.5147537589073181,0.15571090579032898,2.1696717739105225,25.92348289489746,0.4841318726539612,14.099610328674316,11.256747245788574,480.6783447265625,105.50653839111328,0.1354869157075882,0.0,0.08540622889995575,50.23094177246094,14.683486938476562,,,,,,
ASC514,Tomato sauce,34.327598571777344,7.233640193939209,0.8106241226196289,0.27367115020751953,1.7875062227249146,12.995020866394043,0.3114844560623169,13.257033348083496,16.48204803466797,174.79200744628906,168.40785217285156,0.13467687368392944,0.0,0.08182495832443237,23.164894104003906,15.268315315246582,,,,,,
ASC515,Tomato puree,20.624134063720703,3.6844708919525146,0.7517309784889221,0.24727992713451385,1.5628091096878052,8.911968231201172,0.22037586569786072,12.191888809204102,15.292778968811035,244.9901123046875,165.73590087890625,0.10989119857549667,0.0,0.07912957668304443,24.995054244995117,15.242334365844727,,,,,,
BFP001,Garam masala,254.2149200439453,26.19553565979004,9.887499809265137,10.972321510314941,35.56428527832031,609.7678833007812,14.508393287658691,318.3928527832031,228.0267791748047,58.33035659790039,1501.8035888671875,3.3651785850524902,0.0,0.1733928620815277,9.0,20.675891876220703,,,,,,
BFP002,Chat masala,222.5819091796875,23.86600112915039,8.190000534057617,9.913000106811523,18.621000289916992,519.5,13.271000862121582,247.90000915527344,221.15000915527344,11873.640625,1051.1500244140625,2.491999864578247,0.0,0.1599999964237213,6.5,13.322999954223633,,,,,,
BFP003,Kashmiri masala,389.0205993652344,23.160572052001953,8.25822925567627,31.0297908782959,12.120207786560059,303.4921875,14.716927528381348,183.44479370117188,199.1824951171875,3106.137939453125,1020.75,2.0978646278381348,0.0,0.16187499463558197,2.015625,16.742395401000977,,,,,,
BFP004,Rasam powder (Rasam masala),267.96087646484375,25.18659782409668,12.037423133850098,11.802268028259277,35.709381103515625,562.1489868164062,14.716597557067871,288.9463806152344,269.7750549316406,38.77865982055664,1524.8968505859375,3.0903093814849854,0.0,0.16329896450042725,11.649484634399414,33.08515548706055,,,,,,
BFP005,Sambar powder (Sambar masala),297.4648742675781,23.37696075439453,12.496862411499023,15.577156066894531,34.55549240112305,439.95196533203125,12.626078605651855,247.03726196289062,262.7272644042969,27.664020538330078,1350.049072265625,3.0040197372436523,0.0,0.16656862199306488,10.29411792755127,48.872154235839844,,,,,,
BFP095,Tartare sauce,610.9349975585938,2.9600000381469727,1.435882329940796,66.11764526367188,0.4158823490142822,21.058822631835938,0.5635294318199158,4.834117889404297,9.621176719665527,256.9458923339844,33.29411697387695,0.18294118344783783,68.82353210449219,0.09194117784500122,8.076470375061035,20.882352828979492,,,,,,
BFP096,Barbeque sauce,121.93416595458984,20.462318420410156,0.957167387008667,4.513476371765137,0.6895279288291931,28.609012603759766,1.1528326272964478,16.698713302612305,17.575965881347656,504.953125,186.46351623535156,0.1602575033903122,0.0,0.028197424486279488,5.754076957702637,5.057038307189941,,,,,,
BFP097,Bread sauce,111.0420150756836,8.692389488220215,3.460142135620117,7.050684452056885,0.5615115165710449,110.72019958496094,0.3141041100025177,11.067402839660645,88.41587829589844,88.84417724609375,122.7649917602539,0.3550153970718384,38.13289260864258,0.04581519961357117,2.13273549079895,10.320441246032715,,,,,,
BFP163,Green chilli sauce,46.05666732788086,7.364814758300781,1.2481482028961182,0.2666666507720947,1.7666666507720947,9.88888931274414,0.6425925493240356,16.540740966796875,26.707406997680664,1037.0369873046875,155.75926208496094,0.168518528342247,0.0,0.10370370745658875,34.84074020385742,8.574074745178223,,,,,,
BFP164,Home made plain noodles,238.7798614501953,44.50380325317383,6.207882404327393,3.5636091232299805,1.6538373231887817,12.270109176635742,1.0744411945343018,18.740262985229492,65.91841888427734,182.07052612304688,89.0942611694336,0.5277714133262634,0.0,0.047937314957380295,0.0,9.737266540527344,,,,,,
BFP166,Dal moong,43.686439514160156,4.920639514923096,2.2027125358581543,1.6174625158309937,1.0771321058273315,7.692691326141357,0.5218356251716614,16.62041473388672,39.19766616821289,117.73897552490234,130.12710571289062,0.24617069959640503,13.292963981628418,0.02617272175848484,1.0299948453903198,8.587525367736816,,,,,,
BFP167,Cumin seeds baghar (Jeera baghar/tadka),736.8055419921875,5.218461513519287,3.336153984069824,78.76769256591797,6.007692337036133,177.76922607421875,5.085384368896484,86.42308044433594,85.30769348144531,177.57691955566406,420.923095703125,0.9715384840965271,709.2307739257812,0.14076922833919525,1.2692307233810425,5.3523077964782715,,,,,,
BFP168,Onion tomato baghar (Pyaaz tamatar ka tadka),137.5240936279297,6.172307014465332,1.259573221206665,11.977766036987305,2.1191818714141846,20.450830459594727,0.6255394816398621,16.744882583618164,26.940235137939453,31.333293914794922,174.16339111328125,0.26383447647094727,109.31941986083984,0.09942138940095901,15.892741203308105,20.195755004882812,,,,,,
BFP169,Mustard seeds baghar (Mustard seed tadka),552.5924072265625,10.445137977600098,4.730339527130127,54.29782485961914,9.742091178894043,182.93165588378906,4.135519981384277,91.76963806152344,89.96549224853516,8.897452354431152,553.4129638671875,0.7037898302078247,489.38427734375,0.2029087096452713,1.2823779582977295,37.883758544921875,,,,,,
BFP360,Hot cherry sauce,252.74057006835938,67.94575500488281,0.13233959674835205,0.07128969579935074,0.0,24.819183349609375,0.4541153609752655,6.697990894317627,9.976020812988281,105.80817413330078,39.975372314453125,0.04296824336051941,0.0,0.008165910840034485,3.121192455291748,0.8703823685646057,,,,,,
BFP583,Apple jelly (Seb ki jelly),152.12632751464844,39.369998931884766,0.09666667133569717,0.2133333384990692,0.8633333444595337,7.893333435058594,0.15333333611488342,3.3633334636688232,3.81333327293396,2.1433334350585938,40.33333206176758,0.06333333253860474,0.0,0.013333333656191826,1.190000057220459,1.0133333206176758,,,,,,
BFP585,Marmalade (Murabba),143.76133728027344,37.63999938964844,0.23333333432674408,0.04333333298563957,0.429999977350235,9.84000015258789,0.33666667342185974,4.349999904632568,4.633333206176758,2.1566667556762695,56.33333206176758,0.046666666865348816,0.0,0.013333333656191826,14.24000072479248,6.486666679382324,,,,,,
BFP589,Plum squash (Aloo bukhara squash),211.16770935058594,55.51112365722656,0.15996001660823822,0.09997500479221344,0.5173707008361816,6.903274059295654,0.16253437101840973,2.9657585620880127,3.956760883331299,12.709322929382324,43.011497497558594,0.07500624656677246,0.0,0.01249687559902668,0.5648587942123413,3.5716068744659424,,,,,,
BFP595,Lemon green chilli pickle (Nimboo aur hari mirch ka achaar),14.074198722839355,2.1417949199676514,0.8513461351394653,0.24358974397182465,1.0695513486862183,20.052885055541992,0.546089768409729,23.190704345703125,14.761218070983887,7559.375,138.0,0.12660256028175354,0.0,0.07692307978868484,36.87019348144531,7.932692527770996,,,,,,
BFP597,Brinjal pickle (Baingan ka achaar),139.00650024414062,4.229420185089111,2.2393479347229004,12.977826118469238,4.616231918334961,37.28260803222656,2.160797119140625,40.355072021484375,62.10869598388672,3507.5947265625,305.86956787109375,0.45775362849235535,0.0,0.10789854824542999,1.5362318754196167,28.93463706970215,,,,,,
BFP598,Sweet and sour tomato pickle (Khatta meetha tamatar ka achaar),60.87690734863281,6.554004192352295,1.257986068725586,3.238919734954834,2.195364475250244,15.175610542297363,0.5369987487792969,21.26199722290039,29.37371063232422,1281.938232421875,203.12477111816406,0.2004116028547287,0.0,0.09690939635038376,20.928112030029297,16.336212158203125,,,,,,
BFP599,Jhatpat achar with carrot (Jhatpat achaar gajar ke saath),91.21414947509766,6.324066162109375,1.9809129238128662,6.548755168914795,5.075103759765625,54.30705261230469,2.315767765045166,36.57261276245117,76.15767669677734,2067.3349609375,341.4024963378906,0.5058091282844543,0.0,0.13879668712615967,5.1784234046936035,24.63941764831543,,,,,,
BFP601,Tomato chutney (Tamatar ki chutney),176.06993103027344,31.845258712768555,0.9701142907142639,6.009744167327881,1.4896570444107056,25.335710525512695,0.9601415395736694,17.515296936035156,21.466957092285156,823.6464233398438,157.35220336914062,0.2277953177690506,0.0,0.07931409776210785,14.293739318847656,10.871420860290527,,,,,,
BFP602,Tomato ketchup,33.068580627441406,6.4782514572143555,0.9050446152687073,0.3000456988811493,1.8968619108200073,15.331828117370605,0.36452338099479675,14.663447380065918,18.37320899963379,177.96897888183594,172.5692596435547,0.15536241233348846,0.0,0.0826396718621254,21.636396408081055,15.847676277160645,,,,,,
OSR082,Bengal 5 Spice Blend (Panch Phoran),289.794189453125,19.99799919128418,18.260000228881836,22.1560001373291,18.399999618530273,523.0,13.368000030517578,253.0,408.3999938964844,51.433998107910156,1026.199951171875,3.1640000343322754,0.0,0.2800000011920929,1.600000023841858,34.75600051879883,,,,,,
